[Licensing::Module] Trying to connect to existing licensing client channel...
[Licensing::IpcConnector] Connection attempt to the License Client on channel: "LicenseClient-mydoa" failed because channel doesn't exist; code: "0x80000002"
[Licensing::Module] Successfully launched the LicensingClient (PId: 31104)
[Licensing::IpcConnector] Successfully connected to the License Client on channel: "LicenseClient-mydoa"
[Licensing::Client] Handshaking with LicensingClient:
  Version:                 1.11.2+7dda6f0
  Session Id:              e31eb74f1ccc48dfa62f3807cbf43b7a
  Correlation Id:          1409d3162c577e40ee54f03cc3b7a0de
  External correlation Id: 1269151313836756072
  Machine Id:              G1QNm9nKac4AbIYcZiW6uVKFPhE=
[Licensing::Module] Successfully connected to LicensingClient on channel: "LicenseClient-mydoa" (connect: 0.90s, validation: 0.06s, handshake: 2.71s)
[Licensing::IpcConnector] Successfully connected to the License Notification on channel: "LicenseClient-mydoa-notifications"
[Licensing::Module] Connected to LicensingClient (PId: 31104, launch time: 0.01, total connection time: 3.67s)
[Licensing::Module] Error: Access token is unavailable; failed to update
[Licensing::Client] Error: Code 500 while processing request (status: Unable to update licenses. Errors: No ULF license found.,Token not found in cache)
[Licensing::Client] Error: Code 500 while updating license in client (status: Unable to update licenses. Errors: No ULF license found.,Token not found in cache)
Built from '2022.2/staging' branch; Version is '2022.2.4f1 (8216e0211249) revision 8525536'; Using compiler version '192829333'; Build Type 'Release'
OS: 'Windows 11  (10.0.26200) 64bit Professional' Language: 'en' Physical Memory: 32126 MB
[Licensing::Client] Successfully resolved entitlements
[Licensing::Module] Serial number assigned to: "20067472269934-UnityPersXXXX"
BatchMode: 1, IsHumanControllingUs: 0, StartBugReporterOnCrash: 0, Is64bit: 1, IsPro: 0

COMMAND LINE ARGUMENTS:
C:\Program Files\Unity\Hub\Editor\2022.2.4f1\Editor\Unity.exe
-quit
-batchmode
-nographics
-projectPath
C:\Users\mydoa\Downloads\ADHDScreening\GamifyingADHDScreening
-executeMethod
WebGLBuildWithReport.BuildWebGL
-logFile
C:\Users\mydoa\Downloads\ADHDScreening\GamifyingADHDScreening\webgl_build.log
Successfully changed project path to: C:\Users\mydoa\Downloads\ADHDScreening\GamifyingADHDScreening
C:/Users/mydoa/Downloads/ADHDScreening/GamifyingADHDScreening
[UnityMemory] Configuration Parameters - Can be set up in boot.config
    "memorysetup-bucket-allocator-granularity=16"
    "memorysetup-bucket-allocator-bucket-count=8"
    "memorysetup-bucket-allocator-block-size=33554432"
    "memorysetup-bucket-allocator-block-count=8"
    "memorysetup-main-allocator-block-size=16777216"
    "memorysetup-thread-allocator-block-size=16777216"
    "memorysetup-gfx-main-allocator-block-size=16777216"
    "memorysetup-gfx-thread-allocator-block-size=16777216"
    "memorysetup-cache-allocator-block-size=4194304"
    "memorysetup-typetree-allocator-block-size=2097152"
    "memorysetup-profiler-bucket-allocator-granularity=16"
    "memorysetup-profiler-bucket-allocator-bucket-count=8"
    "memorysetup-profiler-bucket-allocator-block-size=33554432"
    "memorysetup-profiler-bucket-allocator-block-count=8"
    "memorysetup-profiler-allocator-block-size=16777216"
    "memorysetup-profiler-editor-allocator-block-size=1048576"
    "memorysetup-temp-allocator-size-main=16777216"
    "memorysetup-job-temp-allocator-block-size=2097152"
    "memorysetup-job-temp-allocator-block-size-background=1048576"
    "memorysetup-job-temp-allocator-reduction-small-platforms=262144"
    "memorysetup-temp-allocator-size-background-worker=32768"
    "memorysetup-temp-allocator-size-job-worker=262144"
    "memorysetup-temp-allocator-size-preload-manager=33554432"
    "memorysetup-temp-allocator-size-nav-mesh-worker=65536"
    "memorysetup-temp-allocator-size-audio-worker=65536"
    "memorysetup-temp-allocator-size-cloud-worker=32768"
    "memorysetup-temp-allocator-size-gi-baking-worker=262144"
    "memorysetup-temp-allocator-size-gfx=262144"
Player connection [3148] Host "[IP] 26.145.164.180 [Port] 55496 [Flags] 2 [Guid] 2815169303 [EditorId] 2815169303 [Version] 1048832 [Id] WindowsEditor(7,Hami) [Debug] 1 [PackageName] WindowsEditor [ProjectName] Editor" joined multi-casting on [225.0.0.222:54997]...

Player connection [3148] Host "[IP] 26.145.164.180 [Port] 55496 [Flags] 2 [Guid] 2815169303 [EditorId] 2815169303 [Version] 1048832 [Id] WindowsEditor(7,Hami) [Debug] 1 [PackageName] WindowsEditor [ProjectName] Editor" joined alternative multi-casting on [225.0.0.222:34997]...

[Package Manager] UpmClient::Connect -- Connected to IPC stream "Upm-28556" after 0.6 seconds.
[Licensing::Client] Successfully resolved entitlements
[Package Manager] Restoring resolved packages state from cache
[Licensing::Client] Successfully resolved entitlement details
[Package Manager] Registered 65 packages:
  Packages from [https://packages.unity.com]:
    com.unity.ai.navigation@1.1.1 (location: C:\Users\mydoa\Downloads\ADHDScreening\GamifyingADHDScreening\Library\PackageCache\com.unity.ai.navigation@1.1.1)
    com.unity.animation.rigging@1.2.1 (location: C:\Users\mydoa\Downloads\ADHDScreening\GamifyingADHDScreening\Library\PackageCache\com.unity.animation.rigging@1.2.1)
    com.unity.cinemachine@2.9.7 (location: C:\Users\mydoa\Downloads\ADHDScreening\GamifyingADHDScreening\Library\PackageCache\com.unity.cinemachine@2.9.7)
    com.unity.collab-proxy@2.0.0 (location: C:\Users\mydoa\Downloads\ADHDScreening\GamifyingADHDScreening\Library\PackageCache\com.unity.collab-proxy@2.0.0)
    com.unity.connect.share@4.2.4 (location: C:\Users\mydoa\Downloads\ADHDScreening\GamifyingADHDScreening\Library\PackageCache\com.unity.connect.share@4.2.4)
    com.unity.device-simulator.devices@1.0.1 (location: C:\Users\mydoa\Downloads\ADHDScreening\GamifyingADHDScreening\Library\PackageCache\com.unity.device-simulator.devices@1.0.1)
    com.unity.ext.nunit@1.0.6 (location: C:\Users\mydoa\Downloads\ADHDScreening\GamifyingADHDScreening\Library\PackageCache\com.unity.ext.nunit@1.0.6)
    com.unity.ide.rider@3.0.18 (location: C:\Users\mydoa\Downloads\ADHDScreening\GamifyingADHDScreening\Library\PackageCache\com.unity.ide.rider@3.0.18)
    com.unity.ide.visualstudio@2.0.17 (location: C:\Users\mydoa\Downloads\ADHDScreening\GamifyingADHDScreening\Library\PackageCache\com.unity.ide.visualstudio@2.0.17)
    com.unity.polybrush@1.1.3 (location: C:\Users\mydoa\Downloads\ADHDScreening\GamifyingADHDScreening\Library\PackageCache\com.unity.polybrush@1.1.3)
    com.unity.postprocessing@3.2.2 (location: C:\Users\mydoa\Downloads\ADHDScreening\GamifyingADHDScreening\Library\PackageCache\com.unity.postprocessing@3.2.2)
    com.unity.probuilder@5.0.6 (location: C:\Users\mydoa\Downloads\ADHDScreening\GamifyingADHDScreening\Library\PackageCache\com.unity.probuilder@5.0.6)
    com.unity.test-framework@1.1.33 (location: C:\Users\mydoa\Downloads\ADHDScreening\GamifyingADHDScreening\Library\PackageCache\com.unity.test-framework@1.1.33)
    com.unity.textmeshpro@3.0.6 (location: C:\Users\mydoa\Downloads\ADHDScreening\GamifyingADHDScreening\Library\PackageCache\com.unity.textmeshpro@3.0.6)
    com.unity.timeline@1.7.2 (location: C:\Users\mydoa\Downloads\ADHDScreening\GamifyingADHDScreening\Library\PackageCache\com.unity.timeline@1.7.2)
    com.unity.xr.interaction.toolkit@2.2.0 (location: C:\Users\mydoa\Downloads\ADHDScreening\GamifyingADHDScreening\Library\PackageCache\com.unity.xr.interaction.toolkit@2.2.0)
    com.unity.xr.openxr@1.6.0 (location: C:\Users\mydoa\Downloads\ADHDScreening\GamifyingADHDScreening\Library\PackageCache\com.unity.xr.openxr@1.6.0)
    com.unity.xr.management@4.4.0 (location: C:\Users\mydoa\Downloads\ADHDScreening\GamifyingADHDScreening\Library\PackageCache\com.unity.xr.management@4.4.0)
    com.unity.xr.arfoundation@5.1.3 (location: C:\Users\mydoa\Downloads\ADHDScreening\GamifyingADHDScreening\Library\PackageCache\com.unity.xr.arfoundation@5.1.3)
    com.unity.inputsystem@1.4.4 (location: C:\Users\mydoa\Downloads\ADHDScreening\GamifyingADHDScreening\Library\PackageCache\com.unity.inputsystem@1.4.4)
    com.unity.xr.legacyinputhelpers@2.1.10 (location: C:\Users\mydoa\Downloads\ADHDScreening\GamifyingADHDScreening\Library\PackageCache\com.unity.xr.legacyinputhelpers@2.1.10)
    com.unity.mathematics@1.2.6 (location: C:\Users\mydoa\Downloads\ADHDScreening\GamifyingADHDScreening\Library\PackageCache\com.unity.mathematics@1.2.6)
    com.unity.burst@1.8.2 (location: C:\Users\mydoa\Downloads\ADHDScreening\GamifyingADHDScreening\Library\PackageCache\com.unity.burst@1.8.2)
    com.unity.settings-manager@2.0.1 (location: C:\Users\mydoa\Downloads\ADHDScreening\GamifyingADHDScreening\Library\PackageCache\com.unity.settings-manager@2.0.1)
    com.unity.editorcoroutines@1.0.0 (location: C:\Users\mydoa\Downloads\ADHDScreening\GamifyingADHDScreening\Library\PackageCache\com.unity.editorcoroutines@1.0.0)
    com.unity.xr.core-utils@2.2.1 (location: C:\Users\mydoa\Downloads\ADHDScreening\GamifyingADHDScreening\Library\PackageCache\com.unity.xr.core-utils@2.2.1)
    com.unity.searcher@4.9.2 (location: C:\Users\mydoa\Downloads\ADHDScreening\GamifyingADHDScreening\Library\PackageCache\com.unity.searcher@4.9.2)
  Built-in packages:
    com.unity.render-pipelines.universal@14.0.5 (location: C:\Users\mydoa\Downloads\ADHDScreening\GamifyingADHDScreening\Library\PackageCache\com.unity.render-pipelines.universal@14.0.5)
    com.unity.ugui@1.0.0 (location: C:\Users\mydoa\Downloads\ADHDScreening\GamifyingADHDScreening\Library\PackageCache\com.unity.ugui@1.0.0)
    com.unity.modules.ai@1.0.0 (location: C:\Users\mydoa\Downloads\ADHDScreening\GamifyingADHDScreening\Library\PackageCache\com.unity.modules.ai@1.0.0)
    com.unity.modules.androidjni@1.0.0 (location: C:\Users\mydoa\Downloads\ADHDScreening\GamifyingADHDScreening\Library\PackageCache\com.unity.modules.androidjni@1.0.0)
    com.unity.modules.animation@1.0.0 (location: C:\Users\mydoa\Downloads\ADHDScreening\GamifyingADHDScreening\Library\PackageCache\com.unity.modules.animation@1.0.0)
    com.unity.modules.assetbundle@1.0.0 (location: C:\Users\mydoa\Downloads\ADHDScreening\GamifyingADHDScreening\Library\PackageCache\com.unity.modules.assetbundle@1.0.0)
    com.unity.modules.audio@1.0.0 (location: C:\Users\mydoa\Downloads\ADHDScreening\GamifyingADHDScreening\Library\PackageCache\com.unity.modules.audio@1.0.0)
    com.unity.modules.cloth@1.0.0 (location: C:\Users\mydoa\Downloads\ADHDScreening\GamifyingADHDScreening\Library\PackageCache\com.unity.modules.cloth@1.0.0)
    com.unity.modules.director@1.0.0 (location: C:\Users\mydoa\Downloads\ADHDScreening\GamifyingADHDScreening\Library\PackageCache\com.unity.modules.director@1.0.0)
    com.unity.modules.imageconversion@1.0.0 (location: C:\Users\mydoa\Downloads\ADHDScreening\GamifyingADHDScreening\Library\PackageCache\com.unity.modules.imageconversion@1.0.0)
    com.unity.modules.imgui@1.0.0 (location: C:\Users\mydoa\Downloads\ADHDScreening\GamifyingADHDScreening\Library\PackageCache\com.unity.modules.imgui@1.0.0)
    com.unity.modules.jsonserialize@1.0.0 (location: C:\Users\mydoa\Downloads\ADHDScreening\GamifyingADHDScreening\Library\PackageCache\com.unity.modules.jsonserialize@1.0.0)
    com.unity.modules.particlesystem@1.0.0 (location: C:\Users\mydoa\Downloads\ADHDScreening\GamifyingADHDScreening\Library\PackageCache\com.unity.modules.particlesystem@1.0.0)
    com.unity.modules.physics@1.0.0 (location: C:\Users\mydoa\Downloads\ADHDScreening\GamifyingADHDScreening\Library\PackageCache\com.unity.modules.physics@1.0.0)
    com.unity.modules.physics2d@1.0.0 (location: C:\Users\mydoa\Downloads\ADHDScreening\GamifyingADHDScreening\Library\PackageCache\com.unity.modules.physics2d@1.0.0)
    com.unity.modules.screencapture@1.0.0 (location: C:\Users\mydoa\Downloads\ADHDScreening\GamifyingADHDScreening\Library\PackageCache\com.unity.modules.screencapture@1.0.0)
    com.unity.modules.terrain@1.0.0 (location: C:\Users\mydoa\Downloads\ADHDScreening\GamifyingADHDScreening\Library\PackageCache\com.unity.modules.terrain@1.0.0)
    com.unity.modules.terrainphysics@1.0.0 (location: C:\Users\mydoa\Downloads\ADHDScreening\GamifyingADHDScreening\Library\PackageCache\com.unity.modules.terrainphysics@1.0.0)
    com.unity.modules.tilemap@1.0.0 (location: C:\Users\mydoa\Downloads\ADHDScreening\GamifyingADHDScreening\Library\PackageCache\com.unity.modules.tilemap@1.0.0)
    com.unity.modules.ui@1.0.0 (location: C:\Users\mydoa\Downloads\ADHDScreening\GamifyingADHDScreening\Library\PackageCache\com.unity.modules.ui@1.0.0)
    com.unity.modules.uielements@1.0.0 (location: C:\Users\mydoa\Downloads\ADHDScreening\GamifyingADHDScreening\Library\PackageCache\com.unity.modules.uielements@1.0.0)
    com.unity.modules.umbra@1.0.0 (location: C:\Users\mydoa\Downloads\ADHDScreening\GamifyingADHDScreening\Library\PackageCache\com.unity.modules.umbra@1.0.0)
    com.unity.modules.unityanalytics@1.0.0 (location: C:\Users\mydoa\Downloads\ADHDScreening\GamifyingADHDScreening\Library\PackageCache\com.unity.modules.unityanalytics@1.0.0)
    com.unity.modules.unitywebrequest@1.0.0 (location: C:\Users\mydoa\Downloads\ADHDScreening\GamifyingADHDScreening\Library\PackageCache\com.unity.modules.unitywebrequest@1.0.0)
    com.unity.modules.unitywebrequestassetbundle@1.0.0 (location: C:\Users\mydoa\Downloads\ADHDScreening\GamifyingADHDScreening\Library\PackageCache\com.unity.modules.unitywebrequestassetbundle@1.0.0)
    com.unity.modules.unitywebrequestaudio@1.0.0 (location: C:\Users\mydoa\Downloads\ADHDScreening\GamifyingADHDScreening\Library\PackageCache\com.unity.modules.unitywebrequestaudio@1.0.0)
    com.unity.modules.unitywebrequesttexture@1.0.0 (location: C:\Users\mydoa\Downloads\ADHDScreening\GamifyingADHDScreening\Library\PackageCache\com.unity.modules.unitywebrequesttexture@1.0.0)
    com.unity.modules.unitywebrequestwww@1.0.0 (location: C:\Users\mydoa\Downloads\ADHDScreening\GamifyingADHDScreening\Library\PackageCache\com.unity.modules.unitywebrequestwww@1.0.0)
    com.unity.modules.vehicles@1.0.0 (location: C:\Users\mydoa\Downloads\ADHDScreening\GamifyingADHDScreening\Library\PackageCache\com.unity.modules.vehicles@1.0.0)
    com.unity.modules.video@1.0.0 (location: C:\Users\mydoa\Downloads\ADHDScreening\GamifyingADHDScreening\Library\PackageCache\com.unity.modules.video@1.0.0)
    com.unity.modules.vr@1.0.0 (location: C:\Users\mydoa\Downloads\ADHDScreening\GamifyingADHDScreening\Library\PackageCache\com.unity.modules.vr@1.0.0)
    com.unity.modules.wind@1.0.0 (location: C:\Users\mydoa\Downloads\ADHDScreening\GamifyingADHDScreening\Library\PackageCache\com.unity.modules.wind@1.0.0)
    com.unity.modules.xr@1.0.0 (location: C:\Users\mydoa\Downloads\ADHDScreening\GamifyingADHDScreening\Library\PackageCache\com.unity.modules.xr@1.0.0)
    com.unity.modules.subsystems@1.0.0 (location: C:\Users\mydoa\Downloads\ADHDScreening\GamifyingADHDScreening\Library\PackageCache\com.unity.modules.subsystems@1.0.0)
    com.unity.render-pipelines.core@14.0.5 (location: C:\Users\mydoa\Downloads\ADHDScreening\GamifyingADHDScreening\Library\PackageCache\com.unity.render-pipelines.core@14.0.5)
    com.unity.shadergraph@14.0.5 (location: C:\Users\mydoa\Downloads\ADHDScreening\GamifyingADHDScreening\Library\PackageCache\com.unity.shadergraph@14.0.5)
  Git packages:
    com.boxqkrtm.ide.cursor@https://github.com/boxqkrtm/com.unity.ide.cursor.git (location: C:\Users\mydoa\Downloads\ADHDScreening\GamifyingADHDScreening\Library\PackageCache\com.boxqkrtm.ide.cursor@fd8ff1fb70)
    com.varjo.xr@https://github.com/varjocom/VarjoUnityXRPlugin.git (location: C:\Users\mydoa\Downloads\ADHDScreening\GamifyingADHDScreening\Library\PackageCache\com.varjo.xr@d074462f6c)
[Subsystems] Looking for new subsystems at path C:\Users\mydoa\Downloads\ADHDScreening\GamifyingADHDScreening\Library\PackageCache\com.unity.xr.openxr@1.6.0
[Subsystems] Novel subsystem found at Library/PackageCache/com.unity.xr.openxr@1.6.0/Runtime/UnitySubsystemsManifest.json
[Subsystems] Discovering subsystems at path C:/Program Files/Unity/Hub/Editor/2022.2.4f1/Editor/Data/Resources/UnitySubsystems
[Subsystems] Discovering subsystems at path C:/Users/mydoa/Downloads/ADHDScreening/GamifyingADHDScreening/Assets
[Subsystems] Discovering subsystems at path C:\Users\mydoa\Downloads\ADHDScreening\GamifyingADHDScreening\Library\PackageCache\com.unity.xr.openxr@1.6.0
[Subsystems] No descriptors matched for  examples in Library/PackageCache/com.unity.xr.openxr@1.6.0/Runtime/UnitySubsystemsManifest.json.
[Subsystems] 1 'inputs' descriptors matched in Library/PackageCache/com.unity.xr.openxr@1.6.0/Runtime/UnitySubsystemsManifest.json
[Subsystems] 1 'displays' descriptors matched in Library/PackageCache/com.unity.xr.openxr@1.6.0/Runtime/UnitySubsystemsManifest.json
[Subsystems] No descriptors matched for  meshings in Library/PackageCache/com.unity.xr.openxr@1.6.0/Runtime/UnitySubsystemsManifest.json.
[Subsystems] Discovering subsystems at path C:\Users\mydoa\Downloads\ADHDScreening\GamifyingADHDScreening\Library\PackageCache\com.varjo.xr@d074462f6c
[Subsystems] No descriptors matched for  examples in Library/PackageCache/com.varjo.xr@d074462f6c/Runtime/UnitySubsystemsManifest.json.
[Subsystems] 1 'inputs' descriptors matched in Library/PackageCache/com.varjo.xr@d074462f6c/Runtime/UnitySubsystemsManifest.json
[Subsystems] 1 'displays' descriptors matched in Library/PackageCache/com.varjo.xr@d074462f6c/Runtime/UnitySubsystemsManifest.json
[Subsystems] No descriptors matched for  meshings in Library/PackageCache/com.varjo.xr@d074462f6c/Runtime/UnitySubsystemsManifest.json.
[Subsystems] Discovering subsystems at path C:\Users\mydoa\Downloads\ADHDScreening\GamifyingADHDScreening\Library\PackageCache\com.unity.xr.arfoundation@5.1.3
[Subsystems] No descriptors matched for  examples in Library/PackageCache/com.unity.xr.arfoundation@5.1.3/Runtime/UnitySubsystemsManifest.json.
[Subsystems] 1 'inputs' descriptors matched in Library/PackageCache/com.unity.xr.arfoundation@5.1.3/Runtime/UnitySubsystemsManifest.json
[Subsystems] No descriptors matched for  displays in Library/PackageCache/com.unity.xr.arfoundation@5.1.3/Runtime/UnitySubsystemsManifest.json.
[Subsystems] 1 'meshings' descriptors matched in Library/PackageCache/com.unity.xr.arfoundation@5.1.3/Runtime/UnitySubsystemsManifest.json
Package Manager log level set to [2]
[Package Manager] Done registering packages in 0.95 seconds
Refreshing native plugins compatible for Editor in 59.20 ms, found 12 plugins.
Preloading 0 native plugins for Editor in 0.00 ms.
Initialize engine version: 2022.2.4f1 (8216e0211249)
[Subsystems] Discovering subsystems at path C:/Program Files/Unity/Hub/Editor/2022.2.4f1/Editor/Data/Resources/UnitySubsystems
[Subsystems] Discovering subsystems at path C:/Users/mydoa/Downloads/ADHDScreening/GamifyingADHDScreening/Assets
[Subsystems] Discovering subsystems at path C:\Users\mydoa\Downloads\ADHDScreening\GamifyingADHDScreening\Library\PackageCache\com.unity.xr.openxr@1.6.0
[Subsystems] No descriptors matched for  examples in Library/PackageCache/com.unity.xr.openxr@1.6.0/Runtime/UnitySubsystemsManifest.json.
[Subsystems] 1 'inputs' descriptors matched in Library/PackageCache/com.unity.xr.openxr@1.6.0/Runtime/UnitySubsystemsManifest.json
[Subsystems] 1 'displays' descriptors matched in Library/PackageCache/com.unity.xr.openxr@1.6.0/Runtime/UnitySubsystemsManifest.json
[Subsystems] No descriptors matched for  meshings in Library/PackageCache/com.unity.xr.openxr@1.6.0/Runtime/UnitySubsystemsManifest.json.
[Subsystems] Discovering subsystems at path C:\Users\mydoa\Downloads\ADHDScreening\GamifyingADHDScreening\Library\PackageCache\com.varjo.xr@d074462f6c
[Subsystems] No descriptors matched for  examples in Library/PackageCache/com.varjo.xr@d074462f6c/Runtime/UnitySubsystemsManifest.json.
[Subsystems] 1 'inputs' descriptors matched in Library/PackageCache/com.varjo.xr@d074462f6c/Runtime/UnitySubsystemsManifest.json
[Subsystems] 1 'displays' descriptors matched in Library/PackageCache/com.varjo.xr@d074462f6c/Runtime/UnitySubsystemsManifest.json
[Subsystems] No descriptors matched for  meshings in Library/PackageCache/com.varjo.xr@d074462f6c/Runtime/UnitySubsystemsManifest.json.
[Subsystems] Discovering subsystems at path C:\Users\mydoa\Downloads\ADHDScreening\GamifyingADHDScreening\Library\PackageCache\com.unity.xr.arfoundation@5.1.3
[Subsystems] No descriptors matched for  examples in Library/PackageCache/com.unity.xr.arfoundation@5.1.3/Runtime/UnitySubsystemsManifest.json.
[Subsystems] 1 'inputs' descriptors matched in Library/PackageCache/com.unity.xr.arfoundation@5.1.3/Runtime/UnitySubsystemsManifest.json
[Subsystems] No descriptors matched for  displays in Library/PackageCache/com.unity.xr.arfoundation@5.1.3/Runtime/UnitySubsystemsManifest.json.
[Subsystems] 1 'meshings' descriptors matched in Library/PackageCache/com.unity.xr.arfoundation@5.1.3/Runtime/UnitySubsystemsManifest.json
Forcing GfxDevice: Null
GfxDevice: creating device client; threaded=0; jobified=0
NullGfxDevice:
    Version:  NULL 1.0 [1.0]
    Renderer: Null Device
    Vendor:   Unity Technologies
Shader Hidden/ProbeVolume/VoxelizeScene is not supported: GPU does not support conservative rasterization
[Licensing::Client] Successfully resolved entitlements
Initialize mono
Mono path[0] = 'C:/Program Files/Unity/Hub/Editor/2022.2.4f1/Editor/Data/Managed'
Mono path[1] = 'C:/Program Files/Unity/Hub/Editor/2022.2.4f1/Editor/Data/MonoBleedingEdge/lib/mono/unityjit-win32'
Mono config path = 'C:/Program Files/Unity/Hub/Editor/2022.2.4f1/Editor/Data/MonoBleedingEdge/etc'
Using monoOptions --debugger-agent=transport=dt_socket,embedding=1,server=y,suspend=n,address=127.0.0.1:56556
Using cacheserver namespaces - metadata:defaultmetadata, artifacts:defaultartifacts
Using cacheserver namespaces - metadata:defaultmetadata, artifacts:defaultartifacts
ImportWorker Server TCP listen port: 0
Begin MonoManager ReloadAssembly
Registering precompiled unity dll's ...
Register platform support module: C:/Program Files/Unity/Hub/Editor/2022.2.4f1/Editor/Data/PlaybackEngines/WebGLSupport/UnityEditor.WebGL.Extensions.dll
[Licensing::Client] Successfully resolved entitlements
Register platform support module: C:/Program Files/Unity/Hub/Editor/2022.2.4f1/Editor/Data/PlaybackEngines/AndroidPlayer/UnityEditor.Android.Extensions.dll
Register platform support module: C:/Program Files/Unity/Hub/Editor/2022.2.4f1/Editor/Data/PlaybackEngines/WindowsStandaloneSupport/UnityEditor.WindowsStandalone.Extensions.dll
Registered in 0.027119 seconds.
- Loaded All Assemblies, in  0.453 seconds
Native extension for WindowsStandalone target not found
Native extension for Android target not found
Android Extension - Scanning For ADB Devices 2541 ms
Native extension for WebGL target not found
Mono: successfully reloaded assembly
- Finished resetting the current domain, in  3.060 seconds
Domain Reload Profiling:
	ReloadAssembly (281ms)
		BeginReloadAssembly (112ms)
			ExecutionOrderSort (0ms)
			DisableScriptedObjects (0ms)
			BackupInstance (0ms)
			ReleaseScriptingObjects (0ms)
			CreateAndSetChildDomain (1ms)
		LoadAllAssembliesAndSetupDomain (0ms)
			LoadAssemblies (113ms)
			RebuildTransferFunctionScriptingTraits (0ms)
			SetupTypeCache (154ms)
				TypeCache.Initialize (153ms)
					TypeCache.ScanAssembly (151ms)
				ResolveRequiredComponents (1ms)
		FinalizeReload (0ms)
			ReleaseScriptCaches (0ms)
			RebuildScriptCaches (0ms)
			SetupLoadedEditorAssemblies (2981ms)
				LogAssemblyErrors (0ms)
				InitializePlatformSupportModulesInManaged (2670ms)
				SetLoadedEditorAssemblies (6ms)
				RefreshPlugins (0ms)
				BeforeProcessingInitializeOnLoad (2ms)
				ProcessInitializeOnLoadAttributes (229ms)
				ProcessInitializeOnLoadMethodAttributes (74ms)
				AfterProcessingInitializeOnLoad (0ms)
				EditorAssembliesLoaded (0ms)
			ExecutionOrderSort2 (0ms)
			AwakeInstancesAfterBackupRestoration (0ms)
[Licensing::Client] Successfully resolved entitlements
Application.AssetDatabase Initial Refresh Start
The .meta file Assets/Resources/ScriptableObjects/Dialogue Tree Object/EmbeddedQuestionTest/AfterExplore/ae4 1.asset.meta does not have a valid GUID and its corresponding Asset file will be ignored. If this file is not malformed, please add a GUID, or delete the .meta file and it will be recreated correctly
The .meta file Assets/Resources/ScriptableObjects/Dialogue Tree Object/EmbeddedQuestionTest/Questions/q1.meta does not have a valid GUID and its corresponding Asset file will be ignored. If this file is not malformed, please add a GUID, or delete the .meta file and it will be recreated correctly
[ScriptCompilation] Requested script compilation because: Assetdatabase observed changes in script compilation related files
Starting: C:\Program Files\Unity\Hub\Editor\2022.2.4f1\Editor\Data\bee_backend.exe --dont-print-to-structured-log --ipc --defer-dag-verification --dagfile="Library/Bee/2000b0aE.dag" --continue-on-failure --profile="Library/Bee/backend1.traceevents" ScriptAssemblies
WorkingDir: C:/Users/mydoa/Downloads/ADHDScreening/GamifyingADHDScreening
DisplayProgressbar: Compiling Scripts
info: Microsoft.Hosting.Lifetime[14]
      Now listening on: http://localhost:80
info: Microsoft.Hosting.Lifetime[0]
      Application started. Press Ctrl+C to shut down.
info: Microsoft.Hosting.Lifetime[0]
      Hosting environment: Production
info: Microsoft.Hosting.Lifetime[0]
      Content root path: C:\Users\mydoa\Downloads\ADHDScreening\GamifyingADHDScreening\
info: Microsoft.AspNetCore.Hosting.Diagnostics[1]
      Request starting HTTP/2 POST http://ilpp/UnityILPP.PostProcessing/ConfigurePostProcessors application/grpc -
info: Microsoft.AspNetCore.Routing.EndpointMiddleware[0]
      Executing endpoint 'gRPC - /UnityILPP.PostProcessing/ConfigurePostProcessors'
warn: Unity.ILPP.Runner.PostProcessingAssemblyLoadContext[0]
      Assembly system.runtime.interopservices.windowsruntime has duplicate hint path. Ignoring "C:\Program Files\Unity\Hub\Editor\2022.2.4f1\Editor\Data\UnityReferenceAssemblies\unity-4.8-api\Facades\System.Runtime.InteropServices.WindowsRuntime.dll" in favor of "C:\Program Files\Unity\Hub\Editor\2022.2.4f1\Editor\Data\NetStandard\Extensions\2.0.0\System.Runtime.InteropServices.WindowsRuntime.dll"
warn: Unity.ILPP.Runner.PostProcessingAssemblyLoadContext[0]
      Assembly system.componentmodel.composition has duplicate hint path. Ignoring "C:\Program Files\Unity\Hub\Editor\2022.2.4f1\Editor\Data\UnityReferenceAssemblies\unity-4.8-api\System.ComponentModel.Composition.dll" in favor of "C:\Program Files\Unity\Hub\Editor\2022.2.4f1\Editor\Data\NetStandard\compat\2.1.0\shims\netfx\System.ComponentModel.Composition.dll"
info: Unity.ILPP.Runner.PostProcessingAssemblyLoadContext[0]
      Resolved Unity.Burst.Cecil, Version=0.10.0.0, Culture=neutral, PublicKeyToken=fc15b93552389f74 with Library\PackageCache\com.unity.burst@1.8.2\Unity.Burst.CodeGen\Unity.Burst.Cecil.dll
info: Microsoft.AspNetCore.Routing.EndpointMiddleware[1]
      Executed endpoint 'gRPC - /UnityILPP.PostProcessing/ConfigurePostProcessors'
info: Microsoft.AspNetCore.Hosting.Diagnostics[2]
      Request finished HTTP/2 POST http://ilpp/UnityILPP.PostProcessing/ConfigurePostProcessors application/grpc - - 200 - application/grpc 154.8628ms
info: Microsoft.AspNetCore.Hosting.Diagnostics[1]
      Request starting HTTP/2 POST http://ilpp/UnityILPP.PostProcessing/PostProcessAssembly application/grpc -
info: Microsoft.AspNetCore.Routing.EndpointMiddleware[0]
      Executing endpoint 'gRPC - /UnityILPP.PostProcessing/PostProcessAssembly'
info: Unity.ILPP.Runner.PostProcessingPipeline[0]
      Processing assembly Library/Bee/artifacts/2000b0aE.dag/Assembly-CSharp.dll, with 105 defines and 286 references
info: Unity.ILPP.Runner.PostProcessingPipeline[0]
      processors: zzzUnity.Burst.CodeGen.BurstILPostProcessor
info: Unity.ILPP.Runner.PostProcessingPipeline[0]
      running zzzUnity.Burst.CodeGen.BurstILPostProcessor
info: Unity.ILPP.Runner.PostProcessingAssemblyLoadContext[0]
      Resolved Unity.Burst.Cecil.Rocks, Version=0.10.0.0, Culture=neutral, PublicKeyToken=fc15b93552389f74 with Library\PackageCache\com.unity.burst@1.8.2\Unity.Burst.CodeGen\Unity.Burst.Cecil.Rocks.dll
info: Microsoft.AspNetCore.Routing.EndpointMiddleware[1]
      Executed endpoint 'gRPC - /UnityILPP.PostProcessing/PostProcessAssembly'
info: Microsoft.AspNetCore.Hosting.Diagnostics[2]
      Request finished HTTP/2 POST http://ilpp/UnityILPP.PostProcessing/PostProcessAssembly application/grpc - - 200 - application/grpc 293.6127ms
info: Microsoft.AspNetCore.Hosting.Diagnostics[1]
      Request starting HTTP/2 POST http://ilpp/UnityILPP.PostProcessing/PostProcessAssembly application/grpc -
info: Microsoft.AspNetCore.Routing.EndpointMiddleware[0]
      Executing endpoint 'gRPC - /UnityILPP.PostProcessing/PostProcessAssembly'
info: Unity.ILPP.Runner.PostProcessingPipeline[0]
      Processing assembly Library/Bee/artifacts/2000b0aE.dag/Assembly-CSharp-Editor.dll, with 103 defines and 306 references
info: Unity.ILPP.Runner.PostProcessingPipeline[0]
      processors: zzzUnity.Burst.CodeGen.BurstILPostProcessor
info: Unity.ILPP.Runner.PostProcessingPipeline[0]
      running zzzUnity.Burst.CodeGen.BurstILPostProcessor
info: Microsoft.AspNetCore.Routing.EndpointMiddleware[1]
      Executed endpoint 'gRPC - /UnityILPP.PostProcessing/PostProcessAssembly'
info: Microsoft.AspNetCore.Hosting.Diagnostics[2]
      Request finished HTTP/2 POST http://ilpp/UnityILPP.PostProcessing/PostProcessAssembly application/grpc - - 200 - application/grpc 14.9918ms
ExitCode: 0 Duration: 2s924ms
[ 318/1092  0s] WriteResponseFile Library/Bee/artifacts/rsp/4747638433968585886.rsp
[ 828/1092  0s] ILPP-Configuration Library/ilpp-configuration.nevergeneratedoutput
[1084/1092  2s] Csc Library/Bee/artifacts/2000b0aE.dag/Assembly-CSharp.dll (+2 others)
Assets\_Scripts\Intro\IntroBoot.cs(169,14): warning CS0219: The variable 'skipAllIntro' is assigned but its value is never used

Assets\_Scripts\MoxoCPT\DistractorSystem.cs(1081,40): warning CS0414: The field 'DistractorSystem.targetAvgConcurrency' is assigned but its value is never used

Assets\_Scripts\MoxoCPT\DistractorSystem.cs(1025,39): warning CS0414: The field 'DistractorSystem.allowOverlap' is assigned but its value is never used

Assets\_Scripts\Islands\IslandTravelManager.cs(571,35): warning CS0414: The field 'IslandTravelManager.autoCloseNonMoxoIntro' is assigned but its value is never used

Assets\_Scripts\Islands\IslandSelectionUI.cs(486,35): warning CS0414: The field 'IslandSelectionUI.useWASD' is assigned but its value is never used

Assets\_Scripts\MoxoCPT\TrainingCPTRunner.cs(377,35): warning CS0414: The field 'TrainingCPTRunner.lockCardUntilCountdownEnds' is assigned but its value is never used

Assets\_Scripts\Islands\KoalaDialogueHandler.cs(118,23): warning CS0414: The field 'KoalaDialogueHandler._openPickerCo' is assigned but its value is never used

Assets\_Scripts\UI\Dialogue\StickOptionSelector.cs(45,18): warning CS0414: The field 'StickOptionSelector._canStep' is assigned but its value is never used

Assets\_Scripts\Islands\IslandTravelManager.cs(572,36): warning CS0414: The field 'IslandTravelManager.nonMoxoIntroAutoCloseSeconds' is assigned but its value is never used

Assets\_Scripts\UI\Dialogue\StickOptionSelector.cs(46,19): warning CS0414: The field 'StickOptionSelector._repeatTimer' is assigned but its value is never used

Assets\_Scripts\Islands\IslandSelectionUI.cs(503,17): warning CS0414: The field 'IslandSelectionUI._lastPrefetchIndex' is assigned but its value is never used

Assets\_Scripts\UI\Dialogue\StickOptionSelector.cs(26,36): warning CS0414: The field 'StickOptionSelector.horizontalDeadzone' is assigned but its value is never used

Assets\_Scripts\UI\Dialogue\TestHandler.cs(55,41): warning CS0414: The field 'TestHandler.afterGameText' is assigned but its value is never used

Assets\_Scripts\UI\Dialogue\StickOptionSelector.cs(28,36): warning CS0414: The field 'StickOptionSelector.repeatDelay' is assigned but its value is never used

Assets\_Scripts\UI\Dialogue\TestHandler.cs(54,41): warning CS0414: The field 'TestHandler.afterGameKey' is assigned but its value is never used
[1085/1092  0s] Csc Library/Bee/artifacts/2000b0aE.dag/Assembly-CSharp-Editor.dll (+2 others)
Assets\Editor\TextureCompressorTool.cs(12,21): warning CS0108: 'TextureCompressorTool.maxSize' hides inherited member 'EditorWindow.maxSize'. Use the new keyword if hiding was intended.
[1086/1092  0s] ILPostProcess Library/Bee/artifacts/2000b0aE.dag/post-processed/Assembly-CSharp.dll (+pdb)
Processing assembly Library/Bee/artifacts/2000b0aE.dag/Assembly-CSharp.dll, with 105 defines and 286 references

processors: zzzUnity.Burst.CodeGen.BurstILPostProcessor

running zzzUnity.Burst.CodeGen.BurstILPostProcessor
[1087/1092  0s] CopyFiles Library/ScriptAssemblies/Assembly-CSharp.pdb
[1088/1092  0s] CopyFiles Library/ScriptAssemblies/Assembly-CSharp.dll
[1089/1092  0s] ILPostProcess Library/Bee/artifacts/2000b0aE.dag/post-processed/Assembly-CSharp-Editor.dll (+pdb)
Processing assembly Library/Bee/artifacts/2000b0aE.dag/Assembly-CSharp-Editor.dll, with 103 defines and 306 references

processors: zzzUnity.Burst.CodeGen.BurstILPostProcessor

running zzzUnity.Burst.CodeGen.BurstILPostProcessor
[1090/1092  0s] CopyFiles Library/ScriptAssemblies/Assembly-CSharp-Editor.pdb
[1091/1092  0s] CopyFiles Library/ScriptAssemblies/Assembly-CSharp-Editor.dll
*** Tundra build success (2.87 seconds), 10 items updated, 1092 evaluated
Assets\_Scripts\Intro\IntroBoot.cs(169,14): warning CS0219: The variable 'skipAllIntro' is assigned but its value is never used
Assets\_Scripts\MoxoCPT\DistractorSystem.cs(1081,40): warning CS0414: The field 'DistractorSystem.targetAvgConcurrency' is assigned but its value is never used
Assets\_Scripts\MoxoCPT\DistractorSystem.cs(1025,39): warning CS0414: The field 'DistractorSystem.allowOverlap' is assigned but its value is never used
Assets\_Scripts\Islands\IslandTravelManager.cs(571,35): warning CS0414: The field 'IslandTravelManager.autoCloseNonMoxoIntro' is assigned but its value is never used
Assets\_Scripts\Islands\IslandSelectionUI.cs(486,35): warning CS0414: The field 'IslandSelectionUI.useWASD' is assigned but its value is never used
Assets\_Scripts\MoxoCPT\TrainingCPTRunner.cs(377,35): warning CS0414: The field 'TrainingCPTRunner.lockCardUntilCountdownEnds' is assigned but its value is never used
Assets\_Scripts\Islands\KoalaDialogueHandler.cs(118,23): warning CS0414: The field 'KoalaDialogueHandler._openPickerCo' is assigned but its value is never used
Assets\_Scripts\UI\Dialogue\StickOptionSelector.cs(45,18): warning CS0414: The field 'StickOptionSelector._canStep' is assigned but its value is never used
Assets\_Scripts\Islands\IslandTravelManager.cs(572,36): warning CS0414: The field 'IslandTravelManager.nonMoxoIntroAutoCloseSeconds' is assigned but its value is never used
Assets\_Scripts\UI\Dialogue\StickOptionSelector.cs(46,19): warning CS0414: The field 'StickOptionSelector._repeatTimer' is assigned but its value is never used
Assets\_Scripts\Islands\IslandSelectionUI.cs(503,17): warning CS0414: The field 'IslandSelectionUI._lastPrefetchIndex' is assigned but its value is never used
Assets\_Scripts\UI\Dialogue\StickOptionSelector.cs(26,36): warning CS0414: The field 'StickOptionSelector.horizontalDeadzone' is assigned but its value is never used
Assets\_Scripts\UI\Dialogue\TestHandler.cs(55,41): warning CS0414: The field 'TestHandler.afterGameText' is assigned but its value is never used
Assets\_Scripts\UI\Dialogue\StickOptionSelector.cs(28,36): warning CS0414: The field 'StickOptionSelector.repeatDelay' is assigned but its value is never used
Assets\_Scripts\UI\Dialogue\TestHandler.cs(54,41): warning CS0414: The field 'TestHandler.afterGameKey' is assigned but its value is never used
Assets\Editor\TextureCompressorTool.cs(12,21): warning CS0108: 'TextureCompressorTool.maxSize' hides inherited member 'EditorWindow.maxSize'. Use the new keyword if hiding was intended.
AssetDatabase: script compilation time: 3.135357s
Begin MonoManager ReloadAssembly
Total cache size 107370792
Total cache size after purge 107370792
- Loaded All Assemblies, in  1.065 seconds
Refreshing native plugins compatible for Editor in 17.08 ms, found 12 plugins.
Preloading 0 native plugins for Editor in 0.00 ms.
Start importing Assets/_Scripts/Intro/CutsceneWebGLVideoOutput.cs using Guid(42efed7e8f88f054e987b2299a97bf70) Importer(-1,00000000000000000000000000000000)  -> (artifact id: '5683e0553ff5c08bf47d8bff291b3935') in 0.038203 seconds 
Start importing Assets/_Scripts/Intro/EndGameCutscene.cs using Guid(b4fe89ffcd6651c4d80d2f9377f00c69) Importer(-1,00000000000000000000000000000000)  -> (artifact id: 'df6dfcc8069d35fc3e872869ce2ce0ed') in 0.003403 seconds 
Start importing Assets/_Scripts/Intro/IslandIntroCutscene.cs using Guid(7c0b558be05de4348a1249ad63549bb2) Importer(-1,00000000000000000000000000000000)  -> (artifact id: 'c016f8e8d48a257545d81ec0e6f1dce6') in 0.003235 seconds 
Start importing Assets/_Scripts/Intro/IntroBoot.cs using Guid(7e9bda3414816de4ab71e997bb96d6c9) Importer(-1,00000000000000000000000000000000)  -> (artifact id: '9176f2ca2346d4a9c2228457bdec6c0f') in 0.003237 seconds 
Refreshing native plugins compatible for Editor in 17.07 ms, found 12 plugins.
Native extension for WindowsStandalone target not found
Native extension for Android target not found
Native extension for WebGL target not found
[MODES] ModeService[none].Initialize
[MODES] ModeService[none].LoadModes
[MODES] Loading mode Default (0) for mode-current-id-Umaki - The Magical World
Mono: successfully reloaded assembly
- Finished resetting the current domain, in  3.667 seconds
Domain Reload Profiling:
	ReloadAssembly (192ms)
		BeginReloadAssembly (121ms)
			ExecutionOrderSort (0ms)
			DisableScriptedObjects (9ms)
			BackupInstance (0ms)
			ReleaseScriptingObjects (0ms)
			CreateAndSetChildDomain (26ms)
		LoadAllAssembliesAndSetupDomain (868ms)
			LoadAssemblies (388ms)
			RebuildTransferFunctionScriptingTraits (0ms)
			SetupTypeCache (517ms)
				TypeCache.Initialize (312ms)
					TypeCache.ScanAssembly (305ms)
				ResolveRequiredComponents (17ms)
		FinalizeReload (0ms)
			ReleaseScriptCaches (0ms)
			RebuildScriptCaches (0ms)
			SetupLoadedEditorAssemblies (3307ms)
				LogAssemblyErrors (0ms)
				InitializePlatformSupportModulesInManaged (26ms)
				SetLoadedEditorAssemblies (5ms)
				RefreshPlugins (0ms)
				BeforeProcessingInitializeOnLoad (102ms)
				ProcessInitializeOnLoadAttributes (3085ms)
				ProcessInitializeOnLoadMethodAttributes (82ms)
				AfterProcessingInitializeOnLoad (6ms)
				EditorAssembliesLoaded (0ms)
			ExecutionOrderSort2 (0ms)
			AwakeInstancesAfterBackupRestoration (8ms)
Refreshing native plugins compatible for Editor in 11.14 ms, found 12 plugins.
Preloading 0 native plugins for Editor in 0.00 ms.
Asset Pipeline Refresh (id=b1d4b8db2981d624dbf88d547316e4f9): Total: 14.958 seconds - Initiated by InitialRefreshV2(ForceSynchronousImport)
	Summary:
		Imports: total=4 (actual=4, local cache=0, cache server=0)
		Asset DB Process Time: managed=5 ms, native=6660 ms
		Asset DB Callback time: managed=193 ms, native=22 ms
		Scripting: domain reloads=1, domain reload time=4859 ms, compile time=3135 ms, other=80 ms
		Project Asset Count: scripts=7771, non-scripts=8192
		Asset File Changes: new=0, changed=4, moved=0, deleted=0
		Scan Filter Count: 0
	InvokeBeforeRefreshCallbacks: 1.791ms
	ApplyChangesToAssetFolders: 0.156ms
	Scan: 1211.931ms
	OnSourceAssetsModified: 2.708ms
	GetAllGuidsForCategorization: 3.293ms
	CategorizeAssets: 459.539ms
	ImportOutOfDateAssets: 3841.083ms (586.394ms without children)
		ImportManagerImport: 74.515ms (17.042ms without children)
			ImportInProcess: 57.466ms
			UpdateCategorizedAssets: 0.006ms
		CompileScripts: 3135.484ms
		ReloadNativeAssets: 0.031ms
		UnloadImportedAssets: 36.042ms
		ReloadImportedAssets: 0.001ms
		EnsureUptoDateAssetsAreRegisteredWithGuidPM: 5.594ms
		InitializingProgressBar: 0.009ms
		PostProcessAllAssetNotificationsAddChangedAssets: 0.001ms
		OnDemandSchedulerStart: 3.012ms
	PostProcessAllAssets: 196.202ms
	Hotreload: 15.292ms
	GatherAllCurrentPrimaryArtifactRevisions: 0.005ms
	UnloadStreamsBegin: 3.009ms
	PersistCurrentRevisions: 0.818ms
	UnloadStreamsEnd: 0.034ms
	GenerateScriptTypeHashes: 145.137ms
	Untracked: 9222.537ms
Application.AssetDatabase Initial Refresh End
Shader Hidden/ProbeVolume/VoxelizeScene is not supported: GPU does not support conservative rasterization
Scanning for USB devices : 4.582ms
Initializing Unity extensions:
[Licensing::Client] Successfully resolved entitlements
ProgressiveSceneManager::Cancel()
Unloading 29 Unused Serialized files (Serialized files now loaded: 0)
Unloading 118 unused Assets / (2.2 MB). Loaded Objects now: 6441.
Memory consumption went from 220.2 MB to 218.0 MB.
Total: 10.467400 ms (FindLiveObjects: 0.513700 ms CreateObjectMapping: 0.193600 ms MarkObjects: 8.331800 ms  DeleteObjects: 1.426400 ms)

[WebGLBuild] Removed stale loader: C:\Users\mydoa\Downloads\ADHDScreening\Umaki_WebGL\Build\Umaki_WebGL.loader.js
UnityEngine.StackTraceUtility:ExtractStackTrace ()
UnityEngine.DebugLogHandler:LogFormat (UnityEngine.LogType,UnityEngine.Object,string,object[])
UnityEngine.Logger:Log (UnityEngine.LogType,object)
UnityEngine.Debug:Log (object)
WebGLBuildWithReport:BuildWebGL () (at Assets/Editor/WebGLBuildWithReport.cs:37)

(Filename: Assets/Editor/WebGLBuildWithReport.cs Line: 37)

[WebGLBuild] Scenes: Assets/Scenes/BootIntro.unity, Assets/Scenes/Main.unity
UnityEngine.StackTraceUtility:ExtractStackTrace ()
UnityEngine.DebugLogHandler:LogFormat (UnityEngine.LogType,UnityEngine.Object,string,object[])
UnityEngine.Logger:Log (UnityEngine.LogType,object)
UnityEngine.Debug:Log (object)
WebGLBuildWithReport:BuildWebGL () (at Assets/Editor/WebGLBuildWithReport.cs:57)

(Filename: Assets/Editor/WebGLBuildWithReport.cs Line: 57)

[WebGLBuild] Output: C:\Users\mydoa\Downloads\ADHDScreening\Umaki_WebGL
UnityEngine.StackTraceUtility:ExtractStackTrace ()
UnityEngine.DebugLogHandler:LogFormat (UnityEngine.LogType,UnityEngine.Object,string,object[])
UnityEngine.Logger:Log (UnityEngine.LogType,object)
UnityEngine.Debug:Log (object)
WebGLBuildWithReport:BuildWebGL () (at Assets/Editor/WebGLBuildWithReport.cs:58)

(Filename: Assets/Editor/WebGLBuildWithReport.cs Line: 58)

Interaction Layer 31 is not set to 'Teleport'.
UnityEngine.StackTraceUtility:ExtractStackTrace ()
UnityEngine.DebugLogHandler:LogFormat (UnityEngine.LogType,UnityEngine.Object,string,object[])
UnityEngine.Logger:Log (UnityEngine.LogType,object)
UnityEngine.Debug:LogWarning (object)
UnityEditor.XR.Interaction.Toolkit.ProjectValidation.XRInteractionProjectValidation:LogBuildValidationIssues (UnityEditor.BuildTargetGroup) (at ./Library/PackageCache/com.unity.xr.interaction.toolkit@2.2.0/Editor/ProjectValidation/XRInteractionProjectValidation.cs:84)
UnityEditor.XR.Interaction.Toolkit.ProjectValidation.XRInteractionProjectValidationBuildStep:OnPreprocessBuild (UnityEditor.Build.Reporting.BuildReport) (at ./Library/PackageCache/com.unity.xr.interaction.toolkit@2.2.0/Editor/ProjectValidation/XRInteractionProjectValidationRulesSetup.cs:306)
UnityEditor.Build.BuildPipelineInterfaces/<>c__DisplayClass16_0:<OnBuildPreProcess>b__1 (UnityEditor.Build.IPreprocessBuildWithReport)
UnityEditor.Build.BuildPipelineInterfaces:InvokeCallbackInterfacesPair<UnityEditor.Build.IPreprocessBuild, UnityEditor.Build.IPreprocessBuildWithReport> (System.Collections.Generic.List`1<UnityEditor.Build.IPreprocessBuild>,System.Action`1<UnityEditor.Build.IPreprocessBuild>,System.Collections.Generic.List`1<UnityEditor.Build.IPreprocessBuildWithReport>,System.Action`1<UnityEditor.Build.IPreprocessBuildWithReport>,bool)
UnityEditor.Build.BuildPipelineInterfaces:OnBuildPreProcess (UnityEditor.Build.Reporting.BuildReport)
UnityEditor.BuildPipeline:BuildPlayerInternal (string[],string,string,UnityEditor.BuildTargetGroup,UnityEditor.BuildTarget,int,UnityEditor.BuildOptions,string[])
UnityEditor.BuildPipeline:BuildPlayer (string[],string,string,UnityEditor.BuildTargetGroup,UnityEditor.BuildTarget,int,UnityEditor.BuildOptions,string[])
UnityEditor.BuildPipeline:BuildPlayer (UnityEditor.BuildPlayerOptions)
WebGLBuildWithReport:BuildWebGL () (at Assets/Editor/WebGLBuildWithReport.cs:69)

(Filename: ./Library/PackageCache/com.unity.xr.interaction.toolkit@2.2.0/Editor/ProjectValidation/XRInteractionProjectValidation.cs Line: 84)

Failed to move the asset (Assets/XR/UserSimulationSettings/Resources/XRSimulationPreferences.asset) to a temporary location: Cannot move asset from Assets/XR/UserSimulationSettings/Resources/XRSimulationPreferences.asset to Assets/XR/Temp/XRSimulationPreferences.asset. Destination path name does already exist
UnityEngine.StackTraceUtility:ExtractStackTrace ()
UnityEngine.DebugLogHandler:LogFormat (UnityEngine.LogType,UnityEngine.Object,string,object[])
UnityEngine.Logger:Log (UnityEngine.LogType,object)
UnityEngine.Debug:LogWarning (object)
UnityEditor.XR.Simulation.SimulationSettingsBuildProcessor:TryMoveAsset (string,string) (at ./Library/PackageCache/com.unity.xr.arfoundation@5.1.3/Editor/Simulation/SimulationSettingsBuildProcessor.cs:121)
UnityEditor.XR.Simulation.SimulationSettingsBuildProcessor:OnPreprocessBuild (UnityEditor.Build.Reporting.BuildReport) (at ./Library/PackageCache/com.unity.xr.arfoundation@5.1.3/Editor/Simulation/SimulationSettingsBuildProcessor.cs:50)
UnityEditor.Build.BuildPipelineInterfaces/<>c__DisplayClass16_0:<OnBuildPreProcess>b__1 (UnityEditor.Build.IPreprocessBuildWithReport)
UnityEditor.Build.BuildPipelineInterfaces:InvokeCallbackInterfacesPair<UnityEditor.Build.IPreprocessBuild, UnityEditor.Build.IPreprocessBuildWithReport> (System.Collections.Generic.List`1<UnityEditor.Build.IPreprocessBuild>,System.Action`1<UnityEditor.Build.IPreprocessBuild>,System.Collections.Generic.List`1<UnityEditor.Build.IPreprocessBuildWithReport>,System.Action`1<UnityEditor.Build.IPreprocessBuildWithReport>,bool)
UnityEditor.Build.BuildPipelineInterfaces:OnBuildPreProcess (UnityEditor.Build.Reporting.BuildReport)
UnityEditor.BuildPipeline:BuildPlayerInternal (string[],string,string,UnityEditor.BuildTargetGroup,UnityEditor.BuildTarget,int,UnityEditor.BuildOptions,string[])
UnityEditor.BuildPipeline:BuildPlayer (string[],string,string,UnityEditor.BuildTargetGroup,UnityEditor.BuildTarget,int,UnityEditor.BuildOptions,string[])
UnityEditor.BuildPipeline:BuildPlayer (UnityEditor.BuildPlayerOptions)
WebGLBuildWithReport:BuildWebGL () (at Assets/Editor/WebGLBuildWithReport.cs:69)

(Filename: ./Library/PackageCache/com.unity.xr.arfoundation@5.1.3/Editor/Simulation/SimulationSettingsBuildProcessor.cs Line: 121)

Failed to move the asset (Assets/XR/Resources/XRSimulationRuntimeSettings.asset) to a temporary location: Cannot move asset from Assets/XR/Resources/XRSimulationRuntimeSettings.asset to Assets/XR/Temp/XRSimulationRuntimeSettings.asset. Destination path name does already exist
UnityEngine.StackTraceUtility:ExtractStackTrace ()
UnityEngine.DebugLogHandler:LogFormat (UnityEngine.LogType,UnityEngine.Object,string,object[])
UnityEngine.Logger:Log (UnityEngine.LogType,object)
UnityEngine.Debug:LogWarning (object)
UnityEditor.XR.Simulation.SimulationSettingsBuildProcessor:TryMoveAsset (string,string) (at ./Library/PackageCache/com.unity.xr.arfoundation@5.1.3/Editor/Simulation/SimulationSettingsBuildProcessor.cs:121)
UnityEditor.XR.Simulation.SimulationSettingsBuildProcessor:OnPreprocessBuild (UnityEditor.Build.Reporting.BuildReport) (at ./Library/PackageCache/com.unity.xr.arfoundation@5.1.3/Editor/Simulation/SimulationSettingsBuildProcessor.cs:50)
UnityEditor.Build.BuildPipelineInterfaces/<>c__DisplayClass16_0:<OnBuildPreProcess>b__1 (UnityEditor.Build.IPreprocessBuildWithReport)
UnityEditor.Build.BuildPipelineInterfaces:InvokeCallbackInterfacesPair<UnityEditor.Build.IPreprocessBuild, UnityEditor.Build.IPreprocessBuildWithReport> (System.Collections.Generic.List`1<UnityEditor.Build.IPreprocessBuild>,System.Action`1<UnityEditor.Build.IPreprocessBuild>,System.Collections.Generic.List`1<UnityEditor.Build.IPreprocessBuildWithReport>,System.Action`1<UnityEditor.Build.IPreprocessBuildWithReport>,bool)
UnityEditor.Build.BuildPipelineInterfaces:OnBuildPreProcess (UnityEditor.Build.Reporting.BuildReport)
UnityEditor.BuildPipeline:BuildPlayerInternal (string[],string,string,UnityEditor.BuildTargetGroup,UnityEditor.BuildTarget,int,UnityEditor.BuildOptions,string[])
UnityEditor.BuildPipeline:BuildPlayer (string[],string,string,UnityEditor.BuildTargetGroup,UnityEditor.BuildTarget,int,UnityEditor.BuildOptions,string[])
UnityEditor.BuildPipeline:BuildPlayer (UnityEditor.BuildPlayerOptions)
WebGLBuildWithReport:BuildWebGL () (at Assets/Editor/WebGLBuildWithReport.cs:69)

(Filename: ./Library/PackageCache/com.unity.xr.arfoundation@5.1.3/Editor/Simulation/SimulationSettingsBuildProcessor.cs Line: 121)

Asset Pipeline Refresh (id=592373211092bcc4696553e46ac95225): Total: 0.083 seconds - Initiated by RefreshV2(NoUpdateAssetOptions)
Start importing ProjectSettings/ProjectSettings.asset using Guid(00000000000000004000000000000000) Importer(-1,00000000000000000000000000000000)  -> (artifact id: '8cbdd810a1108a8a5b2c6e587e5bbe09') in 0.006373 seconds 
Start importing ProjectSettings/EditorBuildSettings.asset using Guid(0000000000000000b000000000000000) Importer(-1,00000000000000000000000000000000)  -> (artifact id: '6e768ae378239eb69c51ab4d67341ae3') in 0.003335 seconds 
Start importing Assets/Packages/XR/Settings/OpenXR Package Settings.asset using Guid(1b04a8d7909b4954eb63720cc2352e90) Importer(-1,00000000000000000000000000000000)  -> (artifact id: 'c1f819e3a2f70a948040d1525adee227') in 0.004743 seconds 
Refreshing native plugins compatible for Editor in 15.02 ms, found 12 plugins.
Preloading 0 native plugins for Editor in 0.00 ms.
Asset Pipeline Refresh (id=d54566a9d2415e24aac704a8532f0600): Total: 0.109 seconds - Initiated by StopAssetImportingV2(NoUpdateAssetOptions)
info: Microsoft.AspNetCore.Hosting.Diagnostics[1]
      Request starting HTTP/2 POST http://ilpp/UnityILPP.PostProcessing/Ping application/grpc -
info: Microsoft.AspNetCore.Routing.EndpointMiddleware[0]
      Executing endpoint 'gRPC - /UnityILPP.PostProcessing/Ping'
info: Microsoft.AspNetCore.Routing.EndpointMiddleware[1]
      Executed endpoint 'gRPC - /UnityILPP.PostProcessing/Ping'
info: Microsoft.AspNetCore.Hosting.Diagnostics[2]
      Request finished HTTP/2 POST http://ilpp/UnityILPP.PostProcessing/Ping application/grpc - - 200 - application/grpc 1.4712ms
Starting: C:\Program Files\Unity\Hub\Editor\2022.2.4f1\Editor\Data\bee_backend.exe --dont-print-to-structured-log --ipc --defer-dag-verification --dagfile="Library/Bee/2000b0aESkipCompile.dag" --continue-on-failure --profile="Library/Bee/backend1.traceevents" ScriptAssembliesAndTypeDB
WorkingDir: C:/Users/mydoa/Downloads/ADHDScreening/GamifyingADHDScreening
ExitCode: 0 Duration: 1s321ms
[3/4        1s] BuildPlayerDataGenerator Library/BuildPlayerData/Editor/TypeDb-All.json
*** Tundra build success (1.27 seconds), 1 items updated, 4 evaluated
Asset Pipeline Refresh (id=bddf05cddc9c70645b6dc4aa166204c2): Total: 0.011 seconds - Initiated by RefreshV2(NoUpdateAssetOptions)
[ScriptCompilation] Requested script compilation because: Recompiling scripts for player build.
BuildPlayer: start building target 20
Total cache size 107370792
Total cache size after purge 107370792
info: Microsoft.AspNetCore.Hosting.Diagnostics[1]
      Request starting HTTP/2 POST http://ilpp/UnityILPP.PostProcessing/Ping application/grpc -
info: Microsoft.AspNetCore.Routing.EndpointMiddleware[0]
      Executing endpoint 'gRPC - /UnityILPP.PostProcessing/Ping'
info: Microsoft.AspNetCore.Routing.EndpointMiddleware[1]
      Executed endpoint 'gRPC - /UnityILPP.PostProcessing/Ping'
info: Microsoft.AspNetCore.Hosting.Diagnostics[2]
      Request finished HTTP/2 POST http://ilpp/UnityILPP.PostProcessing/Ping application/grpc - - 200 - application/grpc 0.4962ms
Starting: C:\Program Files\Unity\Hub\Editor\2022.2.4f1\Editor\Data\bee_backend.exe --dont-print-to-structured-log --ipc --defer-dag-verification --dagfile="Library/Bee/2000b0aP.dag" --continue-on-failure --profile="Library/Bee/backend1.traceevents" ScriptAssembliesAndTypeDB
WorkingDir: C:/Users/mydoa/Downloads/ADHDScreening/GamifyingADHDScreening
info: Microsoft.AspNetCore.Hosting.Diagnostics[1]
      Request starting HTTP/2 POST http://ilpp/UnityILPP.PostProcessing/ConfigurePostProcessors application/grpc -
info: Microsoft.AspNetCore.Routing.EndpointMiddleware[0]
      Executing endpoint 'gRPC - /UnityILPP.PostProcessing/ConfigurePostProcessors'
info: Unity.ILPP.Runner.PostProcessingAssemblyLoadContext[0]
      ALC ILPP context 1 is unloading
warn: Unity.ILPP.Runner.PostProcessingAssemblyLoadContext[0]
      Assembly system.runtime.interopservices.windowsruntime has duplicate hint path. Ignoring "C:\Program Files\Unity\Hub\Editor\2022.2.4f1\Editor\Data\UnityReferenceAssemblies\unity-4.8-api\Facades\System.Runtime.InteropServices.WindowsRuntime.dll" in favor of "C:\Program Files\Unity\Hub\Editor\2022.2.4f1\Editor\Data\NetStandard\Extensions\2.0.0\System.Runtime.InteropServices.WindowsRuntime.dll"
warn: Unity.ILPP.Runner.PostProcessingAssemblyLoadContext[0]
      Assembly system.componentmodel.composition has duplicate hint path. Ignoring "C:\Program Files\Unity\Hub\Editor\2022.2.4f1\Editor\Data\UnityReferenceAssemblies\unity-4.8-api\System.ComponentModel.Composition.dll" in favor of "C:\Program Files\Unity\Hub\Editor\2022.2.4f1\Editor\Data\NetStandard\compat\2.1.0\shims\netfx\System.ComponentModel.Composition.dll"
info: Unity.ILPP.Runner.PostProcessingAssemblyLoadContext[0]
      Resolved Unity.Burst.Cecil, Version=0.10.0.0, Culture=neutral, PublicKeyToken=fc15b93552389f74 with Library\PackageCache\com.unity.burst@1.8.2\Unity.Burst.CodeGen\Unity.Burst.Cecil.dll
info: Microsoft.AspNetCore.Routing.EndpointMiddleware[1]
      Executed endpoint 'gRPC - /UnityILPP.PostProcessing/ConfigurePostProcessors'
info: Microsoft.AspNetCore.Hosting.Diagnostics[2]
      Request finished HTTP/2 POST http://ilpp/UnityILPP.PostProcessing/ConfigurePostProcessors application/grpc - - 200 - application/grpc 61.3356ms
info: Microsoft.AspNetCore.Hosting.Diagnostics[1]
      Request starting HTTP/2 POST http://ilpp/UnityILPP.PostProcessing/PostProcessAssembly application/grpc -
info: Microsoft.AspNetCore.Routing.EndpointMiddleware[0]
      Executing endpoint 'gRPC - /UnityILPP.PostProcessing/PostProcessAssembly'
info: Unity.ILPP.Runner.PostProcessingPipeline[0]
      Processing assembly Library/Bee/artifacts/2000b0aP.dag/Assembly-CSharp.dll, with 94 defines and 219 references
info: Unity.ILPP.Runner.PostProcessingPipeline[0]
      processors: zzzUnity.Burst.CodeGen.BurstILPostProcessor
info: Unity.ILPP.Runner.PostProcessingPipeline[0]
      running zzzUnity.Burst.CodeGen.BurstILPostProcessor
info: Unity.ILPP.Runner.PostProcessingAssemblyLoadContext[0]
      Resolved Unity.Burst.Cecil.Rocks, Version=0.10.0.0, Culture=neutral, PublicKeyToken=fc15b93552389f74 with Library\PackageCache\com.unity.burst@1.8.2\Unity.Burst.CodeGen\Unity.Burst.Cecil.Rocks.dll
info: Microsoft.AspNetCore.Routing.EndpointMiddleware[1]
      Executed endpoint 'gRPC - /UnityILPP.PostProcessing/PostProcessAssembly'
info: Microsoft.AspNetCore.Hosting.Diagnostics[2]
      Request finished HTTP/2 POST http://ilpp/UnityILPP.PostProcessing/PostProcessAssembly application/grpc - - 200 - application/grpc 248.1977ms
ExitCode: 0 Duration: 2s96ms
[401/659    0s] WriteResponseFile Library/Bee/artifacts/rsp/4747638433968585886.rsp
[406/659    0s] CopyFiles Library/Bee/PlayerScriptAssemblies/UnityEngine.TestRunner.dll
[407/659    0s] CopyFiles Library/Bee/PlayerScriptAssemblies/UnityEngine.TestRunner.pdb
[532/659    0s] ILPP-Configuration Library/ilpp-configuration.nevergeneratedoutput
[573/659    0s] CopyFiles Library/Bee/PlayerScriptAssemblies/Unity.XR.ARFoundation.InternalUtils.dll
[574/659    0s] CopyFiles Library/Bee/PlayerScriptAssemblies/UnityEngine.SpatialTracking.dll
[575/659    0s] CopyFiles Library/Bee/PlayerScriptAssemblies/Unity.XR.OpenXR.Features.MockRuntime.dll
[576/659    0s] CopyFiles Library/Bee/PlayerScriptAssemblies/Unity.AI.Navigation.dll
[577/659    0s] CopyFiles Library/Bee/PlayerScriptAssemblies/Unity.ProBuilder.dll
[578/659    0s] CopyFiles Library/Bee/PlayerScriptAssemblies/Unity.XR.OpenXR.dll
[579/659    0s] CopyFiles Library/Bee/PlayerScriptAssemblies/Cinemachine.dll
[580/659    0s] CopyFiles Library/Bee/PlayerScriptAssemblies/Unity.ProBuilder.Stl.dll
[581/659    0s] CopyFiles Library/Bee/PlayerScriptAssemblies/Unity.ProBuilder.Poly2Tri.dll
[582/659    0s] CopyFiles Library/Bee/PlayerScriptAssemblies/Unity.XR.Management.dll
[583/659    0s] CopyFiles Library/Bee/PlayerScriptAssemblies/Unity.Animation.Rigging.DocCodeExamples.dll
[584/659    0s] CopyFiles Library/Bee/PlayerScriptAssemblies/Unity.RenderPipelines.Core.Runtime.dll
[585/659    0s] CopyFiles Library/Bee/PlayerScriptAssemblies/Unity.XR.OpenXR.Features.ConformanceAutomation.dll
[586/659    0s] CopyFiles Library/Bee/PlayerScriptAssemblies/Unity.Mathematics.dll
[587/659    0s] CopyFiles Library/Bee/PlayerScriptAssemblies/UnityEngine.UI.dll
[588/659    0s] CopyFiles Library/Bee/PlayerScriptAssemblies/Unity.Timeline.dll
[589/659    0s] CopyFiles Library/Bee/PlayerScriptAssemblies/Unity.RenderPipelines.Universal.Runtime.dll
[590/659    0s] CopyFiles Library/Bee/PlayerScriptAssemblies/Unity.XR.ARSubsystems.dll
[591/659    0s] CopyFiles Library/Bee/PlayerScriptAssemblies/Unity.Burst.dll
[592/659    0s] CopyFiles Library/Bee/PlayerScriptAssemblies/Ink-Libraries.dll
[593/659    0s] CopyFiles Library/Bee/PlayerScriptAssemblies/Unity.Animation.Rigging.dll
[594/659    0s] CopyFiles Library/Bee/PlayerScriptAssemblies/Unity.XR.OpenXR.Features.RuntimeDebugger.dll
[595/659    0s] CopyFiles Library/Bee/PlayerScriptAssemblies/Unity.RenderPipelines.ShaderGraph.ShaderGraphLibrary.dll
[596/659    0s] CopyFiles Library/Bee/PlayerScriptAssemblies/UnityEngine.XR.LegacyInputHelpers.dll
[597/659    0s] CopyFiles Library/Bee/PlayerScriptAssemblies/Unity.RenderPipelines.Core.ShaderLibrary.dll
[598/659    0s] CopyFiles Library/Bee/PlayerScriptAssemblies/Unity.TextMeshPro.dll
[599/659    0s] CopyFiles Library/Bee/PlayerScriptAssemblies/Unity.InputSystem.dll
[600/659    0s] CopyFiles Library/Bee/PlayerScriptAssemblies/Unity.Polybrush.dll
[601/659    0s] CopyFiles Library/Bee/PlayerScriptAssemblies/Unity.XR.ARFoundation.VisualScripting.dll
[602/659    0s] CopyFiles Library/Bee/PlayerScriptAssemblies/Unity.XR.OpenXR.Features.OculusQuestSupport.dll
[603/659    0s] CopyFiles Library/Bee/PlayerScriptAssemblies/Unity.XR.ARFoundation.dll
[604/659    0s] CopyFiles Library/Bee/PlayerScriptAssemblies/Unity.RenderPipelines.Universal.Shaders.dll
[605/659    0s] CopyFiles Library/Bee/PlayerScriptAssemblies/Unity.XR.Interaction.Toolkit.dll
[606/659    0s] CopyFiles Library/Bee/PlayerScriptAssemblies/Unity.XR.OpenXR.Features.MetaQuestSupport.dll
[607/659    0s] CopyFiles Library/Bee/PlayerScriptAssemblies/Unity.ProBuilder.Csg.dll
[608/659    0s] CopyFiles Library/Bee/PlayerScriptAssemblies/Unity.RenderPipeline.Universal.ShaderLibrary.dll
[609/659    0s] CopyFiles Library/Bee/PlayerScriptAssemblies/Unity.Postprocessing.Runtime.dll
[610/659    0s] CopyFiles Library/Bee/PlayerScriptAssemblies/Varjo.XR.dll
[611/659    0s] CopyFiles Library/Bee/PlayerScriptAssemblies/Unity.ProBuilder.KdTree.dll
[612/659    0s] CopyFiles Library/Bee/PlayerScriptAssemblies/Unity.XR.CoreUtils.dll
[613/659    0s] CopyFiles Library/Bee/PlayerScriptAssemblies/Unity.RenderPipelines.ShaderGraph.ShaderGraphLibrary.pdb
[614/659    0s] CopyFiles Library/Bee/PlayerScriptAssemblies/Unity.InputSystem.pdb
[615/659    0s] CopyFiles Library/Bee/PlayerScriptAssemblies/Unity.Animation.Rigging.pdb
[616/659    0s] CopyFiles Library/Bee/PlayerScriptAssemblies/Unity.Timeline.pdb
[617/659    0s] CopyFiles Library/Bee/PlayerScriptAssemblies/Unity.XR.OpenXR.Features.OculusQuestSupport.pdb
[618/659    0s] CopyFiles Library/Bee/PlayerScriptAssemblies/Unity.Mathematics.pdb
[619/659    0s] CopyFiles Library/Bee/PlayerScriptAssemblies/Unity.TextMeshPro.pdb
[620/659    0s] CopyFiles Library/Bee/PlayerScriptAssemblies/Unity.XR.OpenXR.Features.ConformanceAutomation.pdb
[621/659    0s] CopyFiles Library/Bee/PlayerScriptAssemblies/Ink-Libraries.pdb
[622/659    0s] CopyFiles Library/Bee/PlayerScriptAssemblies/Unity.Animation.Rigging.DocCodeExamples.pdb
[623/659    0s] CopyFiles Library/Bee/PlayerScriptAssemblies/Unity.XR.Management.pdb
[624/659    0s] CopyFiles Library/Bee/PlayerScriptAssemblies/Unity.RenderPipelines.Core.Runtime.pdb
[625/659    0s] CopyFiles Library/Bee/PlayerScriptAssemblies/UnityEngine.UI.pdb
[626/659    0s] CopyFiles Library/Bee/PlayerScriptAssemblies/Unity.XR.Interaction.Toolkit.pdb
[627/659    0s] CopyFiles Library/Bee/PlayerScriptAssemblies/Unity.Polybrush.pdb
[628/659    0s] CopyFiles Library/Bee/PlayerScriptAssemblies/Unity.ProBuilder.Poly2Tri.pdb
[629/659    0s] CopyFiles Library/Bee/PlayerScriptAssemblies/Unity.XR.OpenXR.Features.MockRuntime.pdb
[630/659    0s] CopyFiles Library/Bee/PlayerScriptAssemblies/Unity.XR.OpenXR.pdb
[631/659    0s] CopyFiles Library/Bee/PlayerScriptAssemblies/Unity.AI.Navigation.pdb
[632/659    0s] CopyFiles Library/Bee/PlayerScriptAssemblies/UnityEngine.SpatialTracking.pdb
[633/659    0s] CopyFiles Library/Bee/PlayerScriptAssemblies/Unity.Postprocessing.Runtime.pdb
[634/659    0s] CopyFiles Library/Bee/PlayerScriptAssemblies/Unity.XR.OpenXR.Features.MetaQuestSupport.pdb
[635/659    0s] CopyFiles Library/Bee/PlayerScriptAssemblies/Varjo.XR.pdb
[636/659    0s] CopyFiles Library/Bee/PlayerScriptAssemblies/Unity.XR.CoreUtils.pdb
[637/659    0s] CopyFiles Library/Bee/PlayerScriptAssemblies/Unity.XR.ARSubsystems.pdb
[638/659    0s] CopyFiles Library/Bee/PlayerScriptAssemblies/Unity.ProBuilder.KdTree.pdb
[639/659    0s] CopyFiles Library/Bee/PlayerScriptAssemblies/Unity.XR.ARFoundation.pdb
[640/659    0s] CopyFiles Library/Bee/PlayerScriptAssemblies/Unity.Burst.pdb
[641/659    0s] CopyFiles Library/Bee/PlayerScriptAssemblies/Unity.RenderPipelines.Universal.Shaders.pdb
[642/659    0s] CopyFiles Library/Bee/PlayerScriptAssemblies/Unity.XR.OpenXR.Features.RuntimeDebugger.pdb
[643/659    0s] CopyFiles Library/Bee/PlayerScriptAssemblies/Cinemachine.pdb
[644/659    0s] CopyFiles Library/Bee/PlayerScriptAssemblies/Unity.RenderPipelines.Universal.Runtime.pdb
[645/659    0s] CopyFiles Library/Bee/PlayerScriptAssemblies/Unity.RenderPipeline.Universal.ShaderLibrary.pdb
[646/659    0s] CopyFiles Library/Bee/PlayerScriptAssemblies/Unity.ProBuilder.Csg.pdb
[647/659    0s] CopyFiles Library/Bee/PlayerScriptAssemblies/Unity.ProBuilder.Stl.pdb
[648/659    0s] CopyFiles Library/Bee/PlayerScriptAssemblies/Unity.RenderPipelines.Core.ShaderLibrary.pdb
[649/659    0s] CopyFiles Library/Bee/PlayerScriptAssemblies/Unity.XR.ARFoundation.VisualScripting.pdb
[650/659    0s] CopyFiles Library/Bee/PlayerScriptAssemblies/Unity.XR.ARFoundation.InternalUtils.pdb
[651/659    0s] CopyFiles Library/Bee/PlayerScriptAssemblies/Unity.ProBuilder.pdb
[652/659    0s] CopyFiles Library/Bee/PlayerScriptAssemblies/UnityEngine.XR.LegacyInputHelpers.pdb
[653/659    0s] Csc Library/Bee/artifacts/2000b0aP.dag/Assembly-CSharp.dll (+2 others)
Assets\_Scripts\XR\DetectVR.cs(34,9): warning CS0162: Unreachable code detected

Assets\_Scripts\PlayerModeManager.cs(99,9): warning CS0162: Unreachable code detected

Assets\_Scripts\UI\Dialogue\StickOptionSelector.cs(26,36): warning CS0414: The field 'StickOptionSelector.horizontalDeadzone' is assigned but its value is never used

Assets\_Scripts\Islands\IslandTravelManager.cs(572,36): warning CS0414: The field 'IslandTravelManager.nonMoxoIntroAutoCloseSeconds' is assigned but its value is never used

Assets\_Scripts\Islands\IslandSelectionUI.cs(486,35): warning CS0414: The field 'IslandSelectionUI.useWASD' is assigned but its value is never used

Assets\_Scripts\MoxoCPT\DistractorSystem.cs(1081,40): warning CS0414: The field 'DistractorSystem.targetAvgConcurrency' is assigned but its value is never used

Assets\_Scripts\MoxoCPT\DistractorSystem.cs(1025,39): warning CS0414: The field 'DistractorSystem.allowOverlap' is assigned but its value is never used

Assets\_Scripts\UI\Dialogue\TestHandler.cs(55,41): warning CS0414: The field 'TestHandler.afterGameText' is assigned but its value is never used

Assets\Resources\ParticipantData\EyeTrack\EyeTrackLogger.cs(41,35): warning CS0414: The field 'EyeTrackLogger.alsoWriteEditorCopy' is assigned but its value is never used

Assets\_Scripts\Intro\EndGameCutscene.cs(64,36): warning CS0414: The field 'EndGameCutscene.editorEndingPreviewHoldSeconds' is assigned but its value is never used

Assets\_Scripts\Islands\KoalaDialogueHandler.cs(118,23): warning CS0414: The field 'KoalaDialogueHandler._openPickerCo' is assigned but its value is never used

Assets\_Scripts\UI\Dialogue\StickOptionSelector.cs(28,36): warning CS0414: The field 'StickOptionSelector.repeatDelay' is assigned but its value is never used

Assets\_Scripts\UI\Dialogue\StickOptionSelector.cs(46,19): warning CS0414: The field 'StickOptionSelector._repeatTimer' is assigned but its value is never used

Assets\_Scripts\UI\Dialogue\StickOptionSelector.cs(45,18): warning CS0414: The field 'StickOptionSelector._canStep' is assigned but its value is never used

Assets\_Scripts\Islands\IslandTravelManager.cs(571,35): warning CS0414: The field 'IslandTravelManager.autoCloseNonMoxoIntro' is assigned but its value is never used

Assets\_Scripts\MoxoCPT\TrainingCPTRunner.cs(377,35): warning CS0414: The field 'TrainingCPTRunner.lockCardUntilCountdownEnds' is assigned but its value is never used

Assets\_Scripts\UI\Dialogue\TestHandler.cs(54,41): warning CS0414: The field 'TestHandler.afterGameKey' is assigned but its value is never used
[654/659    0s] ILPostProcess Library/Bee/artifacts/2000b0aP.dag/post-processed/Assembly-CSharp.dll (+pdb)
Processing assembly Library/Bee/artifacts/2000b0aP.dag/Assembly-CSharp.dll, with 94 defines and 219 references

processors: zzzUnity.Burst.CodeGen.BurstILPostProcessor

running zzzUnity.Burst.CodeGen.BurstILPostProcessor
[655/659    0s] CopyFiles Library/Bee/PlayerScriptAssemblies/Assembly-CSharp.pdb
[656/659    0s] CopyFiles Library/Bee/PlayerScriptAssemblies/Assembly-CSharp.dll
[658/659    0s] BuildPlayerDataGenerator Library/BuildPlayerData/Player/RuntimeInitializeOnLoads.json (+1 other)
*** Tundra build success (2.05 seconds), 89 items updated, 659 evaluated
Assets\_Scripts\XR\DetectVR.cs(34,9): warning CS0162: Unreachable code detected
Assets\_Scripts\PlayerModeManager.cs(99,9): warning CS0162: Unreachable code detected
Assets\_Scripts\UI\Dialogue\StickOptionSelector.cs(26,36): warning CS0414: The field 'StickOptionSelector.horizontalDeadzone' is assigned but its value is never used
Assets\_Scripts\Islands\IslandTravelManager.cs(572,36): warning CS0414: The field 'IslandTravelManager.nonMoxoIntroAutoCloseSeconds' is assigned but its value is never used
Assets\_Scripts\Islands\IslandSelectionUI.cs(486,35): warning CS0414: The field 'IslandSelectionUI.useWASD' is assigned but its value is never used
Assets\_Scripts\MoxoCPT\DistractorSystem.cs(1081,40): warning CS0414: The field 'DistractorSystem.targetAvgConcurrency' is assigned but its value is never used
Assets\_Scripts\MoxoCPT\DistractorSystem.cs(1025,39): warning CS0414: The field 'DistractorSystem.allowOverlap' is assigned but its value is never used
Assets\_Scripts\UI\Dialogue\TestHandler.cs(55,41): warning CS0414: The field 'TestHandler.afterGameText' is assigned but its value is never used
Assets\Resources\ParticipantData\EyeTrack\EyeTrackLogger.cs(41,35): warning CS0414: The field 'EyeTrackLogger.alsoWriteEditorCopy' is assigned but its value is never used
Assets\_Scripts\Intro\EndGameCutscene.cs(64,36): warning CS0414: The field 'EndGameCutscene.editorEndingPreviewHoldSeconds' is assigned but its value is never used
Assets\_Scripts\Islands\KoalaDialogueHandler.cs(118,23): warning CS0414: The field 'KoalaDialogueHandler._openPickerCo' is assigned but its value is never used
Assets\_Scripts\UI\Dialogue\StickOptionSelector.cs(28,36): warning CS0414: The field 'StickOptionSelector.repeatDelay' is assigned but its value is never used
Assets\_Scripts\UI\Dialogue\StickOptionSelector.cs(46,19): warning CS0414: The field 'StickOptionSelector._repeatTimer' is assigned but its value is never used
Assets\_Scripts\UI\Dialogue\StickOptionSelector.cs(45,18): warning CS0414: The field 'StickOptionSelector._canStep' is assigned but its value is never used
Assets\_Scripts\Islands\IslandTravelManager.cs(571,35): warning CS0414: The field 'IslandTravelManager.autoCloseNonMoxoIntro' is assigned but its value is never used
Assets\_Scripts\MoxoCPT\TrainingCPTRunner.cs(377,35): warning CS0414: The field 'TrainingCPTRunner.lockCardUntilCountdownEnds' is assigned but its value is never used
Assets\_Scripts\UI\Dialogue\TestHandler.cs(54,41): warning CS0414: The field 'TestHandler.afterGameKey' is assigned but its value is never used
Total cache size 107370792
Total cache size after purge 107370792
Not rebuilding Data files -- no changes
Asset Pipeline Refresh (id=595a173517586244bafa3d9334cbe3d3): Total: 0.156 seconds - Initiated by RefreshV2(NoUpdateAssetOptions)


Mono dependencies included in the build
Dependency assembly - System.Collections.dll
Dependency assembly - System.Data.SqlClient.dll
Dependency assembly - System.ComponentModel.Composition.dll
Dependency assembly - System.Windows.Forms.dll
Dependency assembly - System.Threading.Tasks.dll
Dependency assembly - System.Core.dll
Dependency assembly - System.IO.Pipes.dll
Dependency assembly - System.DirectoryServices.Protocols.dll
Dependency assembly - System.Buffers.dll
Dependency assembly - System.Diagnostics.Tools.dll
Dependency assembly - System.IdentityModel.Selectors.dll
Dependency assembly - System.Security.Cryptography.Encryption.ECDsa.dll
Dependency assembly - System.Web.Services.dll
Dependency assembly - System.Reflection.Extensions.dll
Dependency assembly - System.Security.Cryptography.RandomNumberGenerator.dll
Dependency assembly - System.Xml.XmlSerializer.dll
Dependency assembly - System.ServiceModel.Discovery.dll
Dependency assembly - System.Windows.Forms.DataVisualization.dll
Dependency assembly - System.ServiceModel.Http.dll
Dependency assembly - System.Net.Mail.dll
Dependency assembly - System.Threading.Tasks.Parallel.dll
Dependency assembly - System.Resources.ReaderWriter.dll
Dependency assembly - System.Runtime.Loader.dll
Dependency assembly - Unity.RenderPipelines.Core.ShaderLibrary.dll
Dependency assembly - System.Security.Cryptography.DeriveBytes.dll
Dependency assembly - System.ServiceProcess.ServiceController.dll
Dependency assembly - Unity.RenderPipeline.Universal.ShaderLibrary.dll
Dependency assembly - Unity.Timeline.dll
Dependency assembly - System.Net.WebSockets.dll
Dependency assembly - Ink-Libraries.dll
Dependency assembly - System.Design.dll
Dependency assembly - System.IO.FileSystem.dll
Dependency assembly - System.Runtime.Serialization.dll
Dependency assembly - System.Drawing.dll
Dependency assembly - Unity.ProBuilder.KdTree.dll
Dependency assembly - Unity.XR.Interaction.Toolkit.dll
Dependency assembly - System.Data.DataSetExtensions.dll
Dependency assembly - System.IO.dll
Dependency assembly - System.Xml.XDocument.dll
Dependency assembly - System.Web.Extensions.dll
Dependency assembly - System.Resources.ResourceManager.dll
Dependency assembly - Unity.ProBuilder.Csg.dll
Dependency assembly - System.IO.UnmanagedMemoryStream.dll
Dependency assembly - System.Xml.Xsl.Primitives.dll
Dependency assembly - Mono.Data.Tds.dll
Dependency assembly - System.Web.dll
Dependency assembly - System.Drawing.Primitives.dll
Dependency assembly - System.Net.Ping.dll
Dependency assembly - System.Data.Linq.dll
Dependency assembly - Microsoft.Win32.Primitives.dll
Dependency assembly - UnityEngine.UI.dll
Dependency assembly - System.Configuration.dll
Dependency assembly - System.Security.Cryptography.Cng.dll
Dependency assembly - System.ValueTuple.dll
Dependency assembly - System.IO.Compression.ZipFile.dll
Dependency assembly - System.Runtime.InteropServices.dll
Dependency assembly - System.Xml.dll
Dependency assembly - System.Runtime.CompilerServices.VisualC.dll
Dependency assembly - System.IO.Compression.FileSystem.dll
Dependency assembly - System.Management.dll
Dependency assembly - System.Collections.NonGeneric.dll
Dependency assembly - System.Net.Http.dll
Dependency assembly - System.ComponentModel.TypeConverter.dll
Dependency assembly - System.ObjectModel.dll
Dependency assembly - System.Xml.XPath.XDocument.dll
Dependency assembly - System.Windows.dll
Dependency assembly - System.Xml.XPath.XmlDocument.dll
Dependency assembly - System.Security.Cryptography.Encryption.ECDiffieHellman.dll
Dependency assembly - System.Numerics.dll
Dependency assembly - System.Threading.Overlapped.dll
Dependency assembly - System.IO.MemoryMappedFiles.dll
Dependency assembly - System.IO.FileSystem.Watcher.dll
Dependency assembly - Assembly-CSharp.dll
Dependency assembly - System.Globalization.Extensions.dll
Dependency assembly - System.Net.NameResolution.dll
Dependency assembly - System.Resources.Writer.dll
Dependency assembly - System.Text.Encoding.dll
Dependency assembly - System.Text.Encoding.Extensions.dll
Dependency assembly - Microsoft.CSharp.dll
Dependency assembly - System.Net.Utilities.dll
Dependency assembly - System.Runtime.Serialization.Primitives.dll
Dependency assembly - System.Linq.dll
Dependency assembly - Unity.XR.OpenXR.dll
Dependency assembly - System.Net.Primitives.dll
Dependency assembly - System.Runtime.Handles.dll
Dependency assembly - Unity.XR.ARFoundation.dll
Dependency assembly - System.IO.IsolatedStorage.dll
Dependency assembly - System.Collections.Concurrent.dll
Dependency assembly - System.Memory.dll
Dependency assembly - System.ComponentModel.DataAnnotations.dll
Dependency assembly - System.Runtime.Numerics.dll
Dependency assembly - System.Data.OracleClient.dll
Dependency assembly - System.Runtime.DurableInstancing.dll
Dependency assembly - Unity.TextMeshPro.dll
Dependency assembly - System.Runtime.InteropServices.WindowsRuntime.dll
Dependency assembly - System.Threading.Tasks.Extensions.dll
Dependency assembly - System.Threading.dll
Dependency assembly - System.Runtime.dll
Dependency assembly - System.Runtime.Serialization.Xml.dll
Dependency assembly - System.Globalization.Calendars.dll
Dependency assembly - System.Transactions.dll
Dependency assembly - System.Security.Cryptography.Encryption.Aes.dll
Dependency assembly - System.Security.Principal.Windows.dll
Dependency assembly - System.Diagnostics.FileVersionInfo.dll
Dependency assembly - System.Security.Cryptography.Algorithms.dll
Dependency assembly - System.Text.RegularExpressions.dll
Dependency assembly - System.Globalization.dll
Dependency assembly - System.Security.Cryptography.Primitives.dll
Dependency assembly - System.Runtime.Serialization.Json.dll
Dependency assembly - Unity.XR.OpenXR.Features.OculusQuestSupport.dll
Dependency assembly - Unity.Polybrush.dll
Dependency assembly - System.Runtime.Extensions.dll
Dependency assembly - System.Security.Cryptography.Csp.dll
Dependency assembly - System.Diagnostics.Contracts.dll
Dependency assembly - Unity.ProBuilder.Stl.dll
Dependency assembly - System.Threading.ThreadPool.dll
Dependency assembly - System.Text.Encoding.CodePages.dll
Dependency assembly - Unity.ProBuilder.Poly2Tri.dll
Dependency assembly - System.Reflection.TypeExtensions.dll
Dependency assembly - Mono.Data.Sqlite.dll
Dependency assembly - System.Runtime.InteropServices.RuntimeInformation.dll
Dependency assembly - System.Net.HttpListener.dll
Dependency assembly - System.Xml.Linq.dll
Dependency assembly - System.ComponentModel.Annotations.dll
Dependency assembly - Unity.XR.OpenXR.Features.RuntimeDebugger.dll
Dependency assembly - System.Security.Principal.dll
Dependency assembly - Unity.AI.Navigation.dll
Dependency assembly - System.Json.dll
Dependency assembly - System.ServiceModel.Activation.dll
Dependency assembly - System.Linq.Parallel.dll
Dependency assembly - System.Threading.Timer.dll
Dependency assembly - System.Configuration.Install.dll
Dependency assembly - System.Linq.Expressions.dll
Dependency assembly - System.Security.Cryptography.X509Certificates.dll
Dependency assembly - System.ComponentModel.EventBasedAsync.dll
Dependency assembly - System.Data.Common.dll
Dependency assembly - System.Data.dll
Dependency assembly - System.Security.AccessControl.dll
Dependency assembly - Unity.XR.CoreUtils.dll
Dependency assembly - System.Security.SecureString.dll
Dependency assembly - System.IO.Compression.dll
Dependency assembly - UnityEngine.SpatialTracking.dll
Dependency assembly - System.ServiceModel.Duplex.dll
Dependency assembly - Unity.Burst.dll
Dependency assembly - System.Net.Requests.dll
Dependency assembly - System.Web.Extensions.Design.dll
Dependency assembly - System.IdentityModel.dll
Dependency assembly - Unity.XR.Management.dll
Dependency assembly - System.ServiceModel.Security.dll
Dependency assembly - System.Diagnostics.TraceEvent.dll
Dependency assembly - System.Dynamic.Runtime.dll
Dependency assembly - System.Net.WebSockets.Client.dll
Dependency assembly - Unity.XR.OpenXR.Features.MockRuntime.dll
Dependency assembly - System.Net.Sockets.dll
Dependency assembly - System.Security.Claims.dll
Dependency assembly - System.Security.Cryptography.ProtectedData.dll
Dependency assembly - System.Console.dll
Dependency assembly - System.Web.ApplicationServices.dll
Dependency assembly - System.ServiceModel.Primitives.dll
Dependency assembly - System.Reflection.Context.dll
Dependency assembly - Cinemachine.dll
Dependency assembly - System.Diagnostics.StackTrace.dll
Dependency assembly - System.Threading.AccessControl.dll
Dependency assembly - System.Reflection.dll
Dependency assembly - System.Runtime.Caching.dll
Dependency assembly - System.Reflection.Emit.Lightweight.dll
Dependency assembly - System.Reflection.Emit.dll
Dependency assembly - System.Xml.XmlDocument.dll
Dependency assembly - Unity.Animation.Rigging.dll
Dependency assembly - System.Diagnostics.Tracing.dll
Dependency assembly - System.Threading.Thread.dll
Dependency assembly - System.Linq.Queryable.dll
Dependency assembly - System.Security.Cryptography.Pkcs.dll
Dependency assembly - System.Net.AuthenticationManager.dll
Dependency assembly - System.Net.dll
Dependency assembly - System.Net.Security.dll
Dependency assembly - Unity.XR.ARFoundation.VisualScripting.dll
Dependency assembly - mscorlib.dll
Dependency assembly - Unity.RenderPipelines.Universal.Runtime.dll
Dependency assembly - System.Diagnostics.TraceSource.dll
Dependency assembly - System.Reflection.Emit.ILGeneration.dll
Dependency assembly - System.Resources.Reader.dll
Dependency assembly - System.Drawing.Design.dll
Dependency assembly - Unity.XR.OpenXR.Features.MetaQuestSupport.dll
Dependency assembly - System.Net.NetworkInformation.dll
Dependency assembly - System.Security.Cryptography.Hashing.Algorithms.dll
Dependency assembly - System.Runtime.Remoting.dll
Dependency assembly - Unity.Postprocessing.Runtime.dll
Dependency assembly - netstandard.dll
Dependency assembly - Unity.RenderPipelines.Universal.Shaders.dll
Dependency assembly - System.Web.RegularExpressions.dll
Dependency assembly - System.Security.dll
Dependency assembly - System.Data.Services.Client.dll
Dependency assembly - Unity.RenderPipelines.Core.Runtime.dll
Dependency assembly - Unity.RenderPipelines.ShaderGraph.ShaderGraphLibrary.dll
Dependency assembly - Unity.Mathematics.dll
Dependency assembly - Accessibility.dll
Dependency assembly - System.Net.Cache.dll
Dependency assembly - System.Runtime.Serialization.Formatters.dll
Dependency assembly - System.ComponentModel.dll
Dependency assembly - System.Diagnostics.Process.dll
Dependency assembly - System.Security.Cryptography.OpenSsl.dll
Dependency assembly - UnityEngine.XR.LegacyInputHelpers.dll
Dependency assembly - Unity.XR.OpenXR.Features.ConformanceAutomation.dll
Dependency assembly - System.Net.Http.WebRequest.dll
Dependency assembly - System.ServiceModel.Routing.dll
Dependency assembly - System.Net.ServicePoint.dll
Dependency assembly - Unity.Burst.Unsafe.dll
Dependency assembly - System.Runtime.Serialization.Formatters.Soap.dll
Dependency assembly - System.IO.FileSystem.Primitives.dll
Dependency assembly - System.Xml.XPath.dll
Dependency assembly - System.ServiceProcess.dll
Dependency assembly - System.IO.FileSystem.AccessControl.dll
Dependency assembly - Varjo.XR.dll
Dependency assembly - System.Data.Entity.dll
Dependency assembly - Unity.XR.ARSubsystems.dll
Dependency assembly - System.ComponentModel.Primitives.dll
Dependency assembly - Unity.ProBuilder.dll
Dependency assembly - System.ServiceModel.dll
Dependency assembly - System.Security.Cryptography.Encryption.dll
Dependency assembly - System.Reflection.DispatchProxy.dll
Dependency assembly - System.DirectoryServices.dll
Dependency assembly - Microsoft.Win32.Registry.AccessControl.dll
Dependency assembly - System.Web.DynamicData.dll
Dependency assembly - System.Diagnostics.TextWriterTraceListener.dll
Dependency assembly - System.Diagnostics.Debug.dll
Dependency assembly - Unity.Animation.Rigging.DocCodeExamples.dll
Dependency assembly - System.ServiceModel.NetTcp.dll
Dependency assembly - System.Reflection.Primitives.dll
Dependency assembly - System.Collections.Specialized.dll
Dependency assembly - System.ServiceModel.Web.dll
Dependency assembly - Microsoft.Win32.Registry.dll
Dependency assembly - Unity.XR.ARFoundation.InternalUtils.dll
Dependency assembly - System.Net.WebHeaderCollection.dll
Dependency assembly - Unity.InputSystem.dll
Dependency assembly - System.AppContext.dll
Dependency assembly - System.Xml.Serialization.dll
Dependency assembly - System.Xml.ReaderWriter.dll
Dependency assembly - System.Security.Cryptography.Encoding.dll
Dependency assembly - System.Data.Services.dll
Dependency assembly - System.EnterpriseServices.dll
Dependency assembly - System.Numerics.Vectors.dll
Dependency assembly - Mono.Security.dll
Dependency assembly - System.dll
Dependency assembly - System.Security.Cryptography.RSA.dll
Dependency assembly - System.Security.Cryptography.Hashing.dll
Dependency assembly - System.Messaging.dll
Dependency assembly - System.ServiceModel.Internals.dll
Dependency assembly - System.Xaml.dll
Dependency assembly - System.IO.FileSystem.DriveInfo.dll

info: Microsoft.AspNetCore.Hosting.Diagnostics[1]
      Request starting HTTP/2 POST http://ilpp/UnityILPP.PostProcessing/Ping application/grpc -
info: Microsoft.AspNetCore.Routing.EndpointMiddleware[0]
      Executing endpoint 'gRPC - /UnityILPP.PostProcessing/Ping'
info: Microsoft.AspNetCore.Routing.EndpointMiddleware[1]
      Executed endpoint 'gRPC - /UnityILPP.PostProcessing/Ping'
info: Microsoft.AspNetCore.Hosting.Diagnostics[2]
      Request finished HTTP/2 POST http://ilpp/UnityILPP.PostProcessing/Ping application/grpc - - 200 - application/grpc 0.3443ms
Starting: C:\Program Files\Unity\Hub\Editor\2022.2.4f1\Editor\Data\bee_backend.exe --dont-print-to-structured-log --ipc --dagfile="Library/Bee/Playera7fe145f.dag" --profile="Library/Bee/backend1.traceevents" Player
WorkingDir: C:/Users/mydoa/Downloads/ADHDScreening/GamifyingADHDScreening
DisplayProgressbar: Incremental Player Build
[222/635    0s] AddBootConfigGUID Library/Bee/artifacts/WebGL/boot.config
[223/635    2s] PreprocessJS C:/Users/mydoa/Downloads/ADHDScreening/Umaki_WebGL/Build/Umaki_WebGL.loader.js
[BUSY       7s] UnityLinker C:/Users/mydoa/Downloads/ADHDScreening/GamifyingADHDScreening/Library/Bee/artifacts/unitylinker_ber2.traceevents
[224/635    9s] UnityLinker C:/Users/mydoa/Downloads/ADHDScreening/GamifyingADHDScreening/Library/Bee/artifacts/unitylinker_ber2.traceevents
C:\Program Files\Unity\Hub\Editor\2022.2.4f1\Editor\Data\il2cpp\build\deploy\UnityLinker.exe --search-directory=C:/Users/mydoa/Downloads/ADHDScreening/GamifyingADHDScreening/Library/Bee/PlayerScriptAssemblies --search-directory=C:/Program Files/Unity/Hub/Editor/2022.2.4f1/Editor/Data/PlaybackEngines/WebGLSupport/Managed --search-directory=C:/Users/mydoa/Downloads/ADHDScreening/GamifyingADHDScreening/Library/PackageCache/com.unity.burst@1.8.2 --search-directory=C:/Program Files/Unity/Hub/Editor/2022.2.4f1/Editor/Data/MonoBleedingEdge/lib/mono/unityaot-linux --search-directory=C:/Program Files/Unity/Hub/Editor/2022.2.4f1/Editor/Data/MonoBleedingEdge/lib/mono/unityaot-linux/Facades --out=Library/Bee/artifacts/WebGL/ManagedStripped --include-link-xml=C:/Users/mydoa/Downloads/ADHDScreening/GamifyingADHDScreening/Temp/StagingArea/Data/Managed\MethodsToPreserve.xml --include-link-xml=C:/Users/mydoa/Downloads/ADHDScreening/GamifyingADHDScreening/Temp/StagingArea/Data/Managed\TypesInScenes.xml --include-link-xml=C:/Users/mydoa/Downloads/ADHDScreening/GamifyingADHDScreening/Temp/StagingArea/Data/Managed\SerializedTypes.xml --include-link-xml=C:/Users/mydoa/Downloads/ADHDScreening/GamifyingADHDScreening/Assets\..\Temp\InputSystemLink.xml --include-directory=C:/Users/mydoa/Downloads/ADHDScreening/GamifyingADHDScreening/Library/Bee/PlayerScriptAssemblies --include-directory=C:/Program Files/Unity/Hub/Editor/2022.2.4f1/Editor/Data/PlaybackEngines/WebGLSupport/Managed --include-directory=C:/Users/mydoa/Downloads/ADHDScreening/GamifyingADHDScreening/Library/PackageCache/com.unity.burst@1.8.2 --include-directory=C:/Program Files/Unity/Hub/Editor/2022.2.4f1/Editor/Data/MonoBleedingEdge/lib/mono/unityaot-linux --include-directory=C:/Program Files/Unity/Hub/Editor/2022.2.4f1/Editor/Data/MonoBleedingEdge/lib/mono/unityaot-linux/Facades --profiler-report --profiler-output-file=C:/Users/mydoa/Downloads/ADHDScreening/GamifyingADHDScreening/Library/Bee/artifacts/unitylinker_ber2.traceevents --dotnetprofile=unityaot-linux --dotnetruntime=Il2Cpp --architecture=EmscriptenJavaScript --platform=WebGL --use-editor-options --enable-engine-module-stripping --engine-modules-asset-file=C:/Program Files/Unity/Hub/Editor/2022.2.4f1/Editor/Data/PlaybackEngines/WebGLSupport/modules.asset --editor-data-file=C:/Users/mydoa/Downloads/ADHDScreening/GamifyingADHDScreening/Temp/StagingArea/Data/Managed/EditorToUnityLinkerData.json --include-unity-root-assembly=C:/Users/mydoa/Downloads/ADHDScreening/GamifyingADHDScreening/Library/Bee/PlayerScriptAssemblies/Assembly-CSharp.dll --include-unity-root-assembly=C:/Users/mydoa/Downloads/ADHDScreening/GamifyingADHDScreening/Library/Bee/PlayerScriptAssemblies/Unity.XR.Management.dll --include-unity-root-assembly=C:/Users/mydoa/Downloads/ADHDScreening/GamifyingADHDScreening/Library/Bee/PlayerScriptAssemblies/Unity.RenderPipelines.Core.Runtime.dll --include-unity-root-assembly=C:/Users/mydoa/Downloads/ADHDScreening/GamifyingADHDScreening/Library/Bee/PlayerScriptAssemblies/Unity.XR.OpenXR.Features.ConformanceAutomation.dll --include-unity-root-assembly=C:/Users/mydoa/Downloads/ADHDScreening/GamifyingADHDScreening/Library/Bee/PlayerScriptAssemblies/Unity.XR.OpenXR.Features.MockRuntime.dll --include-unity-root-assembly=C:/Users/mydoa/Downloads/ADHDScreening/GamifyingADHDScreening/Library/Bee/PlayerScriptAssemblies/Unity.XR.CoreUtils.dll --include-unity-root-assembly=C:/Users/mydoa/Downloads/ADHDScreening/GamifyingADHDScreening/Library/Bee/PlayerScriptAssemblies/Unity.XR.OpenXR.dll --include-unity-root-assembly=C:/Users/mydoa/Downloads/ADHDScreening/GamifyingADHDScreening/Library/Bee/PlayerScriptAssemblies/Unity.XR.OpenXR.Features.MetaQuestSupport.dll --include-unity-root-assembly=C:/Users/mydoa/Downloads/ADHDScreening/GamifyingADHDScreening/Library/Bee/PlayerScriptAssemblies/Unity.TextMeshPro.dll --include-unity-root-assembly=C:/Users/mydoa/Downloads/ADHDScreening/GamifyingADHDScreening/Library/Bee/PlayerScriptAssemblies/Ink-Libraries.dll --include-unity-root-assembly=C:/Users/mydoa/Downloads/ADHDScreening/GamifyingADHDScreening/Library/Bee/PlayerScriptAssemblies/Unity.Animation.Rigging.dll --include-unity-root-assembly=C:/Users/mydoa/Downloads/ADHDScreening/GamifyingADHDScreening/Library/Bee/PlayerScriptAssemblies/Unity.XR.OpenXR.Features.OculusQuestSupport.dll --include-unity-root-assembly=C:/Users/mydoa/Downloads/ADHDScreening/GamifyingADHDScreening/Library/Bee/PlayerScriptAssemblies/Unity.XR.Interaction.Toolkit.dll --include-unity-root-assembly=C:/Users/mydoa/Downloads/ADHDScreening/GamifyingADHDScreening/Library/Bee/PlayerScriptAssemblies/Unity.XR.OpenXR.Features.RuntimeDebugger.dll --include-unity-root-assembly=C:/Users/mydoa/Downloads/ADHDScreening/GamifyingADHDScreening/Library/Bee/PlayerScriptAssemblies/Unity.RenderPipelines.Universal.Runtime.dll --include-unity-root-assembly=C:/Users/mydoa/Downloads/ADHDScreening/GamifyingADHDScreening/Library/Bee/PlayerScriptAssemblies/UnityEngine.UI.dll --include-unity-root-assembly=C:/Users/mydoa/Downloads/ADHDScreening/GamifyingADHDScreening/Library/Bee/PlayerScriptAssemblies/Unity.InputSystem.dll --include-unity-root-assembly=C:/Users/mydoa/Downloads/ADHDScreening/GamifyingADHDScreening/Library/Bee/PlayerScriptAssemblies/Varjo.XR.dll --include-unity-root-assembly=C:/Users/mydoa/Downloads/ADHDScreening/GamifyingADHDScreening/Library/Bee/PlayerScriptAssemblies/Cinemachine.dll --print-command-line --enable-analytics
[227/635    0s] CopyFiles Temp/EditorBuildOutput/UnityLinkerToEditorData.json
[BUSY       6s] IL2CPP_CodeGen C:/Users/mydoa/Downloads/ADHDScreening/GamifyingADHDScreening/Library/Bee/artifacts/il2cpp_conv_hkzh.traceevents
[230/635   12s] IL2CPP_CodeGen C:/Users/mydoa/Downloads/ADHDScreening/GamifyingADHDScreening/Library/Bee/artifacts/il2cpp_conv_hkzh.traceevents
C:\Program Files\Unity\Hub\Editor\2022.2.4f1\Editor\Data\il2cpp\build\deploy\il2cpp.exe --convert-to-cpp --assembly=Library/Bee/artifacts/WebGL/ManagedStripped/Assembly-CSharp.dll --assembly=Library/Bee/artifacts/WebGL/ManagedStripped/Cinemachine.dll --assembly=Library/Bee/artifacts/WebGL/ManagedStripped/Ink-Libraries.dll --assembly=Library/Bee/artifacts/WebGL/ManagedStripped/Mono.Security.dll --assembly=Library/Bee/artifacts/WebGL/ManagedStripped/mscorlib.dll --assembly=Library/Bee/artifacts/WebGL/ManagedStripped/System.Configuration.dll --assembly=Library/Bee/artifacts/WebGL/ManagedStripped/System.Core.dll --assembly=Library/Bee/artifacts/WebGL/ManagedStripped/System.dll --assembly=Library/Bee/artifacts/WebGL/ManagedStripped/System.Xml.dll --assembly=Library/Bee/artifacts/WebGL/ManagedStripped/Unity.Animation.Rigging.dll --assembly=Library/Bee/artifacts/WebGL/ManagedStripped/Unity.Burst.dll --assembly=Library/Bee/artifacts/WebGL/ManagedStripped/Unity.Burst.Unsafe.dll --assembly=Library/Bee/artifacts/WebGL/ManagedStripped/Unity.InputSystem.dll --assembly=Library/Bee/artifacts/WebGL/ManagedStripped/Unity.Mathematics.dll --assembly=Library/Bee/artifacts/WebGL/ManagedStripped/Unity.Postprocessing.Runtime.dll --assembly=Library/Bee/artifacts/WebGL/ManagedStripped/Unity.RenderPipeline.Universal.ShaderLibrary.dll --assembly=Library/Bee/artifacts/WebGL/ManagedStripped/Unity.RenderPipelines.Core.Runtime.dll --assembly=Library/Bee/artifacts/WebGL/ManagedStripped/Unity.RenderPipelines.Universal.Runtime.dll --assembly=Library/Bee/artifacts/WebGL/ManagedStripped/Unity.TextMeshPro.dll --assembly=Library/Bee/artifacts/WebGL/ManagedStripped/Unity.Timeline.dll --assembly=Library/Bee/artifacts/WebGL/ManagedStripped/Unity.XR.ARFoundation.dll --assembly=Library/Bee/artifacts/WebGL/ManagedStripped/Unity.XR.ARFoundation.InternalUtils.dll --assembly=Library/Bee/artifacts/WebGL/ManagedStripped/Unity.XR.ARSubsystems.dll --assembly=Library/Bee/artifacts/WebGL/ManagedStripped/Unity.XR.CoreUtils.dll --assembly=Library/Bee/artifacts/WebGL/ManagedStripped/Unity.XR.Interaction.Toolkit.dll --assembly=Library/Bee/artifacts/WebGL/ManagedStripped/Unity.XR.Management.dll --assembly=Library/Bee/artifacts/WebGL/ManagedStripped/Unity.XR.OpenXR.dll --assembly=Library/Bee/artifacts/WebGL/ManagedStripped/Unity.XR.OpenXR.Features.ConformanceAutomation.dll --assembly=Library/Bee/artifacts/WebGL/ManagedStripped/Unity.XR.OpenXR.Features.MetaQuestSupport.dll --assembly=Library/Bee/artifacts/WebGL/ManagedStripped/Unity.XR.OpenXR.Features.MockRuntime.dll --assembly=Library/Bee/artifacts/WebGL/ManagedStripped/Unity.XR.OpenXR.Features.OculusQuestSupport.dll --assembly=Library/Bee/artifacts/WebGL/ManagedStripped/Unity.XR.OpenXR.Features.RuntimeDebugger.dll --assembly=Library/Bee/artifacts/WebGL/ManagedStripped/UnityEngine.AnimationModule.dll --assembly=Library/Bee/artifacts/WebGL/ManagedStripped/UnityEngine.AudioModule.dll --assembly=Library/Bee/artifacts/WebGL/ManagedStripped/UnityEngine.CoreModule.dll --assembly=Library/Bee/artifacts/WebGL/ManagedStripped/UnityEngine.DirectorModule.dll --assembly=Library/Bee/artifacts/WebGL/ManagedStripped/UnityEngine.dll --assembly=Library/Bee/artifacts/WebGL/ManagedStripped/UnityEngine.GridModule.dll --assembly=Library/Bee/artifacts/WebGL/ManagedStripped/UnityEngine.IMGUIModule.dll --assembly=Library/Bee/artifacts/WebGL/ManagedStripped/UnityEngine.InputLegacyModule.dll --assembly=Library/Bee/artifacts/WebGL/ManagedStripped/UnityEngine.InputModule.dll --assembly=Library/Bee/artifacts/WebGL/ManagedStripped/UnityEngine.JSONSerializeModule.dll --assembly=Library/Bee/artifacts/WebGL/ManagedStripped/UnityEngine.ParticleSystemModule.dll --assembly=Library/Bee/artifacts/WebGL/ManagedStripped/UnityEngine.Physics2DModule.dll --assembly=Library/Bee/artifacts/WebGL/ManagedStripped/UnityEngine.PhysicsModule.dll --assembly=Library/Bee/artifacts/WebGL/ManagedStripped/UnityEngine.PropertiesModule.dll --assembly=Library/Bee/artifacts/WebGL/ManagedStripped/UnityEngine.SharedInternalsModule.dll --assembly=Library/Bee/artifacts/WebGL/ManagedStripped/UnityEngine.SpatialTracking.dll --assembly=Library/Bee/artifacts/WebGL/ManagedStripped/UnityEngine.SpriteShapeModule.dll --assembly=Library/Bee/artifacts/WebGL/ManagedStripped/UnityEngine.SubsystemsModule.dll --assembly=Library/Bee/artifacts/WebGL/ManagedStripped/UnityEngine.TextCoreFontEngineModule.dll --assembly=Library/Bee/artifacts/WebGL/ManagedStripped/UnityEngine.TextCoreTextEngineModule.dll --assembly=Library/Bee/artifacts/WebGL/ManagedStripped/UnityEngine.TextRenderingModule.dll --assembly=Library/Bee/artifacts/WebGL/ManagedStripped/UnityEngine.TilemapModule.dll --assembly=Library/Bee/artifacts/WebGL/ManagedStripped/UnityEngine.UI.dll --assembly=Library/Bee/artifacts/WebGL/ManagedStripped/UnityEngine.UIElementsModule.dll --assembly=Library/Bee/artifacts/WebGL/ManagedStripped/UnityEngine.UIModule.dll --assembly=Library/Bee/artifacts/WebGL/ManagedStripped/UnityEngine.UnityAnalyticsModule.dll --assembly=Library/Bee/artifacts/WebGL/ManagedStripped/UnityEngine.UnityWebRequestModule.dll --assembly=Library/Bee/artifacts/WebGL/ManagedStripped/UnityEngine.VideoModule.dll --assembly=Library/Bee/artifacts/WebGL/ManagedStripped/UnityEngine.VRModule.dll --assembly=Library/Bee/artifacts/WebGL/ManagedStripped/UnityEngine.XRModule.dll --assembly=Library/Bee/artifacts/WebGL/ManagedStripped/Varjo.XR.dll --generatedcppdir=C:/Users/mydoa/Downloads/ADHDScreening/GamifyingADHDScreening/Library/Bee/artifacts/WebGL/il2cppOutput/cpp --enable-analytics --emit-method-map --dotnetprofile=unityaot-linux --profiler-report --profiler-output-file=C:/Users/mydoa/Downloads/ADHDScreening/GamifyingADHDScreening/Library/Bee/artifacts/il2cpp_conv_hkzh.traceevents --print-command-line --data-folder=C:/Users/mydoa/Downloads/ADHDScreening/GamifyingADHDScreening/Library/Bee/artifacts/WebGL/il2cppOutput/data
[231/635    0s] CopyFiles C:/Users/mydoa/Downloads/ADHDScreening/GamifyingADHDScreening/Library/Bee/artifacts/WebGL/il2cppOutput/build/Data/Resources/mscorlib.dll-resources.dat
[607/635    0s] CopyFiles C:/Users/mydoa/Downloads/ADHDScreening/GamifyingADHDScreening/Library/Bee/artifacts/WebGL/il2cppOutput/build/Data/Metadata/global-metadata.dat
[609/635    0s] CopyFiles Temp/EditorBuildOutput/MethodMap.tsv
[611/635    1s] C_WebGL_wasm Library/Bee/artifacts/WebGL/GameAssembly/release_WebGL_wasm/nbze_gistration.o
[612/635    2s] C_WebGL_wasm Library/Bee/artifacts/WebGL/GameAssembly/release_WebGL_wasm/powm_rp_CodeGen.o
[613/635    2s] C_WebGL_wasm Library/Bee/artifacts/WebGL/GameAssembly/release_WebGL_wasm/jhvb_RgctxTable.o
[614/635    2s] Assemble WebGL Data Library/Bee/artifacts/WebGL/webgl.data
[615/635    3s] C_WebGL_wasm Library/Bee/artifacts/WebGL/GameAssembly/release_WebGL_wasm/76hh_efinitions.o
[616/635    4s] C_WebGL_wasm Library/Bee/artifacts/WebGL/GameAssembly/release_WebGL_wasm/5jmu_adataUsage.o
[617/635    4s] C_WebGL_wasm Library/Bee/artifacts/WebGL/GameAssembly/release_WebGL_wasm/hjaz_aluesTable.o
[618/635    4s] C_WebGL_wasm Library/Bee/artifacts/WebGL/GameAssembly/release_WebGL_wasm/dmcl_aluesTable.o
[619/635    5s] C_WebGL_wasm Library/Bee/artifacts/WebGL/GameAssembly/release_WebGL_wasm/0odf_eldValues2.o
[620/635    5s] C_WebGL_wasm Library/Bee/artifacts/WebGL/GameAssembly/release_WebGL_wasm/xp4q_ypeValues1.o
[621/635    5s] C_WebGL_wasm Library/Bee/artifacts/WebGL/GameAssembly/release_WebGL_wasm/f99q_eldValues1.o
[622/635    5s] C_WebGL_wasm Library/Bee/artifacts/WebGL/GameAssembly/release_WebGL_wasm/2p6d_TypeValues.o
[623/635    7s] C_WebGL_wasm Library/Bee/artifacts/WebGL/GameAssembly/release_WebGL_wasm/5gef_efinitions.o
[624/635    7s] C_WebGL_wasm Library/Bee/artifacts/WebGL/GameAssembly/release_WebGL_wasm/d6yk_bly-CSharp.o
[625/635    1s] Lib_WebGL_wasm Library/Bee/artifacts/WebGL/GameAssembly/release_WebGL_wasm/GameAssembly.a
[626/635    0s] CopyFiles C:/Users/mydoa/Downloads/ADHDScreening/GamifyingADHDScreening/Library/Bee/artifacts/WebGL/il2cppOutput/build/GameAssembly.a
[BUSY      11s] 7z Library/Bee/artifacts/WebGL/webgl.data.unmarked
[BUSY      11s] Link_WebGL_wasm Library/Bee/artifacts/WebGL/build/debug_WebGL_wasm/build.js (+wasm)
[BUSY      22s] 7z Library/Bee/artifacts/WebGL/webgl.data.unmarked
[BUSY      22s] Link_WebGL_wasm Library/Bee/artifacts/WebGL/build/debug_WebGL_wasm/build.js (+wasm)
[627/635   30s] 7z Library/Bee/artifacts/WebGL/webgl.data.unmarked

7-Zip (a) [64] 16.04 ZS : Copyright (c) 1999-2016 Igor Pavlov : 2017-03-20

Scanning the drive:
1 file, 497133383 bytes (475 MiB)

Creating archive: C:/Users/mydoa/Downloads/ADHDScreening/GamifyingADHDScreening/Library/Bee/artifacts/WebGL/webgl.data.unmarked

Items to compress: 1


Files read from disk: 1
Archive size: 432603436 bytes (413 MiB)
Everything is Ok
[628/635    0s] GzipMarker C:/Users/mydoa/Downloads/ADHDScreening/Umaki_WebGL/Build/Umaki_WebGL.data.unityweb
[BUSY      31s] Link_WebGL_wasm Library/Bee/artifacts/WebGL/build/debug_WebGL_wasm/build.js (+wasm)
[BUSY      41s] Link_WebGL_wasm Library/Bee/artifacts/WebGL/build/debug_WebGL_wasm/build.js (+wasm)
[BUSY      51s] Link_WebGL_wasm Library/Bee/artifacts/WebGL/build/debug_WebGL_wasm/build.js (+wasm)
[BUSY      62s] Link_WebGL_wasm Library/Bee/artifacts/WebGL/build/debug_WebGL_wasm/build.js (+wasm)
[BUSY      72s] Link_WebGL_wasm Library/Bee/artifacts/WebGL/build/debug_WebGL_wasm/build.js (+wasm)
[BUSY      82s] Link_WebGL_wasm Library/Bee/artifacts/WebGL/build/debug_WebGL_wasm/build.js (+wasm)
[BUSY      92s] Link_WebGL_wasm Library/Bee/artifacts/WebGL/build/debug_WebGL_wasm/build.js (+wasm)
[BUSY     103s] Link_WebGL_wasm Library/Bee/artifacts/WebGL/build/debug_WebGL_wasm/build.js (+wasm)
[BUSY     113s] Link_WebGL_wasm Library/Bee/artifacts/WebGL/build/debug_WebGL_wasm/build.js (+wasm)
[BUSY     123s] Link_WebGL_wasm Library/Bee/artifacts/WebGL/build/debug_WebGL_wasm/build.js (+wasm)
[BUSY     133s] Link_WebGL_wasm Library/Bee/artifacts/WebGL/build/debug_WebGL_wasm/build.js (+wasm)
[BUSY     143s] Link_WebGL_wasm Library/Bee/artifacts/WebGL/build/debug_WebGL_wasm/build.js (+wasm)
[629/635   146s] Link_WebGL_wasm Library/Bee/artifacts/WebGL/build/debug_WebGL_wasm/build.js (+wasm)
[630/635    0s] FrameworkAssembler Library/Bee/artifacts/WebGL/build/debug_WebGL_wasm/build.framework.js
[631/635    0s] 7z Library/Bee/artifacts/WebGL/build/debug_WebGL_wasm/build.framework.js.unmarked

7-Zip (a) [64] 16.04 ZS : Copyright (c) 1999-2016 Igor Pavlov : 2017-03-20

Scanning the drive:
1 file, 433011 bytes (423 KiB)

Creating archive: C:/Users/mydoa/Downloads/ADHDScreening/GamifyingADHDScreening/Library/Bee/artifacts/WebGL/build/debug_WebGL_wasm/build.framework.js.unmarked

Items to compress: 1


Files read from disk: 1
Archive size: 83424 bytes (82 KiB)
Everything is Ok
[632/635    0s] GzipMarker C:/Users/mydoa/Downloads/ADHDScreening/Umaki_WebGL/Build/Umaki_WebGL.framework.js.unityweb
[BUSY       6s] 7z Library/Bee/artifacts/WebGL/build/debug_WebGL_wasm/build.wasm.unmarked
[633/635    8s] 7z Library/Bee/artifacts/WebGL/build/debug_WebGL_wasm/build.wasm.unmarked

7-Zip (a) [64] 16.04 ZS : Copyright (c) 1999-2016 Igor Pavlov : 2017-03-20

Scanning the drive:
1 file, 41237427 bytes (40 MiB)

Creating archive: C:/Users/mydoa/Downloads/ADHDScreening/GamifyingADHDScreening/Library/Bee/artifacts/WebGL/build/debug_WebGL_wasm/build.wasm.unmarked

Items to compress: 1


Files read from disk: 1
Archive size: 10443608 bytes (10199 KiB)
Everything is Ok
[634/635    0s] GzipMarker C:/Users/mydoa/Downloads/ADHDScreening/Umaki_WebGL/Build/Umaki_WebGL.wasm.unityweb
*** Tundra build success (187.12 seconds - 0:03:07), 32 items updated, 635 evaluated
ExitCode: 0 Duration: 3m:07s
[websockify wrapper] Start node and websockify.js
Total cache size 107370792
Total cache size after purge 107370792
Failed to move the asset (Assets\XR\Temp\XRSimulationPreferences.asset) to a temporary location: Cannot move asset from Assets/XR/Temp/XRSimulationPreferences.asset to Assets/XR/UserSimulationSettings/Resources/XRSimulationPreferences.asset. Destination path name does already exist
UnityEngine.StackTraceUtility:ExtractStackTrace ()
UnityEngine.DebugLogHandler:LogFormat (UnityEngine.LogType,UnityEngine.Object,string,object[])
UnityEngine.Logger:Log (UnityEngine.LogType,object)
UnityEngine.Debug:LogWarning (object)
UnityEditor.XR.Simulation.SimulationSettingsBuildProcessor:TryMoveAsset (string,string) (at ./Library/PackageCache/com.unity.xr.arfoundation@5.1.3/Editor/Simulation/SimulationSettingsBuildProcessor.cs:121)
UnityEditor.XR.Simulation.SimulationSettingsBuildProcessor:OnPostprocessBuild (UnityEditor.Build.Reporting.BuildReport) (at ./Library/PackageCache/com.unity.xr.arfoundation@5.1.3/Editor/Simulation/SimulationSettingsBuildProcessor.cs:64)
UnityEditor.Build.BuildPipelineInterfaces/<>c__DisplayClass18_0:<OnBuildPostProcess>b__1 (UnityEditor.Build.IPostprocessBuildWithReport)
UnityEditor.Build.BuildPipelineInterfaces:InvokeCallbackInterfacesPair<UnityEditor.Build.IPostprocessBuild, UnityEditor.Build.IPostprocessBuildWithReport> (System.Collections.Generic.List`1<UnityEditor.Build.IPostprocessBuild>,System.Action`1<UnityEditor.Build.IPostprocessBuild>,System.Collections.Generic.List`1<UnityEditor.Build.IPostprocessBuildWithReport>,System.Action`1<UnityEditor.Build.IPostprocessBuildWithReport>,bool)
UnityEditor.Build.BuildPipelineInterfaces:OnBuildPostProcess (UnityEditor.Build.Reporting.BuildReport)
UnityEditor.BuildPipeline:BuildPlayerInternal (string[],string,string,UnityEditor.BuildTargetGroup,UnityEditor.BuildTarget,int,UnityEditor.BuildOptions,string[])
UnityEditor.BuildPipeline:BuildPlayer (string[],string,string,UnityEditor.BuildTargetGroup,UnityEditor.BuildTarget,int,UnityEditor.BuildOptions,string[])
UnityEditor.BuildPipeline:BuildPlayer (UnityEditor.BuildPlayerOptions)
WebGLBuildWithReport:BuildWebGL () (at Assets/Editor/WebGLBuildWithReport.cs:69)

(Filename: ./Library/PackageCache/com.unity.xr.arfoundation@5.1.3/Editor/Simulation/SimulationSettingsBuildProcessor.cs Line: 121)

Failed to move the asset (Assets\XR\Temp\XRSimulationRuntimeSettings.asset) to a temporary location: Cannot move asset from Assets/XR/Temp/XRSimulationRuntimeSettings.asset to Assets/XR/Resources/XRSimulationRuntimeSettings.asset. Destination path name does already exist
UnityEngine.StackTraceUtility:ExtractStackTrace ()
UnityEngine.DebugLogHandler:LogFormat (UnityEngine.LogType,UnityEngine.Object,string,object[])
UnityEngine.Logger:Log (UnityEngine.LogType,object)
UnityEngine.Debug:LogWarning (object)
UnityEditor.XR.Simulation.SimulationSettingsBuildProcessor:TryMoveAsset (string,string) (at ./Library/PackageCache/com.unity.xr.arfoundation@5.1.3/Editor/Simulation/SimulationSettingsBuildProcessor.cs:121)
UnityEditor.XR.Simulation.SimulationSettingsBuildProcessor:OnPostprocessBuild (UnityEditor.Build.Reporting.BuildReport) (at ./Library/PackageCache/com.unity.xr.arfoundation@5.1.3/Editor/Simulation/SimulationSettingsBuildProcessor.cs:64)
UnityEditor.Build.BuildPipelineInterfaces/<>c__DisplayClass18_0:<OnBuildPostProcess>b__1 (UnityEditor.Build.IPostprocessBuildWithReport)
UnityEditor.Build.BuildPipelineInterfaces:InvokeCallbackInterfacesPair<UnityEditor.Build.IPostprocessBuild, UnityEditor.Build.IPostprocessBuildWithReport> (System.Collections.Generic.List`1<UnityEditor.Build.IPostprocessBuild>,System.Action`1<UnityEditor.Build.IPostprocessBuild>,System.Collections.Generic.List`1<UnityEditor.Build.IPostprocessBuildWithReport>,System.Action`1<UnityEditor.Build.IPostprocessBuildWithReport>,bool)
UnityEditor.Build.BuildPipelineInterfaces:OnBuildPostProcess (UnityEditor.Build.Reporting.BuildReport)
UnityEditor.BuildPipeline:BuildPlayerInternal (string[],string,string,UnityEditor.BuildTargetGroup,UnityEditor.BuildTarget,int,UnityEditor.BuildOptions,string[])
UnityEditor.BuildPipeline:BuildPlayer (string[],string,string,UnityEditor.BuildTargetGroup,UnityEditor.BuildTarget,int,UnityEditor.BuildOptions,string[])
UnityEditor.BuildPipeline:BuildPlayer (UnityEditor.BuildPlayerOptions)
WebGLBuildWithReport:BuildWebGL () (at Assets/Editor/WebGLBuildWithReport.cs:69)

(Filename: ./Library/PackageCache/com.unity.xr.arfoundation@5.1.3/Editor/Simulation/SimulationSettingsBuildProcessor.cs Line: 121)

Asset Pipeline Refresh (id=cb47e813181504b4b962c5a168eb212b): Total: 0.012 seconds - Initiated by RefreshV2(NoUpdateAssetOptions)
[websockify wrapper] Proxying from :54998 to localhost:34999
Refreshing native plugins compatible for Editor in 17.09 ms, found 12 plugins.
Preloading 0 native plugins for Editor in 0.00 ms.

-------------------------------------------------------------------------------
Build Report
Information on used Assets is not available, since player data was not rebuilt.
Do a clean build to view the Asset build report information.
-------------------------------------------------------------------------------
[Licensing::Client] Successfully resolved entitlements
Unloading 0 Unused Serialized files (Serialized files now loaded: 0)
Unloading 115 unused Assets / (1.2 MB). Loaded Objects now: 6657.
Memory consumption went from 258.5 MB to 257.3 MB.
Total: 14.441900 ms (FindLiveObjects: 0.709300 ms CreateObjectMapping: 0.245700 ms MarkObjects: 11.133200 ms  DeleteObjects: 2.352000 ms)

DisplayProgressNotification: Build Successful
Build Finished, Result: Success.
Unloading 0 Unused Serialized files (Serialized files now loaded: 0)
Loaded scene 'Temp/__Backupscenes/0.backup'
	Deserialize:            1.462 ms
	Integration:            347.398 ms
	Integration of assets:  0.002 ms
	Thread Wait Time:       0.052 ms
	Total Operation Time:   348.916 ms
Unloading 0 unused Assets / (22.5 MB). Loaded Objects now: 6621.
Memory consumption went from 256.6 MB to 234.0 MB.
Total: 13.262600 ms (FindLiveObjects: 0.671700 ms CreateObjectMapping: 0.234200 ms MarkObjects: 12.326000 ms  DeleteObjects: 0.028800 ms)

[WebGLBuild] Wrote report (0 assets) → C:\Users\mydoa\Downloads\ADHDScreening\Umaki_WebGL\build-size-report.txt
UnityEngine.StackTraceUtility:ExtractStackTrace ()
UnityEngine.DebugLogHandler:LogFormat (UnityEngine.LogType,UnityEngine.Object,string,object[])
UnityEngine.Logger:Log (UnityEngine.LogType,object)
UnityEngine.Debug:Log (object)
WebGLBuildWithReport:WriteReport (UnityEditor.Build.Reporting.BuildReport,string) (at Assets/Editor/WebGLBuildWithReport.cs:132)
WebGLBuildWithReport:BuildWebGL () (at Assets/Editor/WebGLBuildWithReport.cs:70)

(Filename: Assets/Editor/WebGLBuildWithReport.cs Line: 132)

[WebGLBuild] SUCCEEDED. Report: C:\Users\mydoa\Downloads\ADHDScreening\Umaki_WebGL\build-size-report.txt
UnityEngine.StackTraceUtility:ExtractStackTrace ()
UnityEngine.DebugLogHandler:LogFormat (UnityEngine.LogType,UnityEngine.Object,string,object[])
UnityEngine.Logger:Log (UnityEngine.LogType,object)
UnityEngine.Debug:Log (object)
WebGLBuildWithReport:BuildWebGL () (at Assets/Editor/WebGLBuildWithReport.cs:79)

(Filename: Assets/Editor/WebGLBuildWithReport.cs Line: 79)

[websockify wrapper] OnUnload
[websockify wrapper] Process killed
Killing ADB server in 0.1666571 seconds.
Start importing ProjectSettings/ProjectSettings.asset using Guid(00000000000000004000000000000000) Importer(-1,00000000000000000000000000000000)  -> (artifact id: '18c83dd28890d92c4ec4cdf7a9ad26b0') in 0.007125 seconds 
Refreshing native plugins compatible for Editor in 17.21 ms, found 12 plugins.
Preloading 0 native plugins for Editor in 0.00 ms.
Asset Pipeline Refresh (id=a30b6d2da865ec74dbe4a3256eada95f): Total: 0.128 seconds - Initiated by StopAssetImportingV2(NoUpdateAssetOptions)
Setting up 5 worker threads for Enlighten.
[Licensing::IpcConnector] License Notification channel disconnected successfully.
[Licensing::IpcConnector] License Client channel disconnected successfully.
Cleanup mono
[websockify wrapper] OnUnload
abort_threads: Failed aborting id: 0000000000008BA4, mono_thread_manage will ignore it

abort_threads: Failed aborting id: 0000000000001AFC, mono_thread_manage will ignore it

abort_threads: Failed aborting id: 0000000000008BA4, mono_thread_manage will ignore it

abort_threads: Failed aborting id: 0000000000001AFC, mono_thread_manage will ignore it

debugger-agent: Unable to listen on 6392
[Performance] WinEditorMain                                                                                                                                :        1 samples, Peak.  3.75 s (1.0x), Avg.  3.75 s, Total. 3.748 s (1.7%)
[Performance] WinEditorMain.ConfigureCrashHandler                                                                                                          :        1 samples, Peak.  22.9 us (1.0x), Avg.  22.9 us, Total. 22.90 us (0.0%)
[Performance] WinEditorMain.CurlRequestInitialize                                                                                                          :        1 samples, Peak.   439 us (1.0x), Avg.   439 us, Total. 439.4 us (0.0%)
[Performance] WinEditorMain.SetupLogFile                                                                                                                   :        1 samples, Peak.   422 us (1.0x), Avg.   422 us, Total. 422.1 us (0.0%)
[Performance] WinEditorMain.RunNativeTestsIfRequiredAndExit                                                                                                :        1 samples, Peak.   300 ns (1.0x), Avg.   300 ns, Total. 300.0 ns (0.0%)
[Performance] WinEditorMain.Licensing                                                                                                                      :        1 samples, Peak.  3.72 s (1.0x), Avg.  3.72 s, Total. 3.722 s (1.6%)
[Performance] WinEditorMain.InitializeCrashHandler                                                                                                         :        1 samples, Peak.  16.8 ms (1.0x), Avg.  16.8 ms, Total. 16.81 ms (0.0%)
[Performance] WinEditorMain.CreateApplication                                                                                                              :        1 samples, Peak.   333 us (1.0x), Avg.   333 us, Total. 332.8 us (0.0%)
[Performance] Application.InitializeProject                                                                                                                :        1 samples, Peak.  22.1 s (1.0x), Avg.  22.1 s, Total. 22.11 s (9.8%)
[Performance] Application.PackageManager.StartServer                                                                                                       :        1 samples, Peak.   189 ms (1.0x), Avg.   189 ms, Total. 189.5 ms (0.1%)
[Performance] Application.AcquireProjectLock                                                                                                               :        1 samples, Peak.  6.82 ms (1.0x), Avg.  6.82 ms, Total. 6.824 ms (0.0%)
[Performance] Application.InitializeEngineNoGraphics                                                                                                       :        1 samples, Peak.  88.2 ms (1.0x), Avg.  88.2 ms, Total. 88.17 ms (0.0%)
[Performance] Application.PackageManager.Initialize                                                                                                        :        1 samples, Peak.   550 ms (1.0x), Avg.   550 ms, Total. 550.3 ms (0.2%)
[Performance] Connecting to Package Manager                                                                                                                :       56 samples, Peak.   124 us (33.1x), Avg.  3.75 us, Total. 210.2 us (0.0%)
[Performance] Application.EngineGraphics.Initialize                                                                                                        :        1 samples, Peak.   306 ms (1.0x), Avg.   306 ms, Total. 306.3 ms (0.1%)
[Performance] Application.GI.Initialize                                                                                                                    :        1 samples, Peak.  7.83 ms (1.0x), Avg.  7.83 ms, Total. 7.826 ms (0.0%)
[Performance] Application.LoadAllDefaultResourcesFromEditor                                                                                                :        1 samples, Peak.  2.46 ms (1.0x), Avg.  2.46 ms, Total. 2.455 ms (0.0%)
[Performance] Application.LoadMonoAssemblies                                                                                                               :        1 samples, Peak.  3.53 s (1.0x), Avg.  3.53 s, Total. 3.529 s (1.6%)
[Performance] RestoreManagedReferences                                                                                                                     :        2 samples, Peak.   168 ms (2.0x), Avg.  83.8 ms, Total. 167.5 ms (0.1%)
[Performance] InitializeOnLoad EditMode                                                                                                                    :        2 samples, Peak.   962 us (1.2x), Avg.   828 us, Total. 1.656 ms (0.0%)
[Performance] InitializeOnLoad AssetStoreContext                                                                                                           :        2 samples, Peak.  35.2 ms (1.6x), Avg.  21.8 ms, Total. 43.65 ms (0.0%)
[Performance] InitializeOnLoad DrivenRectTransformUndo                                                                                                     :        2 samples, Peak.   390 us (1.0x), Avg.   389 us, Total. 778.2 us (0.0%)
[Performance] InitializeOnLoad CacheServerWindow                                                                                                           :        2 samples, Peak.  19.6 us (1.1x), Avg.  18.0 us, Total. 36.00 us (0.0%)
[Performance] InitializeOnLoad ManagedDebuggerWindow                                                                                                       :        2 samples, Peak.  1.28 ms (1.6x), Avg.   813 us, Total. 1.627 ms (0.0%)
[Performance] InitializeOnLoad WindowLayout                                                                                                                :        2 samples, Peak.   391 us (1.0x), Avg.   381 us, Total. 762.0 us (0.0%)
[Performance] InitializeOnLoad PrefabInstanceChangedListener                                                                                               :        2 samples, Peak.   947 us (1.1x), Avg.   878 us, Total. 1.756 ms (0.0%)
[Performance] InitializeOnLoad SettingsService                                                                                                             :        2 samples, Peak.  12.3 us (1.0x), Avg.  12.2 us, Total. 24.30 us (0.0%)
[Performance] InitializeOnLoad NativeFormatImporterUtility                                                                                                 :        2 samples, Peak.  3.29 ms (1.1x), Avg.  2.95 ms, Total. 5.906 ms (0.0%)
[Performance] InitializeOnLoad UISystemProfilerRenderService                                                                                               :        2 samples, Peak.  15.0 us (1.2x), Avg.  12.8 us, Total. 25.60 us (0.0%)
[Performance] InitializeOnLoad ShortcutIntegration                                                                                                         :        2 samples, Peak.   116 us (1.2x), Avg.   100 us, Total. 200.6 us (0.0%)
[Performance] InitializeOnLoad PlayModeDownload                                                                                                            :        2 samples, Peak.  1.06 ms (1.7x), Avg.   625 us, Total. 1.251 ms (0.0%)
[Performance] InitializeOnLoad UnityConnect                                                                                                                :        2 samples, Peak.  91.5 us (1.2x), Avg.  75.8 us, Total. 151.6 us (0.0%)
[Performance] InitializeOnLoad ObjectSelectorSearch                                                                                                        :        2 samples, Peak.   218 us (1.5x), Avg.   146 us, Total. 291.2 us (0.0%)
[Performance] InitializeOnLoad ProjectSearch                                                                                                               :        2 samples, Peak.   151 us (1.5x), Avg.   100 us, Total. 200.9 us (0.0%)
[Performance] InitializeOnLoad SceneSearch                                                                                                                 :        2 samples, Peak.   175 us (1.6x), Avg.   110 us, Total. 219.2 us (0.0%)
[Performance] InitializeOnLoad SearchService                                                                                                               :        2 samples, Peak.  2.19 ms (1.9x), Avg.  1.17 ms, Total. 2.331 ms (0.0%)
[Performance] InitializeOnLoad CheckNavigationPackage                                                                                                      :        2 samples, Peak.   433 us (1.2x), Avg.   367 us, Total. 733.4 us (0.0%)
[Performance] InitializeOnLoad AddComponentWindow                                                                                                          :        2 samples, Peak.   274 us (1.2x), Avg.   232 us, Total. 463.4 us (0.0%)
[Performance] InitializeOnLoad ManagedDebugger                                                                                                             :        2 samples, Peak.  2.20 us (1.4x), Avg.  1.60 us, Total. 3.200 us (0.0%)
[Performance] InitializeOnLoad Collab                                                                                                                      :        2 samples, Peak.  8.46 ms (1.1x), Avg.  7.42 ms, Total. 14.84 ms (0.0%)
[Performance] InitializeOnLoad CloudBuild                                                                                                                  :        2 samples, Peak.  12.9 us (1.4x), Avg.  9.20 us, Total. 18.40 us (0.0%)
[Performance] InitializeOnLoad MixerEffectDefinitionReloader                                                                                               :        2 samples, Peak.  4.90 ms (1.4x), Avg.  3.52 ms, Total. 7.043 ms (0.0%)
[Performance] InitializeOnLoad MenuItems                                                                                                                   :        2 samples, Peak.   219 us (1.4x), Avg.   160 us, Total. 320.1 us (0.0%)
[Performance] InitializeOnLoad UIDocumentHierarchyWatcher                                                                                                  :        2 samples, Peak.   344 us (1.1x), Avg.   300 us, Total. 599.7 us (0.0%)
[Performance] InitializeOnLoad RetainedMode                                                                                                                :        2 samples, Peak.  4.54 ms (1.2x), Avg.  3.84 ms, Total. 7.684 ms (0.0%)
[Performance] InitializeOnLoad EditorDelegateRegistration                                                                                                  :        2 samples, Peak.   618 us (1.1x), Avg.   552 us, Total. 1.104 ms (0.0%)
[Performance] InitializeOnLoad EditorMonitor                                                                                                               :        2 samples, Peak.   322 us (1.2x), Avg.   270 us, Total. 540.8 us (0.0%)
[Performance] InitializeOnLoad EditorShaderLoader                                                                                                          :        2 samples, Peak.  1.16 ms (1.1x), Avg.  1.01 ms, Total. 2.022 ms (0.0%)
[Performance] InitializeOnLoad LiveReloadTrackerCreator                                                                                                    :        2 samples, Peak.   254 us (1.1x), Avg.   241 us, Total. 481.7 us (0.0%)
[Performance] InitializeOnLoad UXMLEditorFactories                                                                                                         :        2 samples, Peak.  93.6 ms (1.1x), Avg.  87.1 ms, Total. 174.2 ms (0.1%)
[Performance] InitializeOnLoad UxmlObjectEditorFactories                                                                                                   :        2 samples, Peak.   824 us (1.2x), Avg.   691 us, Total. 1.383 ms (0.0%)
[Performance] InitializeOnLoad EditorGameServicesAnalytics                                                                                                 :        2 samples, Peak.  3.59 ms (1.6x), Avg.  2.24 ms, Total. 4.473 ms (0.0%)
[Performance] InitializeOnLoad AdsService                                                                                                                  :        2 samples, Peak.  10.6 ms (1.1x), Avg.  9.45 ms, Total. 18.90 ms (0.0%)
[Performance] InitializeOnLoad AnalyticsService                                                                                                            :        2 samples, Peak.  8.91 ms (1.1x), Avg.  8.14 ms, Total. 16.28 ms (0.0%)
[Performance] InitializeOnLoad BuildService                                                                                                                :        2 samples, Peak.  8.98 ms (1.3x), Avg.  6.90 ms, Total. 13.79 ms (0.0%)
[Performance] InitializeOnLoad CloudBuildPoller                                                                                                            :        2 samples, Peak.   514 us (1.4x), Avg.   377 us, Total. 753.5 us (0.0%)
[Performance] InitializeOnLoad CollabService                                                                                                               :        2 samples, Peak.  10.4 ms (1.2x), Avg.  8.50 ms, Total. 17.01 ms (0.0%)
[Performance] InitializeOnLoad CrashService                                                                                                                :        2 samples, Peak.  8.59 ms (1.3x), Avg.  6.55 ms, Total. 13.10 ms (0.0%)
[Performance] InitializeOnLoad PurchasingService                                                                                                           :        2 samples, Peak.  18.0 ms (1.2x), Avg.  15.2 ms, Total. 30.32 ms (0.0%)
[Performance] InitializeOnLoad UDPService                                                                                                                  :        2 samples, Peak.  8.38 ms (1.3x), Avg.  6.36 ms, Total. 12.71 ms (0.0%)
[Performance] InitializeOnLoad ServicesRepository                                                                                                          :        2 samples, Peak.  3.10 us (1.6x), Avg.  2.00 us, Total. 4.000 us (0.0%)
[Performance] InitializeOnLoad SearchWindow                                                                                                                :        2 samples, Peak.   315 us (1.3x), Avg.   246 us, Total. 492.3 us (0.0%)
[Performance] InitializeOnLoad SearchMonitor                                                                                                               :        2 samples, Peak.  11.8 ms (1.6x), Avg.  7.54 ms, Total. 15.08 ms (0.0%)
[Performance] InitializeOnLoad LayerSettingsWindow                                                                                                         :        2 samples, Peak.  14.7 us (1.3x), Avg.  11.3 us, Total. 22.70 us (0.0%)
[Performance] InitializeOnLoad ParameterControllerEditor                                                                                                   :        2 samples, Peak.  26.1 us (1.3x), Avg.  20.8 us, Total. 41.60 us (0.0%)
[Performance] InitializeOnLoad EditorDragAndDrop.RegisterEditorClient                                                                                      :        2 samples, Peak.  1.71 ms (1.8x), Avg.   973 us, Total. 1.946 ms (0.0%)
[Performance] InitializeOnLoad PackageManagerHookGUIDConverter.RegisterPackagesEventHandler                                                                :        2 samples, Peak.   297 us (1.6x), Avg.   182 us, Total. 364.3 us (0.0%)
[Performance] InitializeOnLoad EditorEventCallbacks.InitializeFontAssetResourceChangeCallBacks                                                             :        2 samples, Peak.  2.07 ms (1.4x), Avg.  1.51 ms, Total. 3.023 ms (0.0%)
[Performance] InitializeOnLoad SceneTemplateService.Init                                                                                                   :        2 samples, Peak.  2.06 ms (1.5x), Avg.  1.33 ms, Total. 2.657 ms (0.0%)
[Performance] InitializeOnLoad DiagnosticSwitchesConsoleMessage.Init                                                                                       :        2 samples, Peak.  10.8 ms (1.9x), Avg.  5.65 ms, Total. 11.30 ms (0.0%)
[Performance] InitializeOnLoad MemoryProfilerCompilationGuard.InjectCompileGuard                                                                           :        2 samples, Peak.   216 us (1.3x), Avg.   171 us, Total. 342.4 us (0.0%)
[Performance] InitializeOnLoad SysrootManager.Initialize                                                                                                   :        2 samples, Peak.  12.3 us (1.0x), Avg.  11.8 us, Total. 23.60 us (0.0%)
[Performance] InitializeOnLoad AssetPostprocessingInternal.RefreshCustomDependencies                                                                       :        2 samples, Peak.  4.79 ms (1.3x), Avg.  3.80 ms, Total. 7.594 ms (0.0%)
[Performance] InitializeOnLoad EditorWindow.Initialize                                                                                                     :        2 samples, Peak.   320 us (1.2x), Avg.   269 us, Total. 537.3 us (0.0%)
[Performance] InitializeOnLoad SceneVisibilityManager.Initialize                                                                                           :        2 samples, Peak.  5.87 ms (1.8x), Avg.  3.31 ms, Total. 6.627 ms (0.0%)
[Performance] InitializeOnLoad PackageManagerWindow.EditorInitializedInSafeMode                                                                            :        2 samples, Peak.  41.8 ms (2.0x), Avg.  21.0 ms, Total. 41.91 ms (0.0%)
[Performance] InitializeOnLoad ScopedRegistryAddedPopup.SubscribeToRegistriesAdded                                                                         :        2 samples, Peak.  7.12 ms (1.9x), Avg.  3.66 ms, Total. 7.328 ms (0.0%)
[Performance] InitializeOnLoad ToolShortcutContext.Init                                                                                                    :        2 samples, Peak.   249 us (1.1x), Avg.   225 us, Total. 449.6 us (0.0%)
[Performance] AssemblyReloadEvents.afterAssemblyReload: UnityEditor.SceneTemplate.SceneTemplateService.AfterAssemblyReload                                 :        2 samples, Peak.  3.14 ms (1.7x), Avg.  1.82 ms, Total. 3.637 ms (0.0%)
[Performance] ProcessService.EditorAfterLoadAllAssemblies                                                                                                  :        2 samples, Peak.   466 us (1.1x), Avg.   438 us, Total. 875.8 us (0.0%)
[Performance] Application.ReadLicenseInfo                                                                                                                  :        1 samples, Peak.  13.0 ms (1.0x), Avg.  13.0 ms, Total. 13.00 ms (0.0%)
[Performance] Application.InitialRefresh                                                                                                                   :        1 samples, Peak.  15.0 s (1.0x), Avg.  15.0 s, Total. 14.96 s (6.6%)
[Performance] ShaderImporter.SourceAssetModified                                                                                                           :        4 samples, Peak.  1.70 us (1.5x), Avg.  1.10 us, Total. 4.400 us (0.0%)
[Performance] ShaderIncludeImporter.SourceAssetModified                                                                                                    :        4 samples, Peak.  1.90 us (1.2x), Avg.  1.58 us, Total. 6.300 us (0.0%)
[Performance] Compiling Scripts                                                                                                                            :        1 samples, Peak.  3.14 s (1.0x), Avg.  3.14 s, Total. 3.135 s (1.4%)
[Performance] AssemblyReloadEvents.beforeAssemblyReload: UnityEditor.SceneTemplate.SceneTemplateService.BeforeAssemblyReload                               :        1 samples, Peak.   490 us (1.0x), Avg.   490 us, Total. 490.0 us (0.0%)
[Performance] PresetManagerPostProcessor.OnPreprocessAsset                                                                                                 :        8 samples, Peak.  1.96 ms (6.2x), Avg.   318 us, Total. 2.547 ms (0.0%)
[Performance] CancelSplashScreenOnAssetChange.OnPreprocessAsset                                                                                            :        8 samples, Peak.   234 us (7.1x), Avg.  33.0 us, Total. 263.7 us (0.0%)
[Performance] ShaderGraphAssetPostProcessor.OnPreprocessAsset                                                                                              :        8 samples, Peak.   304 us (5.9x), Avg.  51.3 us, Total. 410.3 us (0.0%)
[Performance] InitializeOnLoad InputSystem                                                                                                                 :        1 samples, Peak.  53.2 ms (1.0x), Avg.  53.2 ms, Total. 53.15 ms (0.0%)
[Performance] InitializeOnLoad TouchSimulation                                                                                                             :        1 samples, Peak.   148 us (1.0x), Avg.   148 us, Total. 147.9 us (0.0%)
[Performance] InitializeOnLoad InputLayoutLoader                                                                                                           :        2 samples, Peak.  1.45 ms (1.3x), Avg.  1.11 ms, Total. 2.212 ms (0.0%)
[Performance] InitializeOnLoad BurstLoader                                                                                                                 :        1 samples, Peak.  2.03 s (1.0x), Avg.  2.03 s, Total. 2.027 s (0.9%)
[Performance] InitializeOnLoad ShadowCasterGroup2DManager                                                                                                  :        1 samples, Peak.   140 us (1.0x), Avg.   140 us, Total. 139.8 us (0.0%)
[Performance] InitializeOnLoad EditorInitialize                                                                                                            :        5 samples, Peak.  22.1 ms (4.4x), Avg.  4.99 ms, Total. 24.95 ms (0.0%)
[Performance] InitializeOnLoad CanvasesAndTheirOwners                                                                                                      :        1 samples, Peak.   192 us (1.0x), Avg.   192 us, Total. 191.6 us (0.0%)
[Performance] InitializeOnLoad OnDomainReload                                                                                                              :        1 samples, Peak.   344 us (1.0x), Avg.   344 us, Total. 343.9 us (0.0%)
[Performance] InitializeOnLoad SimulatedInputLayoutLoader                                                                                                  :        1 samples, Peak.   203 us (1.0x), Avg.   203 us, Total. 202.6 us (0.0%)
[Performance] InitializeOnLoad SectorInteraction                                                                                                           :        1 samples, Peak.   227 us (1.0x), Avg.   227 us, Total. 226.7 us (0.0%)
[Performance] InitializeOnLoad Vector3FallbackComposite                                                                                                    :        1 samples, Peak.   236 us (1.0x), Avg.   236 us, Total. 236.5 us (0.0%)
[Performance] InitializeOnLoad QuaternionFallbackComposite                                                                                                 :        1 samples, Peak.  73.5 us (1.0x), Avg.  73.5 us, Total. 73.50 us (0.0%)
[Performance] InitializeOnLoad InkEditorUtils                                                                                                              :        1 samples, Peak.  6.20 us (1.0x), Avg.  6.20 us, Total. 6.200 us (0.0%)
[Performance] InitializeOnLoad InkBrowserIcons                                                                                                             :        1 samples, Peak.   165 us (1.0x), Avg.   165 us, Total. 165.1 us (0.0%)
[Performance] InitializeOnLoad InkUnityIntegrationStartupWindow                                                                                            :        1 samples, Peak.  63.7 us (1.0x), Avg.  63.7 us, Total. 63.70 us (0.0%)
[Performance] InitializeOnLoad BasicInkExampleEditor                                                                                                       :        1 samples, Peak.   201 us (1.0x), Avg.   201 us, Total. 200.9 us (0.0%)
[Performance] InitializeOnLoad ReadmeEditor                                                                                                                :        1 samples, Peak.  73.7 us (1.0x), Avg.  73.7 us, Total. 73.70 us (0.0%)
[Performance] InitializeOnLoad XRGeneralSettingsPerBuildTarget                                                                                             :        1 samples, Peak.   493 us (1.0x), Avg.   493 us, Total. 493.4 us (0.0%)
[Performance] InitializeOnLoad XRPackageInitializationBootstrap                                                                                            :        1 samples, Peak.  62.3 us (1.0x), Avg.  62.3 us, Total. 62.30 us (0.0%)
[Performance] InitializeOnLoad XRPackageMetadataStore                                                                                                      :        1 samples, Peak.   298 us (1.0x), Avg.   298 us, Total. 298.1 us (0.0%)
[Performance] InitializeOnLoad XRLegacyUninstaller                                                                                                         :        1 samples, Peak.  8.38 ms (1.0x), Avg.  8.38 ms, Total. 8.383 ms (0.0%)
[Performance] InitializeOnLoad BuildValidator                                                                                                              :        1 samples, Peak.   725 us (1.0x), Avg.   725 us, Total. 725.0 us (0.0%)
[Performance] InitializeOnLoad ScriptableSettingsInitializer                                                                                               :        2 samples, Peak.   115 us (1.2x), Avg.  95.1 us, Total. 190.3 us (0.0%)
[Performance] InitializeOnLoad BuildHelperUtils                                                                                                            :        1 samples, Peak.  12.3 us (1.0x), Avg.  12.3 us, Total. 12.30 us (0.0%)
[Performance] InitializeOnLoad InteractionLayerUpdater                                                                                                     :        1 samples, Peak.   199 us (1.0x), Avg.   199 us, Total. 198.7 us (0.0%)
[Performance] InitializeOnLoad XRInteractionProjectValidationRulesSetup                                                                                    :        1 samples, Peak.   108 us (1.0x), Avg.   108 us, Total. 107.9 us (0.0%)
[Performance] InitializeOnLoad DefineSetter                                                                                                                :        1 samples, Peak.  2.85 ms (1.0x), Avg.  2.85 ms, Total. 2.846 ms (0.0%)
[Performance] InitializeOnLoad ProbeGIBaking                                                                                                               :        1 samples, Peak.  2.46 ms (1.0x), Avg.  2.46 ms, Total. 2.463 ms (0.0%)
[Performance] InitializeOnLoad FilterWindow                                                                                                                :        1 samples, Peak.  44.0 us (1.0x), Avg.  44.0 us, Total. 44.00 us (0.0%)
[Performance] InitializeOnLoad RealtimeProbeSubdivisionDebug                                                                                               :        1 samples, Peak.   765 us (1.0x), Avg.   765 us, Total. 764.9 us (0.0%)
[Performance] InitializeOnLoad SaveDuringPlay                                                                                                              :        1 samples, Peak.   179 us (1.0x), Avg.   179 us, Total. 179.2 us (0.0%)
[Performance] InitializeOnLoad CinemachineColliderPrefs                                                                                                    :        1 samples, Peak.   273 us (1.0x), Avg.   273 us, Total. 273.5 us (0.0%)
[Performance] InitializeOnLoad CinemachineScreenComposerGuidesGlobalDraggable                                                                              :        1 samples, Peak.   160 us (1.0x), Avg.   160 us, Total. 160.0 us (0.0%)
[Performance] InitializeOnLoad CinemachineStoryboardMute                                                                                                   :        1 samples, Peak.  92.6 us (1.0x), Avg.  92.6 us, Total. 92.60 us (0.0%)
[Performance] InitializeOnLoad CinemachineEditorAnalytics                                                                                                  :        1 samples, Peak.  57.6 us (1.0x), Avg.  57.6 us, Total. 57.60 us (0.0%)
[Performance] InitializeOnLoad SyncCacheEnabledSetting                                                                                                     :        1 samples, Peak.   550 us (1.0x), Avg.   550 us, Total. 549.9 us (0.0%)
[Performance] InitializeOnLoad CreateRigWithUndo                                                                                                           :        1 samples, Peak.   168 us (1.0x), Avg.   168 us, Total. 168.3 us (0.0%)
[Performance] InitializeOnLoad CreatePipelineWithUndo                                                                                                      :        1 samples, Peak.   240 us (1.0x), Avg.   240 us, Total. 239.7 us (0.0%)
[Performance] InitializeOnLoad CollectGizmoDrawers                                                                                                         :        1 samples, Peak.  18.4 ms (1.0x), Avg.  18.4 ms, Total. 18.39 ms (0.0%)
[Performance] InitializeOnLoad RigEffectorRenderer                                                                                                         :        1 samples, Peak.  3.10 ms (1.0x), Avg.  3.10 ms, Total. 3.100 ms (0.0%)
[Performance] InitializeOnLoad AnimationWindowUtils                                                                                                        :        1 samples, Peak.  5.60 us (1.0x), Avg.  5.60 us, Total. 5.600 us (0.0%)
[Performance] InitializeOnLoad BoneRendererUtils                                                                                                           :        1 samples, Peak.   213 ms (1.0x), Avg.   213 ms, Total. 212.6 ms (0.1%)
[Performance] Menu.BuildRegisteredMenuInterfaces                                                                                                           :        2 samples, Peak.  1.35 s (2.0x), Avg.   675 ms, Total. 1.351 s (0.6%)
[Performance] InitializeOnLoad RerunCallbackInitializer                                                                                                    :        1 samples, Peak.  3.96 ms (1.0x), Avg.  3.96 ms, Total. 3.956 ms (0.0%)
[Performance] InitializeOnLoad UnityTestProtocolStarter                                                                                                    :        1 samples, Peak.   141 us (1.0x), Avg.   141 us, Total. 140.6 us (0.0%)
[Performance] InitializeOnLoad TestStarter                                                                                                                 :        1 samples, Peak.   667 us (1.0x), Avg.   667 us, Total. 667.1 us (0.0%)
[Performance] InitializeOnLoad BackgroundWatcher                                                                                                           :        1 samples, Peak.  77.4 us (1.0x), Avg.  77.4 us, Total. 77.40 us (0.0%)
[Performance] InitializeOnLoad RiderScriptEditor                                                                                                           :        1 samples, Peak.  10.2 ms (1.0x), Avg.  10.2 ms, Total. 10.17 ms (0.0%)
[Performance] InitializeOnLoad CallbackInitializer                                                                                                         :        1 samples, Peak.  2.14 ms (1.0x), Avg.  2.14 ms, Total. 2.136 ms (0.0%)
[Performance] InitializeOnLoad SceneHook                                                                                                                   :        1 samples, Peak.   372 us (1.0x), Avg.   372 us, Total. 372.1 us (0.0%)
[Performance] InitializeOnLoad HierarchyChanged                                                                                                            :        1 samples, Peak.   230 us (1.0x), Avg.   230 us, Total. 230.4 us (0.0%)
[Performance] InitializeOnLoad IconUtility                                                                                                                 :        1 samples, Peak.   146 us (1.0x), Avg.   146 us, Total. 146.2 us (0.0%)
[Performance] InitializeOnLoad ShaderGraphMaterialsUpdater                                                                                                 :        2 samples, Peak.   323 us (1.2x), Avg.   268 us, Total. 535.4 us (0.0%)
[Performance] InitializeOnLoad NodeClassCache                                                                                                              :        1 samples, Peak.  68.9 ms (1.0x), Avg.  68.9 ms, Total. 68.91 ms (0.0%)
[Performance] InitializeOnLoad RendererDataPatcher                                                                                                         :        1 samples, Peak.  43.7 ms (1.0x), Avg.  43.7 ms, Total. 43.69 ms (0.0%)
[Performance] InitializeOnLoad EditorToolManager                                                                                                           :        1 samples, Peak.   381 us (1.0x), Avg.   381 us, Total. 380.7 us (0.0%)
[Performance] InitializeOnLoad Renderer2DAnalytics                                                                                                         :        1 samples, Peak.  91.9 us (1.0x), Avg.  91.9 us, Total. 91.90 us (0.0%)
[Performance] InitializeOnLoad SimulationEnvironmentLayerNameCheck                                                                                         :        1 samples, Peak.   718 us (1.0x), Avg.   718 us, Total. 718.2 us (0.0%)
[Performance] InitializeOnLoad XREnvironmentViewUtilities                                                                                                  :        1 samples, Peak.  9.30 ms (1.0x), Avg.  9.30 ms, Total. 9.297 ms (0.0%)
[Performance] InitializeOnLoad VisualStudioEditor                                                                                                          :        2 samples, Peak.  8.10 ms (1.2x), Avg.  6.90 ms, Total. 13.81 ms (0.0%)
[Performance] InitializeOnLoad VisualStudioIntegration                                                                                                     :        2 samples, Peak.  3.23 ms (1.6x), Avg.  2.06 ms, Total. 4.121 ms (0.0%)
[Performance] InitializeOnLoad TestRunnerApiListener                                                                                                       :        2 samples, Peak.  1.11 ms (1.7x), Avg.   635 us, Total. 1.270 ms (0.0%)
[Performance] InitializeOnLoad PlasticPlugin                                                                                                               :        1 samples, Peak.   344 ms (1.0x), Avg.   344 ms, Total. 344.2 ms (0.2%)
[Performance] InitializeOnLoad ToolbarBootstrap                                                                                                            :        1 samples, Peak.   647 us (1.0x), Avg.   647 us, Total. 647.1 us (0.0%)
[Performance] InitializeOnLoad PrefabLayoutRebuilder                                                                                                       :        1 samples, Peak.   320 us (1.0x), Avg.   320 us, Total. 320.2 us (0.0%)
[Performance] InitializeOnLoad DestroyListener                                                                                                             :        1 samples, Peak.   451 us (1.0x), Avg.   451 us, Total. 450.6 us (0.0%)
[Performance] InitializeOnLoad EntityVisibility                                                                                                            :        1 samples, Peak.   197 us (1.0x), Avg.   197 us, Total. 196.9 us (0.0%)
[Performance] InitializeOnLoad HierarchyListener                                                                                                           :        1 samples, Peak.   738 us (1.0x), Avg.   738 us, Total. 738.2 us (0.0%)
[Performance] InitializeOnLoad Lightmapping                                                                                                                :        1 samples, Peak.  1.65 ms (1.0x), Avg.  1.65 ms, Total. 1.652 ms (0.0%)
[Performance] InitializeOnLoad LogPreferences                                                                                                              :        1 samples, Peak.   216 us (1.0x), Avg.   216 us, Total. 216.0 us (0.0%)
[Performance] InitializeOnLoad MeshSelection                                                                                                               :        1 samples, Peak.  2.82 ms (1.0x), Avg.  2.82 ms, Total. 2.820 ms (0.0%)
[Performance] InitializeOnLoad ProGridsInterface                                                                                                           :        1 samples, Peak.  1.44 ms (1.0x), Avg.  1.44 ms, Total. 1.441 ms (0.0%)
[Performance] InitializeOnLoad SceneDragAndDropListener                                                                                                    :        1 samples, Peak.   369 us (1.0x), Avg.   369 us, Total. 368.7 us (0.0%)
[Performance] InitializeOnLoad UndoUtility                                                                                                                 :        1 samples, Peak.  98.2 us (1.0x), Avg.  98.2 us, Total. 98.20 us (0.0%)
[Performance] InitializeOnLoad VersionValidator                                                                                                            :        1 samples, Peak.   238 us (1.0x), Avg.   238 us, Total. 238.0 us (0.0%)
[Performance] InitializeOnLoad VertexManipulationToolSettings                                                                                              :        1 samples, Peak.  81.2 us (1.0x), Avg.  81.2 us, Total. 81.20 us (0.0%)
[Performance] InitializeOnLoad NavigationWindow                                                                                                            :        1 samples, Peak.   562 us (1.0x), Avg.   562 us, Total. 562.4 us (0.0%)
[Performance] InitializeOnLoad Localization.ForceEnableLocalization                                                                                        :        1 samples, Peak.   386 us (1.0x), Avg.   386 us, Total. 386.0 us (0.0%)
[Performance] InitializeOnLoad OpenXRProjectValidationRulesSetup.OpenXRProjectValidationCheck                                                              :        1 samples, Peak.  22.1 ms (1.0x), Avg.  22.1 ms, Total. 22.13 ms (0.0%)
[Performance] InitializeOnLoad OpenXRChooseRuntimeLibraries.InitializeOnLoad                                                                               :        1 samples, Peak.  3.05 ms (1.0x), Avg.  3.05 ms, Total. 3.049 ms (0.0%)
[Performance] InitializeOnLoad OpenXRFeatureSetManager.InitializeOnLoad                                                                                    :        1 samples, Peak.   350 us (1.0x), Avg.   350 us, Total. 350.5 us (0.0%)
[Performance] InitializeOnLoad ProBuilderSettings.SaveSettingsOnExit                                                                                       :        1 samples, Peak.  70.4 us (1.0x), Avg.  70.4 us, Total. 70.40 us (0.0%)
[Performance] InitializeOnLoad InkCompiler.OnProjectLoadedInEditor                                                                                         :        1 samples, Peak.   373 us (1.0x), Avg.   373 us, Total. 372.7 us (0.0%)
[Performance] InitializeOnLoad MaterialReimporter.RegisterUpgraderReimport                                                                                 :        2 samples, Peak.   199 us (1.8x), Avg.   113 us, Total. 225.8 us (0.0%)
[Performance] InitializeOnLoad VisualStudioEditor.LegacyVisualStudioCodePackageDisabler                                                                    :        1 samples, Peak.   317 us (1.0x), Avg.   317 us, Total. 317.4 us (0.0%)
[Performance] InitializeOnLoad AREditorAnalytics.SetupAndRegister                                                                                          :        2 samples, Peak.   679 us (1.1x), Avg.   619 us, Total. 1.238 ms (0.0%)
[Performance] InitializeOnLoad EnvironmentChangeHook.RegisterForEnvironmentChange                                                                          :        1 samples, Peak.   159 us (1.0x), Avg.   159 us, Total. 159.1 us (0.0%)
[Performance] InitializeOnLoad OpenXRInput.RegisterFeatureLayouts                                                                                          :        1 samples, Peak.  1.80 ms (1.0x), Avg.  1.80 ms, Total. 1.797 ms (0.0%)
[Performance] InitializeOnLoad TestJobDataHolder.ResumeRunningJobs                                                                                         :        1 samples, Peak.  1.65 ms (1.0x), Avg.  1.65 ms, Total. 1.654 ms (0.0%)
[Performance] InitializeOnLoad AnalyticsReporter.RegisterCallbacks                                                                                         :        1 samples, Peak.   472 us (1.0x), Avg.   472 us, Total. 472.4 us (0.0%)
[Performance] InitializeOnLoad CoreRenderPipelinePreferences.InitPreferenceProviders                                                                       :        1 samples, Peak.  34.0 ms (1.0x), Avg.  34.0 ms, Total. 33.97 ms (0.0%)
[Performance] InitializeOnLoad VolumeGizmoDrawer.InitVolumeGizmoCallbacks                                                                                  :        1 samples, Peak.   350 us (1.0x), Avg.   350 us, Total. 350.5 us (0.0%)
[Performance] DidReloadScriptsCinemachineExtension.OnScriptReload                                                                                          :        1 samples, Peak.   747 us (1.0x), Avg.   747 us, Total. 746.7 us (0.0%)
[Performance] DidReloadScriptsCinemachineVirtualCameraBase.OnScriptReload                                                                                  :        1 samples, Peak.   179 us (1.0x), Avg.   179 us, Total. 178.9 us (0.0%)
[Performance] DidReloadScriptsEditorUtilities.OnEditorReload                                                                                               :        1 samples, Peak.  2.41 ms (1.0x), Avg.  2.41 ms, Total. 2.406 ms (0.0%)
[Performance] DidReloadScriptsAdvancedDropdownWindow.OnScriptReload                                                                                        :        2 samples, Peak.   411 us (1.2x), Avg.   335 us, Total. 670.1 us (0.0%)
[Performance] DidReloadScriptsPackageVersionUtility.OnReloadScripts                                                                                        :        1 samples, Peak.   112 us (1.0x), Avg.   112 us, Total. 111.7 us (0.0%)
[Performance] DidReloadScriptsTestListCache.ScriptReloaded                                                                                                 :        1 samples, Peak.  1.76 ms (1.0x), Avg.  1.76 ms, Total. 1.756 ms (0.0%)
[Performance] DidReloadScriptsTestRunnerWindow.CompilationCallback                                                                                         :        1 samples, Peak.   192 us (1.0x), Avg.   192 us, Total. 191.5 us (0.0%)
[Performance] DidReloadScriptsDebugWindow.OnEditorReload                                                                                                   :        1 samples, Peak.  4.85 ms (1.0x), Avg.  4.85 ms, Total. 4.851 ms (0.0%)
[Performance] DidReloadScriptsVolumeComponentEditor.OnEditorReload                                                                                         :        1 samples, Peak.  21.4 ms (1.0x), Avg.  21.4 ms, Total. 21.42 ms (0.0%)
[Performance] DidReloadScriptsLookDev.OnEditorReload                                                                                                       :        1 samples, Peak.   274 us (1.0x), Avg.   274 us, Total. 273.6 us (0.0%)
[Performance] DidReloadScriptsPostProcessManager.OnEditorReload                                                                                            :        1 samples, Peak.  16.9 ms (1.0x), Avg.  16.9 ms, Total. 16.86 ms (0.0%)
[Performance] AssemblyReloadEvents.afterAssemblyReload: UnityEditor.XR.Management.Metadata.XRPackageMetadataStore.AssemblyReloadEvents_afterAssemblyReload :        1 samples, Peak.  3.47 ms (1.0x), Avg.  3.47 ms, Total. 3.470 ms (0.0%)
[Performance] AssemblyReloadEvents.afterAssemblyReload: UnityEditor.ProBuilder.HierarchyListener.OnAfterAssemblyReload                                     :        1 samples, Peak.   184 us (1.0x), Avg.   184 us, Total. 184.0 us (0.0%)
[Performance] AssetDatabase.ImportAssets                                                                                                                   :        7 samples, Peak.   128 ms (3.8x), Avg.  33.9 ms, Total. 237.6 ms (0.1%)
[Performance] VersionControl.Task.Wait                                                                                                                     :        1 samples, Peak.  15.9 us (1.0x), Avg.  15.9 us, Total. 15.90 us (0.0%)
[Performance] CinemachineSettings.OnPostprocessAllAssets                                                                                                   :        6 samples, Peak.   363 us (3.3x), Avg.   111 us, Total. 664.5 us (0.0%)
[Performance] InkPostProcessor.OnPostprocessAllAssets                                                                                                      :        6 samples, Peak.  5.64 ms (3.0x), Avg.  1.91 ms, Total. 11.44 ms (0.0%)
[Performance] TMPro_TexturePostProcessor.OnPostprocessAllAssets                                                                                            :        6 samples, Peak.   450 us (1.6x), Avg.   278 us, Total. 1.671 ms (0.0%)
[Performance] AssetPostprocessor.OnPostprocessAllAssets                                                                                                    :        6 samples, Peak.   252 us (2.8x), Avg.  88.7 us, Total. 532.2 us (0.0%)
[Performance] BuilderAssetPostprocessor.OnPostprocessAllAssets                                                                                             :        6 samples, Peak.  2.47 ms (2.9x), Avg.   865 us, Total. 5.189 ms (0.0%)
[Performance] ArtifactBrowserPostProcessor.OnPostprocessAllAssets                                                                                          :        6 samples, Peak.   367 us (3.0x), Avg.   125 us, Total. 747.1 us (0.0%)
[Performance] AssetEvents.OnPostprocessAllAssets                                                                                                           :       12 samples, Peak.   216 us (4.5x), Avg.  48.0 us, Total. 576.6 us (0.0%)
[Performance] AudioMixerPostprocessor.OnPostprocessAllAssets                                                                                               :        6 samples, Peak.   274 us (2.9x), Avg.  93.3 us, Total. 559.8 us (0.0%)
[Performance] StyleCatalogPostProcessor.OnPostprocessAllAssets                                                                                             :        6 samples, Peak.  23.3 ms (3.0x), Avg.  7.78 ms, Total. 46.67 ms (0.0%)
[Performance] BuildCatalog                                                                                                                                 :        1 samples, Peak.  22.3 ms (1.0x), Avg.  22.3 ms, Total. 22.29 ms (0.0%)
[Performance] ModelImporterPostProcessor.OnPostprocessAllAssets                                                                                            :        6 samples, Peak.  1.16 ms (2.9x), Avg.   407 us, Total. 2.440 ms (0.0%)
[Performance] PostProcessPrefabs.OnPostprocessAllAssets                                                                                                    :        6 samples, Peak.   107 ms (3.0x), Avg.  35.8 ms, Total. 214.6 ms (0.1%)
[Performance] MaterialPostprocessor.OnPostprocessAllAssets                                                                                                 :       12 samples, Peak.   891 us (3.0x), Avg.   299 us, Total. 3.583 ms (0.0%)
[Performance] CubeLutAssetImporter.OnPostprocessAllAssets                                                                                                  :        6 samples, Peak.   503 us (2.8x), Avg.   178 us, Total. 1.066 ms (0.0%)
[Performance] RetainedModeAssetPostprocessor.OnPostprocessAllAssets                                                                                        :        6 samples, Peak.  2.47 ms (3.0x), Avg.   833 us, Total. 5.000 ms (0.0%)
[Performance] AssetChangedListener.OnPostprocessAllAssets                                                                                                  :        6 samples, Peak.  6.50 ms (2.7x), Avg.  2.43 ms, Total. 14.57 ms (0.0%)
[Performance] PostProcessor.OnPostprocessAllAssets                                                                                                         :        6 samples, Peak.   317 us (2.5x), Avg.   125 us, Total. 747.4 us (0.0%)
[Performance] ShaderGraphAssetPostProcessor.OnPostprocessAllAssets                                                                                         :        6 samples, Peak.  1.72 ms (2.2x), Avg.   796 us, Total. 4.775 ms (0.0%)
[Performance] SpeedTreePostProcessor.OnPostprocessAllAssets                                                                                                :        6 samples, Peak.   186 us (2.6x), Avg.  70.8 us, Total. 424.9 us (0.0%)
[Performance] TextAssetPostProcessor.OnPostprocessAllAssets                                                                                                :        6 samples, Peak.   365 us (2.2x), Avg.   166 us, Total. 994.3 us (0.0%)
[Performance] AssetCallbacks.OnPostprocessAllAssets                                                                                                        :        6 samples, Peak.  20.5 ms (3.0x), Avg.  6.84 ms, Total. 41.06 ms (0.0%)
[Performance] EnvironmentAssetPostprocessor.OnPostprocessAllAssets                                                                                         :        6 samples, Peak.   460 us (3.0x), Avg.   155 us, Total. 931.3 us (0.0%)
[Performance] SyncVS.PostprocessSyncProject                                                                                                                :        3 samples, Peak.  4.15 ms (2.7x), Avg.  1.56 ms, Total. 4.668 ms (0.0%)
[Performance] Selection.selectionChanged: UnityEditor.PackageManager.UI.Internal.SelectionProxy.OnSelectionChanged                                         :        2 samples, Peak.   894 us (2.0x), Avg.   451 us, Total. 901.0 us (0.0%)
[Performance] Selection.selectionChanged: UnityEditorInternal.EditMode.OnSelectionChange                                                                   :        2 samples, Peak.   361 us (2.0x), Avg.   181 us, Total. 362.1 us (0.0%)
[Performance] Selection.selectionChanged: UnityEditor.Tools.OnSelectionChange                                                                              :        2 samples, Peak.  80.5 us (2.0x), Avg.  40.9 us, Total. 81.90 us (0.0%)
[Performance] Selection.selectionChanged: UnityEditor.ProBuilder.MeshSelection.OnObjectSelectionChanged                                                    :        2 samples, Peak.  8.70 us (1.3x), Avg.  6.90 us, Total. 13.80 us (0.0%)
[Performance] Application.ImportPackagesAndSetTemplateWhenCreatingProject                                                                                  :        1 samples, Peak.  15.2 ms (1.0x), Avg.  15.2 ms, Total. 15.17 ms (0.0%)
[Performance] Application.SyncCurrentColorSpace                                                                                                            :        1 samples, Peak.  41.0 ms (1.0x), Avg.  41.0 ms, Total. 41.01 ms (0.0%)
[Performance] Application.OnUsbDevicesChanged                                                                                                              :        1 samples, Peak.  4.65 ms (1.0x), Avg.  4.65 ms, Total. 4.655 ms (0.0%)
[Performance] Application.AssetInstanceCacheUpdate                                                                                                         :        1 samples, Peak.   300 ns (1.0x), Avg.   300 ns, Total. 300.0 ns (0.0%)
[Performance] Application.UnityExtensions.Initialize                                                                                                       :        1 samples, Peak.   196 ms (1.0x), Avg.   196 ms, Total. 195.9 ms (0.1%)
[Performance] CodeEditorProjectSync.SyncEditorProject                                                                                                      :        1 samples, Peak.   179 ms (1.0x), Avg.   179 ms, Total. 179.4 ms (0.1%)
[Performance] Application.ExecuteStartups                                                                                                                  :        1 samples, Peak.  48.1 ms (1.0x), Avg.  48.1 ms, Total. 48.15 ms (0.0%)
[Performance] Menu.RegisterMenuInterface                                                                                                                   :       26 samples, Peak.  4.10 us (9.8x), Avg.   419 ns, Total. 10.90 us (0.0%)
[Performance] Gizmo.RebuildRenderers                                                                                                                       :        2 samples, Peak.  45.8 ms (1.8x), Avg.  24.8 ms, Total. 49.63 ms (0.0%)
[Performance] Gizmo.AddGizmoRenderers                                                                                                                      :      250 samples, Peak.  1.40 ms (52.4x), Avg.  26.7 us, Total. 6.664 ms (0.0%)
[Performance] Application.editorInitializingProject                                                                                                        :        1 samples, Peak.   371 ms (1.0x), Avg.   371 ms, Total. 370.5 ms (0.2%)
[Performance] Application.InitializeMenu                                                                                                                   :        1 samples, Peak.  1.35 s (1.0x), Avg.  1.35 s, Total. 1.354 s (0.6%)
[Performance] Menu.RebuildAll                                                                                                                              :        1 samples, Peak.  1.35 s (1.0x), Avg.  1.35 s, Total. 1.354 s (0.6%)
[Performance] Menu.FilterMenuItem                                                                                                                          :     1128 samples, Peak.   576 us (633.4x), Avg.   910 ns, Total. 1.026 ms (0.0%)
[Performance] UpdateAllMenus                                                                                                                               :        1 samples, Peak.   563 us (1.0x), Avg.   563 us, Total. 563.2 us (0.0%)
[Performance] Menu.RebuildOSMainMenu                                                                                                                       :        3 samples, Peak.  5.29 ms (1.3x), Avg.  4.02 ms, Total. 12.05 ms (0.0%)
[Performance] EditorSceneManager.sceneClosing: UnityEditor.SceneVisibilityManager.EditorSceneManagerOnSceneClosing                                         :        2 samples, Peak.   466 us (1.9x), Avg.   240 us, Total. 481.0 us (0.0%)
[Performance] EditorSceneManager.activeSceneChangedInEditMode: callback in UnityEditor.Search.SearchMonitor                                                :        2 samples, Peak.   115 us (1.9x), Avg.  59.2 us, Total. 118.5 us (0.0%)
[Performance] GUIView.RepaintAll.PlayerLoopController                                                                                                      :        2 samples, Peak.  2.30 us (1.2x), Avg.  1.90 us, Total. 3.800 us (0.0%)
[Performance] EditorSceneManager.newSceneCreated: UnityEditor.SceneTemplate.SceneTemplateService.OnNewSceneCreated                                         :        1 samples, Peak.   511 us (1.0x), Avg.   511 us, Total. 511.4 us (0.0%)
[Performance] EditorSceneManager.newSceneCreated: UnityEditor.SceneVisibilityManager.EditorSceneManagerOnNewSceneCreated                                   :        1 samples, Peak.   362 us (1.0x), Avg.   362 us, Total. 362.5 us (0.0%)
[Performance] EditorSceneManager.newSceneCreated: UnityEditor.SceneManagement.StageNavigationManager.OnNewSceneCreated                                     :        1 samples, Peak.   109 us (1.0x), Avg.   109 us, Total. 109.4 us (0.0%)
[Performance] Application.InvokeFinishedLoadingProject                                                                                                     :        1 samples, Peak.  26.4 ms (1.0x), Avg.  26.4 ms, Total. 26.42 ms (0.0%)
[Performance] ProcessService.OnProjectLoaded                                                                                                               :        1 samples, Peak.  67.4 us (1.0x), Avg.  67.4 us, Total. 67.40 us (0.0%)
[Performance] AssetDatabase.Refresh                                                                                                                        :        3 samples, Peak.  83.6 ms (2.3x), Avg.  35.6 ms, Total. 106.9 ms (0.0%)
[Performance] Inspector.InitOrRebuild                                                                                                                      :        2 samples, Peak.   734 us (1.3x), Avg.   574 us, Total. 1.148 ms (0.0%)
[Performance] AssetSaver.OnWillSaveAssets                                                                                                                  :        6 samples, Peak.  5.27 ms (1.2x), Avg.  4.40 ms, Total. 26.38 ms (0.0%)
[Performance] AssetModificationProcessor.OnWillSaveAssets                                                                                                  :        2 samples, Peak.   670 us (1.9x), Avg.   344 us, Total. 688.5 us (0.0%)
[Performance] BuilderAssetModificationProcessor.OnWillSaveAssets                                                                                           :        2 samples, Peak.   909 us (2.0x), Avg.   458 us, Total. 916.5 us (0.0%)
[Performance] TerrainModificationProcessor.OnWillSaveAssets                                                                                                :        2 samples, Peak.  1.29 ms (2.0x), Avg.   646 us, Total. 1.292 ms (0.0%)
[Performance] GenerateAssemblyTypeInfos                                                                                                                    :        2 samples, Peak.  17.9 ms (1.1x), Avg.  16.2 ms, Total. 32.45 ms (0.0%)
[Performance] Application.Shutdown.CollabTerminate                                                                                                         :        1 samples, Peak.   118 us (1.0x), Avg.   118 us, Total. 117.7 us (0.0%)
[Performance] Application.Shutdown.CollabCleanup                                                                                                           :        1 samples, Peak.   383 us (1.0x), Avg.   383 us, Total. 382.7 us (0.0%)
[Performance] Application.Shutdown.SaveDefaultWindowPreferences                                                                                            :        1 samples, Peak.   684 us (1.0x), Avg.   684 us, Total. 683.9 us (0.0%)
[Performance] Application.Shutdown.SaveSceneManagerSetup                                                                                                   :        1 samples, Peak.  1.24 ms (1.0x), Avg.  1.24 ms, Total. 1.242 ms (0.0%)
[Performance] Application.Shutdown.CleanupAllContainerWindows                                                                                              :        1 samples, Peak.  2.10 us (1.0x), Avg.  2.10 us, Total. 2.100 us (0.0%)
[Performance] EditorApplication.quitting: UnityEditor.Search.SearchMonitor.OnQuitting                                                                      :        1 samples, Peak.  2.01 ms (1.0x), Avg.  2.01 ms, Total. 2.013 ms (0.0%)
[Performance] EditorApplication.quitting: Unity.Burst.Editor.BurstLoader.OnEditorApplicationQuitting                                                       :        1 samples, Peak.  58.8 us (1.0x), Avg.  58.8 us, Total. 58.80 us (0.0%)
[Performance] EditorApplication.quitting: UnityEditor.SettingsManagement.FileSettingsRepository.Save                                                       :        2 samples, Peak.  4.80 ms (1.7x), Avg.  2.78 ms, Total. 5.565 ms (0.0%)
[Performance] EditorApplication.quitting: UnityEditor.ProBuilder.ProBuilderSettings.Save                                                                   :        1 samples, Peak.  1.33 ms (1.0x), Avg.  1.33 ms, Total. 1.330 ms (0.0%)
[Performance] EditorApplication.quitting: callback in UnityEditor.TextCore.Text.EditorEventCallbacks                                                       :        1 samples, Peak.  25.8 ms (1.0x), Avg.  25.8 ms, Total. 25.84 ms (0.0%)
[Performance] EditorApplication.quitting: UnityEditor.WebGL.WebsockifyEditorWrapper.Kill                                                                   :        1 samples, Peak.  2.38 ms (1.0x), Avg.  2.38 ms, Total. 2.379 ms (0.0%)
[Performance] Killing ADB server                                                                                                                           :        1 samples, Peak.   167 ms (1.0x), Avg.   167 ms, Total. 166.7 ms (0.1%)
[Performance] Application.Shutdown.PauseProfilerSession                                                                                                    :        1 samples, Peak.  81.9 us (1.0x), Avg.  81.9 us, Total. 81.90 us (0.0%)
[Performance] Application.Shutdown.PauseAssetImportWorkers                                                                                                 :        1 samples, Peak.  1.02 ms (1.0x), Avg.  1.02 ms, Total. 1.016 ms (0.0%)
[Performance] Application.Shutdown.SaveAssets                                                                                                              :        1 samples, Peak.   151 ms (1.0x), Avg.   151 ms, Total. 151.1 ms (0.1%)
[Performance] Application.Shutdown.CleanupRenderPipeline                                                                                                   :        1 samples, Peak.  3.80 us (1.0x), Avg.  3.80 us, Total. 3.800 us (0.0%)
[Performance] Application.Shutdown.StopPreloadManager                                                                                                      :        1 samples, Peak.  9.64 ms (1.0x), Avg.  9.64 ms, Total. 9.636 ms (0.0%)
[Performance] Application.Shutdown.DestroyWorld                                                                                                            :        1 samples, Peak.  1.57 ms (1.0x), Avg.  1.57 ms, Total. 1.574 ms (0.0%)
[Performance] Application.Shutdown.CleanupAfterLoad                                                                                                        :        1 samples, Peak.   292 ms (1.0x), Avg.   292 ms, Total. 292.1 ms (0.1%)
[Performance] Application.Shutdown.Progress                                                                                                                :        1 samples, Peak.  13.8 us (1.0x), Avg.  13.8 us, Total. 13.80 us (0.0%)
[Performance] Application.Shutdown.GICleanupManagers                                                                                                       :        1 samples, Peak.  4.61 ms (1.0x), Avg.  4.61 ms, Total. 4.612 ms (0.0%)
[Performance] Application.Shutdown.MenuCleanupClass                                                                                                        :        1 samples, Peak.   717 us (1.0x), Avg.   717 us, Total. 716.9 us (0.0%)
[Performance] Application.Shutdown.ADBSaveStateBeforeShutdown                                                                                              :        1 samples, Peak.  12.0 us (1.0x), Avg.  12.0 us, Total. 12.00 us (0.0%)
[Performance] Application.Shutdown.RemoteShutdown                                                                                                          :        1 samples, Peak.  1.50 us (1.0x), Avg.  1.50 us, Total. 1.500 us (0.0%)
[Performance] Application.Shutdown.CleanupVCProvider                                                                                                       :        1 samples, Peak.  27.5 us (1.0x), Avg.  27.5 us, Total. 27.50 us (0.0%)
[Performance] Application.Shutdown.InputShutdown                                                                                                           :        1 samples, Peak.  3.90 us (1.0x), Avg.  3.90 us, Total. 3.900 us (0.0%)
[Performance] Application.Shutdown.GizmoManagerDestroy                                                                                                     :        1 samples, Peak.  1.82 ms (1.0x), Avg.  1.82 ms, Total. 1.825 ms (0.0%)
[Performance] Application.Shutdown.ProfilerSession                                                                                                         :        1 samples, Peak.   216 us (1.0x), Avg.   216 us, Total. 216.2 us (0.0%)
[Performance] Application.Shutdown.ReleaseGfxWindowOnAllGUIViews                                                                                           :        1 samples, Peak.   700 ns (1.0x), Avg.   700 ns, Total. 700.0 ns (0.0%)
[Performance] Application.Shutdown.CleanupEngine                                                                                                           :        1 samples, Peak.   314 ms (1.0x), Avg.   314 ms, Total. 314.3 ms (0.1%)
[Performance] Application.Shutdown.CleanupAssetDatabase                                                                                                    :        1 samples, Peak.  43.6 ms (1.0x), Avg.  43.6 ms, Total. 43.63 ms (0.0%)
[Performance] Application.Shutdown.ScriptCompilationCleanUp                                                                                                :        1 samples, Peak.  28.1 ms (1.0x), Avg.  28.1 ms, Total. 28.07 ms (0.0%)
[Performance] Application.Shutdown.DestroyJobSystem                                                                                                        :        1 samples, Peak.  83.7 us (1.0x), Avg.  83.7 us, Total. 83.70 us (0.0%)
[Performance] Application.Shutdown.CleanupPersistentManager                                                                                                :        1 samples, Peak.  4.40 ms (1.0x), Avg.  4.40 ms, Total. 4.395 ms (0.0%)
[Performance] Application.Shutdown.CleanupAsyncReadManager                                                                                                 :        1 samples, Peak.  4.09 ms (1.0x), Avg.  4.09 ms, Total. 4.095 ms (0.0%)
[Performance] Application.Shutdown.CleanupProgressBar                                                                                                      :        1 samples, Peak.   600 ns (1.0x), Avg.   600 ns, Total. 600.0 ns (0.0%)
[Performance] Application.Shutdown.CleanupMono                                                                                                             :        1 samples, Peak.   212 ms (1.0x), Avg.   212 ms, Total. 212.4 ms (0.1%)
[Performance] Application.Shutdown.CleanupStdConverters                                                                                                    :        1 samples, Peak.  13.3 us (1.0x), Avg.  13.3 us, Total. 13.30 us (0.0%)
[Performance] Application.Shutdown.UnloadAllPlatformSupportModuleNativeDlls                                                                                :        1 samples, Peak.   600 ns (1.0x), Avg.   600 ns, Total. 600.0 ns (0.0%)
[Performance] Application.Shutdown.UnloadAllPlatformSupportNativeLibraries                                                                                 :        1 samples, Peak. 100.0 ns (1.0x), Avg. 100.0 ns, Total. 100.00 ns (0.0%)
[Performance] Application.Shutdown.CleanupAutoDocumentation                                                                                                :        1 samples, Peak.   536 us (1.0x), Avg.   536 us, Total. 535.6 us (0.0%)
[Performance] Application.Shutdown.ShaderNameManagerDestroy                                                                                                :        1 samples, Peak.  62.4 us (1.0x), Avg.  62.4 us, Total. 62.40 us (0.0%)
[Performance] Application.Shutdown.CleanupCacheServer                                                                                                      :        1 samples, Peak. 100.0 ns (1.0x), Avg. 100.0 ns, Total. 100.00 ns (0.0%)
[Performance] Application.Shutdown.Virtualization_Shutdown                                                                                                 :        1 samples, Peak.   300 ns (1.0x), Avg.   300 ns, Total. 300.0 ns (0.0%)
[Performance] Application.Shutdown.DevConnections                                                                                                          :        1 samples, Peak.   337 us (1.0x), Avg.   337 us, Total. 336.6 us (0.0%)
Checking for leaked weakptr:
  Found no leaked weakptrs.
[Package Manager] Server::Kill -- Server was shutdown
Memory Statistics:
[ALLOC_TEMP_TLS] TLS Allocator
  StackAllocators : 
    [ALLOC_TEMP_CurlRequest]
      Initial Block Size 64.0 KB
      Current Block Size 64.0 KB
      Peak Allocated Bytes 0 B
      Overflow Count 0
    [ALLOC_TEMP_MAIN]
      Initial Block Size 16.0 MB
      Current Block Size 27.8 MB
      Peak Allocated Bytes 16.3 MB
      Overflow Count 0
    [ALLOC_TEMP_Background Job.worker 6]
      Initial Block Size 32.0 KB
      Current Block Size 32.0 KB
      Peak Allocated Bytes 54 B
      Overflow Count 0
    [ALLOC_TEMP_Job.worker 19]
      Initial Block Size 256.0 KB
      Current Block Size 256.0 KB
      Peak Allocated Bytes 1.4 KB
      Overflow Count 1
    [ALLOC_TEMP_Background Job.worker 15]
      Initial Block Size 32.0 KB
      Current Block Size 32.0 KB
      Peak Allocated Bytes 54 B
      Overflow Count 0
    [ALLOC_TEMP_AUDIO_FMOD mixer thread]
      Initial Block Size 64.0 KB
      Current Block Size 64.0 KB
      Peak Allocated Bytes 54 B
      Overflow Count 0
    [ALLOC_TEMP_BakingJobs.worker 0]
      Initial Block Size 256.0 KB
      Current Block Size 256.0 KB
      Peak Allocated Bytes 54 B
      Overflow Count 0
    [ALLOC_TEMP_AssetDatabase.FileHasherReader] x 4
      Initial Block Size 64.0 KB
      Current Block Size 64.0 KB
      Peak Allocated Bytes 285 B
      Overflow Count 0
    [ALLOC_TEMP_BakingJobs.worker 13]
      Initial Block Size 256.0 KB
      Current Block Size 256.0 KB
      Peak Allocated Bytes 54 B
      Overflow Count 0
    [ALLOC_TEMP_BakingJobs.worker 1]
      Initial Block Size 256.0 KB
      Current Block Size 256.0 KB
      Peak Allocated Bytes 54 B
      Overflow Count 0
    [ALLOC_TEMP_BatchDeleteObjects]
      Initial Block Size 64.0 KB
      Current Block Size 64.0 KB
      Peak Allocated Bytes 54 B
      Overflow Count 0
    [ALLOC_TEMP_CoreBusinessMetricsCache]
      Initial Block Size 64.0 KB
      Current Block Size 64.0 KB
      Peak Allocated Bytes 8.0 KB
      Overflow Count 0
    [ALLOC_TEMP_REST Message Handler]
      Initial Block Size 64.0 KB
      Current Block Size 64.0 KB
      Peak Allocated Bytes 54 B
      Overflow Count 0
    [ALLOC_TEMP_Job.worker 4]
      Initial Block Size 256.0 KB
      Current Block Size 256.0 KB
      Peak Allocated Bytes 1.4 KB
      Overflow Count 1
    [ALLOC_TEMP_Background Job.worker 1]
      Initial Block Size 32.0 KB
      Current Block Size 32.0 KB
      Peak Allocated Bytes 1.5 KB
      Overflow Count 0
    [ALLOC_TEMP_AssetDatabase.IOService]
      Initial Block Size 64.0 KB
      Current Block Size 64.0 KB
      Peak Allocated Bytes 54 B
      Overflow Count 0
    [ALLOC_TEMP_BakingJobs.worker 15]
      Initial Block Size 256.0 KB
      Current Block Size 256.0 KB
      Peak Allocated Bytes 54 B
      Overflow Count 0
    [ALLOC_TEMP_Job.worker 7]
      Initial Block Size 256.0 KB
      Current Block Size 256.0 KB
      Peak Allocated Bytes 1.6 KB
      Overflow Count 1
    [ALLOC_TEMP_Job.worker 9]
      Initial Block Size 256.0 KB
      Current Block Size 256.0 KB
      Peak Allocated Bytes 1.4 KB
      Overflow Count 1
    [ALLOC_TEMP_Job.worker 18]
      Initial Block Size 256.0 KB
      Current Block Size 256.0 KB
      Peak Allocated Bytes 1.6 KB
      Overflow Count 1
    [ALLOC_TEMP_Loading.PreloadManager]
      Initial Block Size 32.0 MB
      Current Block Size 32.0 MB
      Peak Allocated Bytes 2.0 MB
      Overflow Count 0
    [ALLOC_TEMP_Job.worker 16]
      Initial Block Size 256.0 KB
      Current Block Size 256.0 KB
      Peak Allocated Bytes 1.6 KB
      Overflow Count 1
    [ALLOC_TEMP_Background Job.worker 7]
      Initial Block Size 32.0 KB
      Current Block Size 32.0 KB
      Peak Allocated Bytes 54 B
      Overflow Count 0
    [ALLOC_TEMP_CloudJob.worker 0]
      Initial Block Size 32.0 KB
      Current Block Size 32.0 KB
      Peak Allocated Bytes 8.0 KB
      Overflow Count 0
    [ALLOC_TEMP_Background Job.worker 10]
      Initial Block Size 32.0 KB
      Current Block Size 32.0 KB
      Peak Allocated Bytes 54 B
      Overflow Count 0
    [ALLOC_TEMP_Background Job.worker 12]
      Initial Block Size 32.0 KB
      Current Block Size 32.0 KB
      Peak Allocated Bytes 54 B
      Overflow Count 0
    [ALLOC_TEMP_Background Job.worker 4]
      Initial Block Size 32.0 KB
      Current Block Size 32.0 KB
      Peak Allocated Bytes 54 B
      Overflow Count 0
    [ALLOC_TEMP_Background Job.worker 13]
      Initial Block Size 32.0 KB
      Current Block Size 32.0 KB
      Peak Allocated Bytes 54 B
      Overflow Count 0
    [ALLOC_TEMP_CurlRequest]
      Initial Block Size 64.0 KB
      Current Block Size 64.0 KB
      Peak Allocated Bytes 0 B
      Overflow Count 0
    [ALLOC_TEMP_BakingJobs.worker 4]
      Initial Block Size 256.0 KB
      Current Block Size 256.0 KB
      Peak Allocated Bytes 54 B
      Overflow Count 0
    [ALLOC_TEMP_BakingJobs.worker 10]
      Initial Block Size 256.0 KB
      Current Block Size 256.0 KB
      Peak Allocated Bytes 54 B
      Overflow Count 0
    [ALLOC_TEMP_Background Job.worker 14]
      Initial Block Size 32.0 KB
      Current Block Size 32.0 KB
      Peak Allocated Bytes 54 B
      Overflow Count 0
    [ALLOC_TEMP_Job.worker 11]
      Initial Block Size 256.0 KB
      Current Block Size 256.0 KB
      Peak Allocated Bytes 1.6 KB
      Overflow Count 1
    [ALLOC_TEMP_Job.worker 14]
      Initial Block Size 256.0 KB
      Current Block Size 256.0 KB
      Peak Allocated Bytes 1.6 KB
      Overflow Count 1
    [ALLOC_TEMP_Background Job.worker 9]
      Initial Block Size 32.0 KB
      Current Block Size 32.0 KB
      Peak Allocated Bytes 54 B
      Overflow Count 0
    [ALLOC_TEMP_EnlightenWorker] x 5
      Initial Block Size 64.0 KB
      Current Block Size 64.0 KB
      Peak Allocated Bytes 54 B
      Overflow Count 0
    [ALLOC_TEMP_Job.worker 3]
      Initial Block Size 256.0 KB
      Current Block Size 256.0 KB
      Peak Allocated Bytes 1.5 KB
      Overflow Count 1
    [ALLOC_TEMP_DirMonitor]
      Initial Block Size 64.0 KB
      Current Block Size 64.0 KB
      Peak Allocated Bytes 0.8 KB
      Overflow Count 0
    [ALLOC_TEMP_Job.worker 2]
      Initial Block Size 256.0 KB
      Current Block Size 256.0 KB
      Peak Allocated Bytes 1.6 KB
      Overflow Count 1
    [ALLOC_TEMP_Job.worker 10]
      Initial Block Size 256.0 KB
      Current Block Size 256.0 KB
      Peak Allocated Bytes 1.5 KB
      Overflow Count 1
    [ALLOC_TEMP_BakingJobs.worker 8]
      Initial Block Size 256.0 KB
      Current Block Size 256.0 KB
      Peak Allocated Bytes 54 B
      Overflow Count 0
    [ALLOC_TEMP_Loading.AsyncRead]
      Initial Block Size 64.0 KB
      Current Block Size 64.0 KB
      Peak Allocated Bytes 128 B
      Overflow Count 0
    [ALLOC_TEMP_Background Job.worker 3]
      Initial Block Size 32.0 KB
      Current Block Size 32.0 KB
      Peak Allocated Bytes 54 B
      Overflow Count 0
    [ALLOC_TEMP_AUDIO_FMOD (WASAPI) feeder thread]
      Initial Block Size 64.0 KB
      Current Block Size 64.0 KB
      Peak Allocated Bytes 168 B
      Overflow Count 0
    [ALLOC_TEMP_Background Job.worker 2]
      Initial Block Size 32.0 KB
      Current Block Size 32.0 KB
      Peak Allocated Bytes 54 B
      Overflow Count 0
    [ALLOC_TEMP_Background Job.worker 8]
      Initial Block Size 32.0 KB
      Current Block Size 32.0 KB
      Peak Allocated Bytes 54 B
      Overflow Count 0
    [ALLOC_TEMP_Profiler.Dispatcher]
      Initial Block Size 64.0 KB
      Current Block Size 64.0 KB
      Peak Allocated Bytes 0 B
      Overflow Count 0
    [ALLOC_TEMP_BakingJobs.worker 6]
      Initial Block Size 256.0 KB
      Current Block Size 256.0 KB
      Peak Allocated Bytes 54 B
      Overflow Count 0
    [ALLOC_TEMP_BakingJobs.worker 7]
      Initial Block Size 256.0 KB
      Current Block Size 256.0 KB
      Peak Allocated Bytes 54 B
      Overflow Count 0
    [ALLOC_TEMP_Background Job.worker 0]
      Initial Block Size 32.0 KB
      Current Block Size 256.0 KB
      Peak Allocated Bytes 104.0 KB
      Overflow Count 1933
    [ALLOC_TEMP_Job.worker 6]
      Initial Block Size 256.0 KB
      Current Block Size 256.0 KB
      Peak Allocated Bytes 1.5 KB
      Overflow Count 1
    [ALLOC_TEMP_AUDIO_FMOD stream thread]
      Initial Block Size 64.0 KB
      Current Block Size 64.0 KB
      Peak Allocated Bytes 54 B
      Overflow Count 0
    [ALLOC_TEMP_Job.worker 15]
      Initial Block Size 256.0 KB
      Current Block Size 256.0 KB
      Peak Allocated Bytes 1.5 KB
      Overflow Count 1
    [ALLOC_TEMP_AssetDatabase.FileHasherHasher] x 4
      Initial Block Size 64.0 KB
      Current Block Size 64.0 KB
      Peak Allocated Bytes 141 B
      Overflow Count 0
    [ALLOC_TEMP_Job.worker 13]
      Initial Block Size 256.0 KB
      Current Block Size 256.0 KB
      Peak Allocated Bytes 1.5 KB
      Overflow Count 1
    [ALLOC_TEMP_BakingJobs.worker 3]
      Initial Block Size 256.0 KB
      Current Block Size 256.0 KB
      Peak Allocated Bytes 54 B
      Overflow Count 0
    [ALLOC_TEMP_Job.worker 12]
      Initial Block Size 256.0 KB
      Current Block Size 256.0 KB
      Peak Allocated Bytes 1.6 KB
      Overflow Count 1
    [ALLOC_TEMP_Background Job.worker 5]
      Initial Block Size 32.0 KB
      Current Block Size 32.0 KB
      Peak Allocated Bytes 54 B
      Overflow Count 0
    [ALLOC_TEMP_BakingJobs.worker 2]
      Initial Block Size 256.0 KB
      Current Block Size 256.0 KB
      Peak Allocated Bytes 54 B
      Overflow Count 0
    [ALLOC_TEMP_Job.worker 1]
      Initial Block Size 256.0 KB
      Current Block Size 256.0 KB
      Peak Allocated Bytes 1.5 KB
      Overflow Count 1
    [ALLOC_TEMP_Background Job.worker 11]
      Initial Block Size 32.0 KB
      Current Block Size 32.0 KB
      Peak Allocated Bytes 54 B
      Overflow Count 0
    [ALLOC_TEMP_EditorTaskManager]
      Initial Block Size 64.0 KB
      Current Block Size 68.0 KB
      Peak Allocated Bytes 64.0 KB
      Overflow Count 0
    [ALLOC_TEMP_Job.worker 5]
      Initial Block Size 256.0 KB
      Current Block Size 256.0 KB
      Peak Allocated Bytes 1.5 KB
      Overflow Count 1
    [ALLOC_TEMP_Job.worker 20]
      Initial Block Size 256.0 KB
      Current Block Size 256.0 KB
      Peak Allocated Bytes 1.5 KB
      Overflow Count 1
    [ALLOC_TEMP_HTTP REST Server]
      Initial Block Size 64.0 KB
      Current Block Size 64.0 KB
      Peak Allocated Bytes 76 B
      Overflow Count 0
    [ALLOC_TEMP_AssetGarbageCollectorHelper] x 21
      Initial Block Size 64.0 KB
      Current Block Size 64.0 KB
      Peak Allocated Bytes 0 B
      Overflow Count 0
    [ALLOC_TEMP_BakingJobs.worker 9]
      Initial Block Size 256.0 KB
      Current Block Size 256.0 KB
      Peak Allocated Bytes 54 B
      Overflow Count 0
    [ALLOC_TEMP_Job.worker 8]
      Initial Block Size 256.0 KB
      Current Block Size 256.0 KB
      Peak Allocated Bytes 1.6 KB
      Overflow Count 1
    [ALLOC_TEMP_BakingJobs.worker 12]
      Initial Block Size 256.0 KB
      Current Block Size 256.0 KB
      Peak Allocated Bytes 54 B
      Overflow Count 0
    [ALLOC_TEMP_BakingJobs.worker 5]
      Initial Block Size 256.0 KB
      Current Block Size 256.0 KB
      Peak Allocated Bytes 54 B
      Overflow Count 0
    [ALLOC_TEMP_BakingJobs.worker 11]
      Initial Block Size 256.0 KB
      Current Block Size 256.0 KB
      Peak Allocated Bytes 54 B
      Overflow Count 0
    [ALLOC_TEMP_BakingJobs.worker 14]
      Initial Block Size 256.0 KB
      Current Block Size 256.0 KB
      Peak Allocated Bytes 54 B
      Overflow Count 0
    [ALLOC_TEMP_Job.worker 0]
      Initial Block Size 256.0 KB
      Current Block Size 256.0 KB
      Peak Allocated Bytes 1.5 KB
      Overflow Count 1
    [ALLOC_TEMP_Job.worker 17]
      Initial Block Size 256.0 KB
      Current Block Size 256.0 KB
      Peak Allocated Bytes 1.6 KB
      Overflow Count 0
[ALLOC_MEMORYPROFILER]
  Requested Block Size 1.0 MB
  Peak Block count 2
  Peak Allocated memory 1.0 MB
  Peak Large allocation bytes 0 B
[ALLOC_DEFAULT] Dual Thread Allocator
  Peak main deferred allocation count 1300
    [ALLOC_BUCKET]
      Large Block size 32.0 MB
      Used Block count 1
      Peak Allocated bytes 14.9 MB
    [ALLOC_DEFAULT_MAIN]
      Requested Block Size 16.0 MB
      Peak Block count 13
      Peak Allocated memory 218.4 MB
      Peak Large allocation bytes 45.3 MB
    [ALLOC_DEFAULT_THREAD]
      Requested Block Size 16.0 MB
      Peak Block count 1
      Peak Allocated memory 128.3 MB
      Peak Large allocation bytes 115.2 MB
[ALLOC_TEMP_JOB_1_FRAME]
  Initial Block Size 2.0 MB
  Used Block Count 0
  Overflow Count (too large) 0
  Overflow Count (full) 0
[ALLOC_TEMP_JOB_2_FRAMES]
  Initial Block Size 2.0 MB
  Used Block Count 0
  Overflow Count (too large) 0
  Overflow Count (full) 0
[ALLOC_TEMP_JOB_4_FRAMES (JobTemp)]
  Initial Block Size 2.0 MB
  Used Block Count 1
  Overflow Count (too large) 0
  Overflow Count (full) 0
[ALLOC_TEMP_JOB_ASYNC (Background)]
  Initial Block Size 1.0 MB
  Used Block Count 1
  Overflow Count (too large) 10
  Overflow Count (full) 0
[ALLOC_GFX] Dual Thread Allocator
  Peak main deferred allocation count 0
    [ALLOC_BUCKET]
      Large Block size 32.0 MB
      Used Block count 1
      Peak Allocated bytes 14.9 MB
    [ALLOC_GFX_MAIN]
      Requested Block Size 16.0 MB
      Peak Block count 1
      Peak Allocated memory 33.6 MB
      Peak Large allocation bytes 21.3 MB
    [ALLOC_GFX_THREAD]
      Requested Block Size 16.0 MB
      Peak Block count 1
      Peak Allocated memory 0.7 KB
      Peak Large allocation bytes 0 B
[ALLOC_CACHEOBJECTS] Dual Thread Allocator
  Peak main deferred allocation count 431
    [ALLOC_BUCKET]
      Large Block size 32.0 MB
      Used Block count 1
      Peak Allocated bytes 14.9 MB
    [ALLOC_CACHEOBJECTS_MAIN]
      Requested Block Size 4.0 MB
      Peak Block count 191
      Peak Allocated memory 0.74 GB
      Peak Large allocation bytes 10.7 MB
    [ALLOC_CACHEOBJECTS_THREAD]
      Requested Block Size 4.0 MB
      Peak Block count 1
      Peak Allocated memory 147.2 KB
      Peak Large allocation bytes 0 B
[ALLOC_TYPETREE] Dual Thread Allocator
  Peak main deferred allocation count 713
    [ALLOC_BUCKET]
      Large Block size 32.0 MB
      Used Block count 1
      Peak Allocated bytes 14.9 MB
    [ALLOC_TYPETREE_MAIN]
      Requested Block Size 2.0 MB
      Peak Block count 15
      Peak Allocated memory 27.2 MB
      Peak Large allocation bytes 0 B
    [ALLOC_TYPETREE_THREAD]
      Requested Block Size 2.0 MB
      Peak Block count 1
      Peak Allocated memory 22.8 KB
      Peak Large allocation bytes 0 B
[ALLOC_PROFILER]
  Requested Block Size 16.0 MB
  Peak Block count 1
  Peak Allocated memory 0.7 MB
  Peak Large allocation bytes 0 B
    [ALLOC_PROFILER_BUCKET]
      Large Block size 32.0 MB
      Used Block count 1
      Peak Allocated bytes 7.8 KB
[ALLOC_PROFILER_EDITOR]
  Requested Block Size 1.0 MB
  Peak Block count 0
  Peak Allocated memory 0 B
  Peak Large allocation bytes 0 B
    [ALLOC_PROFILER_BUCKET]
      Large Block size 32.0 MB
      Used Block count 1
      Peak Allocated bytes 7.8 KB
##utp:{"type":"MemoryLeaks","version":2,"phase":"Immediate","time":1780647503930,"processId":28556,"allocatedMemory":27956629,"memoryLabels":[{"Default":11775},{"Permanent":15559},{"NewDelete":83344},{"Thread":4229852},{"Manager":35047},{"VertexData":12},{"Geometry":560},{"Texture":176},{"Shader":67717},{"Material":24},{"GfxDevice":56816},{"Animation":296},{"Audio":3928},{"FontEngine":272},{"Physics":577},{"Serialization":756},{"Input":14736},{"JobScheduler":240},{"Mono":40},{"ScriptingNativeRuntime":43744},{"BaseObject":1627212},{"Resource":1064},{"Renderer":2216},{"Transform":16},{"File":3753},{"WebCam":96},{"Culling":40},{"Terrain":1137},{"Wind":24},{"STL":48},{"String":18120},{"DynamicArray":98182},{"HashMap":140547},{"Utility":279098},{"Curl":1424},{"PoolAlloc":175568},{"AI":40},{"TypeTree":4565},{"ScriptManager":640},{"RuntimeInitializeOnLoadManager":80},{"SpriteAtlas":128},{"GI":4008},{"Director":7960},{"CloudService":2544},{"WebRequest":688},{"VR":47025},{"SceneManager":608},{"Video":72},{"LazyScriptCache":40},{"NativeArray":12},{"Camera":25},{"Secure":1},{"SerializationCache":1584},{"APIUpdating":11872},{"Subsystems":-616},{"VirtualTexturing":57896},{"StaticSafetyDebugInfo":327680},{"EditorGui":56},{"EditorUtility":25736},{"VersionControl":4},{"Undo":704},{"AssetDatabase":20501644},{"RestService":1414},{"EditorGi":376},{"License":3632},{"UnityConnect":25248},{"Collab":737},{"Upm":1728},{"DrivenProperties":96},{"LocalIPC":276},{"ProfilerEditor":10943},{"CoreBusinessMetrics":3087},{"AssetReference":40},{"IPCStream":40}]}
~StackAllocator(ALLOC_TEMP_MAIN) m_LastAlloc not NULL. Did you forget to call FreeAllStackAllocations()?
