PlayerPos,HeadsetRot,EyeMov,ControllerMov,ControllerRot,ButtonPress,TimePassed
(17.23 36.69 3.74),(0.00000 0.00000 0.00000 1.00000),(17.23 36.69 3.74),(17.23 36.69 3.74),(0.00000 0.00000 0.00000 1.00000),0,0
(17.23 36.69 3.74),(0.00000 0.00000 0.00000 1.00000),(17.23 36.69 3.74),(17.23 36.69 3.74),(0.00000 0.00000 0.00000 1.00000),0,0.3533334
(17.23 36.69 3.74),(0.00000 0.00000 0.00000 1.00000),(17.23 36.69 3.74),(17.23 36.69 3.74),(0.00000 0.00000 0.00000 1.00000),0,0.4195257
