PlayerPos,HeadsetRot,EyeMov,ControllerMov,ControllerRot,ButtonPress,TimePassed
(0.00 0.00 0.00),(0.00000 0.00000 0.00000 1.00000),(0.00 0.00 0.00),(0.00 0.00 0.00),(0.00000 0.00000 0.00000 1.00000),0,0
