PlayerPos,HeadsetRot,EyeMov,ControllerMov,ControllerRot,ButtonPress,TimePassed
(0.00 0.00 0.00),(0.00000 0.00000 0.00000 1.00000),(0.00 0.00 0.00),(0.00 0.00 0.00),(0.00000 0.00000 0.00000 1.00000),0,0
(0.00 0.00 0.00),(0.00000 0.00000 0.00000 1.00000),(0.00 0.00 0.00),(0.00 0.00 0.00),(0.00000 0.00000 0.00000 1.00000),0,0.0486219
(0.00 0.00 0.00),(0.00000 0.00000 0.00000 1.00000),(0.00 0.00 0.00),(0.00 0.00 0.00),(0.00000 0.00000 0.00000 1.00000),0,0.1167578
(0.00 0.00 0.00),(0.00000 0.00000 0.00000 1.00000),(0.00 0.00 0.00),(0.00 0.00 0.00),(0.00000 0.00000 0.00000 1.00000),0,0.3174606
(0.00 0.00 0.00),(0.00000 0.00000 0.00000 1.00000),(0.00 0.00 0.00),(0.00 0.00 0.00),(0.00000 0.00000 0.00000 1.00000),0,0.510409
(0.00 0.00 0.00),(0.00000 0.00000 0.00000 1.00000),(0.00 0.00 0.00),(0.00 0.00 0.00),(0.00000 0.00000 0.00000 1.00000),0,0.6116022
(0.00 0.00 0.00),(0.00000 0.00000 0.00000 1.00000),(0.00 0.00 0.00),(0.00 0.00 0.00),(0.00000 0.00000 0.00000 1.00000),0,0.713079
(0.00 0.00 0.00),(0.00000 0.00000 0.00000 1.00000),(0.00 0.00 0.00),(0.00 0.00 0.00),(0.00000 0.00000 0.00000 1.00000),0,0.754285
(0.00 0.00 0.00),(0.00000 0.00000 0.00000 1.00000),(0.00 0.00 0.00),(0.00 0.00 0.00),(0.00000 0.00000 0.00000 1.00000),0,0.7945221
(0.00 0.00 0.00),(0.00000 0.00000 0.00000 1.00000),(0.00 0.00 0.00),(0.00 0.00 0.00),(0.00000 0.00000 0.00000 1.00000),0,0.8525609
(0.00 0.00 0.00),(0.00000 0.00000 0.00000 1.00000),(0.00 0.00 0.00),(0.00 0.00 0.00),(0.00000 0.00000 0.00000 1.00000),0,0.8935935
(0.00 0.00 0.00),(0.00000 0.00000 0.00000 1.00000),(0.00 0.00 0.00),(0.00 0.00 0.00),(0.00000 0.00000 0.00000 1.00000),0,1.033734
(0.00 0.00 0.00),(0.00000 0.00000 0.00000 1.00000),(0.00 0.00 0.00),(0.00 0.00 0.00),(0.00000 0.00000 0.00000 1.00000),0,1.14284
(0.00 0.00 0.00),(0.00000 0.00000 0.00000 1.00000),(0.00 0.00 0.00),(0.00 0.00 0.00),(0.00000 0.00000 0.00000 1.00000),0,1.186946
(0.00 0.00 0.00),(0.00000 0.00000 0.00000 1.00000),(0.00 0.00 0.00),(0.00 0.00 0.00),(0.00000 0.00000 0.00000 1.00000),0,1.233918
(0.00 0.00 0.00),(0.00000 0.00000 0.00000 1.00000),(0.00 0.00 0.00),(0.00 0.00 0.00),(0.00000 0.00000 0.00000 1.00000),0,1.278407
(0.00 0.00 0.00),(0.00000 0.00000 0.00000 1.00000),(0.00 0.00 0.00),(0.00 0.00 0.00),(0.00000 0.00000 0.00000 1.00000),0,1.322917
(0.00 0.00 0.00),(0.00000 0.00000 0.00000 1.00000),(0.00 0.00 0.00),(0.00 0.00 0.00),(0.00000 0.00000 0.00000 1.00000),0,1.367573
(0.00 0.00 0.00),(0.00000 0.00000 0.00000 1.00000),(0.00 0.00 0.00),(0.00 0.00 0.00),(0.00000 0.00000 0.00000 1.00000),0,1.412171
(0.00 0.00 0.00),(0.00000 0.00000 0.00000 1.00000),(0.00 0.00 0.00),(0.00 0.00 0.00),(0.00000 0.00000 0.00000 1.00000),0,1.453689
(0.00 0.00 0.00),(0.00000 0.00000 0.00000 1.00000),(0.00 0.00 0.00),(0.00 0.00 0.00),(0.00000 0.00000 0.00000 1.00000),0,1.494959
(0.00 0.00 0.00),(0.00000 0.00000 0.00000 1.00000),(0.00 0.00 0.00),(0.00 0.00 0.00),(0.00000 0.00000 0.00000 1.00000),0,1.537491
(0.00 0.00 0.00),(0.00000 0.00000 0.00000 1.00000),(0.00 0.00 0.00),(0.00 0.00 0.00),(0.00000 0.00000 0.00000 1.00000),0,1.583415
(0.00 0.00 0.00),(0.00000 0.00000 0.00000 1.00000),(0.00 0.00 0.00),(0.00 0.00 0.00),(0.00000 0.00000 0.00000 1.00000),0,1.628196
(0.00 0.00 0.00),(0.00000 0.00000 0.00000 1.00000),(0.00 0.00 0.00),(0.00 0.00 0.00),(0.00000 0.00000 0.00000 1.00000),0,1.672698
(0.00 0.00 0.00),(0.00000 0.00000 0.00000 1.00000),(0.00 0.00 0.00),(0.00 0.00 0.00),(0.00000 0.00000 0.00000 1.00000),0,1.718024
(0.00 0.00 0.00),(0.00000 0.00000 0.00000 1.00000),(0.00 0.00 0.00),(0.00 0.00 0.00),(0.00000 0.00000 0.00000 1.00000),0,1.761547
(0.00 0.00 0.00),(0.00000 0.00000 0.00000 1.00000),(0.00 0.00 0.00),(0.00 0.00 0.00),(0.00000 0.00000 0.00000 1.00000),0,1.806337
(0.00 0.00 0.00),(0.00000 0.00000 0.00000 1.00000),(0.00 0.00 0.00),(0.00 0.00 0.00),(0.00000 0.00000 0.00000 1.00000),0,1.850599
(0.00 0.00 0.00),(0.00000 0.00000 0.00000 1.00000),(0.00 0.00 0.00),(0.00 0.00 0.00),(0.00000 0.00000 0.00000 1.00000),0,1.895922
(0.00 0.00 0.00),(0.00000 0.00000 0.00000 1.00000),(0.00 0.00 0.00),(0.00 0.00 0.00),(0.00000 0.00000 0.00000 1.00000),0,1.939563
(0.00 0.00 0.00),(0.00000 0.00000 0.00000 1.00000),(0.00 0.00 0.00),(0.00 0.00 0.00),(0.00000 0.00000 0.00000 1.00000),0,1.984706
(0.00 0.00 0.00),(0.00000 0.00000 0.00000 1.00000),(0.00 0.00 0.00),(0.00 0.00 0.00),(0.00000 0.00000 0.00000 1.00000),0,2.027952
(0.00 0.00 0.00),(0.00000 0.00000 0.00000 1.00000),(0.00 0.00 0.00),(0.00 0.00 0.00),(0.00000 0.00000 0.00000 1.00000),0,2.072676
(0.00 0.00 0.00),(0.00000 0.00000 0.00000 1.00000),(0.00 0.00 0.00),(0.00 0.00 0.00),(0.00000 0.00000 0.00000 1.00000),0,2.117553
(0.00 0.00 0.00),(0.00000 0.00000 0.00000 1.00000),(0.00 0.00 0.00),(0.00 0.00 0.00),(0.00000 0.00000 0.00000 1.00000),0,2.162133
(0.00 0.00 0.00),(0.00000 0.00000 0.00000 1.00000),(0.00 0.00 0.00),(0.00 0.00 0.00),(0.00000 0.00000 0.00000 1.00000),0,2.206298
(0.00 0.00 0.00),(0.00000 0.00000 0.00000 1.00000),(0.00 0.00 0.00),(0.00 0.00 0.00),(0.00000 0.00000 0.00000 1.00000),0,2.250906
(0.00 0.00 0.00),(0.00000 0.00000 0.00000 1.00000),(0.00 0.00 0.00),(0.00 0.00 0.00),(0.00000 0.00000 0.00000 1.00000),0,2.295748
(0.00 0.00 0.00),(0.00000 0.00000 0.00000 1.00000),(0.00 0.00 0.00),(0.00 0.00 0.00),(0.00000 0.00000 0.00000 1.00000),0,2.340681
(0.00 0.00 0.00),(0.00000 0.00000 0.00000 1.00000),(0.00 0.00 0.00),(0.00 0.00 0.00),(0.00000 0.00000 0.00000 1.00000),0,2.384731
(0.00 0.00 0.00),(0.00000 0.00000 0.00000 1.00000),(0.00 0.00 0.00),(0.00 0.00 0.00),(0.00000 0.00000 0.00000 1.00000),0,2.42933
(0.00 0.00 0.00),(0.00000 0.00000 0.00000 1.00000),(0.00 0.00 0.00),(0.00 0.00 0.00),(0.00000 0.00000 0.00000 1.00000),0,2.473227
(0.00 0.00 0.00),(0.00000 0.00000 0.00000 1.00000),(0.00 0.00 0.00),(0.00 0.00 0.00),(0.00000 0.00000 0.00000 1.00000),0,2.517873
(0.00 0.00 0.00),(0.00000 0.00000 0.00000 1.00000),(0.00 0.00 0.00),(0.00 0.00 0.00),(0.00000 0.00000 0.00000 1.00000),0,2.562293
(0.00 0.00 0.00),(0.00000 0.00000 0.00000 1.00000),(0.00 0.00 0.00),(0.00 0.00 0.00),(0.00000 0.00000 0.00000 1.00000),0,2.607058
(0.00 0.00 0.00),(0.00000 0.00000 0.00000 1.00000),(0.00 0.00 0.00),(0.00 0.00 0.00),(0.00000 0.00000 0.00000 1.00000),0,2.651186
(0.00 0.00 0.00),(0.00000 0.00000 0.00000 1.00000),(0.00 0.00 0.00),(0.00 0.00 0.00),(0.00000 0.00000 0.00000 1.00000),0,2.694955
(0.00 0.00 0.00),(0.00000 0.00000 0.00000 1.00000),(0.00 0.00 0.00),(0.00 0.00 0.00),(0.00000 0.00000 0.00000 1.00000),0,2.740383
(0.00 0.00 0.00),(0.00000 0.00000 0.00000 1.00000),(0.00 0.00 0.00),(0.00 0.00 0.00),(0.00000 0.00000 0.00000 1.00000),0,2.784926
(0.00 0.00 0.00),(0.00000 0.00000 0.00000 1.00000),(0.00 0.00 0.00),(0.00 0.00 0.00),(0.00000 0.00000 0.00000 1.00000),0,2.829059
(0.00 0.00 0.00),(0.00000 0.00000 0.00000 1.00000),(0.00 0.00 0.00),(0.00 0.00 0.00),(0.00000 0.00000 0.00000 1.00000),0,2.873497
(0.00 0.00 0.00),(0.00000 0.00000 0.00000 1.00000),(0.00 0.00 0.00),(0.00 0.00 0.00),(0.00000 0.00000 0.00000 1.00000),0,2.917639
(0.00 0.00 0.00),(0.00000 0.00000 0.00000 1.00000),(0.00 0.00 0.00),(0.00 0.00 0.00),(0.00000 0.00000 0.00000 1.00000),0,2.962439
(0.00 0.00 0.00),(0.00000 0.00000 0.00000 1.00000),(0.00 0.00 0.00),(0.00 0.00 0.00),(0.00000 0.00000 0.00000 1.00000),0,3.007261
(0.00 0.00 0.00),(0.00000 0.00000 0.00000 1.00000),(0.00 0.00 0.00),(0.00 0.00 0.00),(0.00000 0.00000 0.00000 1.00000),0,3.051612
(0.00 0.00 0.00),(0.00000 0.00000 0.00000 1.00000),(0.00 0.00 0.00),(0.00 0.00 0.00),(0.00000 0.00000 0.00000 1.00000),0,3.096093
(0.00 0.00 0.00),(0.00000 0.00000 0.00000 1.00000),(0.00 0.00 0.00),(0.00 0.00 0.00),(0.00000 0.00000 0.00000 1.00000),0,3.140548
(0.00 0.00 0.00),(0.00000 0.00000 0.00000 1.00000),(0.00 0.00 0.00),(0.00 0.00 0.00),(0.00000 0.00000 0.00000 1.00000),0,3.185088
(0.00 0.00 0.00),(0.00000 0.00000 0.00000 1.00000),(0.00 0.00 0.00),(0.00 0.00 0.00),(0.00000 0.00000 0.00000 1.00000),0,3.228476
(0.00 0.00 0.00),(0.00000 0.00000 0.00000 1.00000),(0.00 0.00 0.00),(0.00 0.00 0.00),(0.00000 0.00000 0.00000 1.00000),0,3.273593
(0.00 0.00 0.00),(0.00000 0.00000 0.00000 1.00000),(0.00 0.00 0.00),(0.00 0.00 0.00),(0.00000 0.00000 0.00000 1.00000),0,3.317951
(0.00 0.00 0.00),(0.00000 0.00000 0.00000 1.00000),(0.00 0.00 0.00),(0.00 0.00 0.00),(0.00000 0.00000 0.00000 1.00000),0,3.362125
(0.00 0.00 0.00),(0.00000 0.00000 0.00000 1.00000),(0.00 0.00 0.00),(0.00 0.00 0.00),(0.00000 0.00000 0.00000 1.00000),0,3.406707
(0.00 0.00 0.00),(0.00000 0.00000 0.00000 1.00000),(0.00 0.00 0.00),(0.00 0.00 0.00),(0.00000 0.00000 0.00000 1.00000),0,3.452053
(0.00 0.00 0.00),(0.00000 0.00000 0.00000 1.00000),(0.00 0.00 0.00),(0.00 0.00 0.00),(0.00000 0.00000 0.00000 1.00000),0,3.495775
(0.00 0.00 0.00),(0.00000 0.00000 0.00000 1.00000),(0.00 0.00 0.00),(0.00 0.00 0.00),(0.00000 0.00000 0.00000 1.00000),0,3.54042
(0.00 0.00 0.00),(0.00000 0.00000 0.00000 1.00000),(0.00 0.00 0.00),(0.00 0.00 0.00),(0.00000 0.00000 0.00000 1.00000),0,3.584867
(0.00 0.00 0.00),(0.00000 0.00000 0.00000 1.00000),(0.00 0.00 0.00),(0.00 0.00 0.00),(0.00000 0.00000 0.00000 1.00000),0,3.629717
(0.00 0.00 0.00),(0.00000 0.00000 0.00000 1.00000),(0.00 0.00 0.00),(0.00 0.00 0.00),(0.00000 0.00000 0.00000 1.00000),0,3.673704
(0.00 0.00 0.00),(0.00000 0.00000 0.00000 1.00000),(0.00 0.00 0.00),(0.00 0.00 0.00),(0.00000 0.00000 0.00000 1.00000),0,3.718281
(0.00 0.00 0.00),(0.00000 0.00000 0.00000 1.00000),(0.00 0.00 0.00),(0.00 0.00 0.00),(0.00000 0.00000 0.00000 1.00000),0,3.76259
(0.00 0.00 0.00),(0.00000 0.00000 0.00000 1.00000),(0.00 0.00 0.00),(0.00 0.00 0.00),(0.00000 0.00000 0.00000 1.00000),0,3.806873
(0.00 0.00 0.00),(0.00000 0.00000 0.00000 1.00000),(0.00 0.00 0.00),(0.00 0.00 0.00),(0.00000 0.00000 0.00000 1.00000),0,3.852172
(0.00 0.00 0.00),(0.00000 0.00000 0.00000 1.00000),(0.00 0.00 0.00),(0.00 0.00 0.00),(0.00000 0.00000 0.00000 1.00000),0,3.89583
(0.00 0.00 0.00),(0.00000 0.00000 0.00000 1.00000),(0.00 0.00 0.00),(0.00 0.00 0.00),(0.00000 0.00000 0.00000 1.00000),0,3.940907
(0.00 0.00 0.00),(0.00000 0.00000 0.00000 1.00000),(0.00 0.00 0.00),(0.00 0.00 0.00),(0.00000 0.00000 0.00000 1.00000),0,3.984405
(0.00 0.00 0.00),(0.00000 0.00000 0.00000 1.00000),(0.00 0.00 0.00),(0.00 0.00 0.00),(0.00000 0.00000 0.00000 1.00000),0,4.029742
(0.00 0.00 0.00),(0.00000 0.00000 0.00000 1.00000),(0.00 0.00 0.00),(0.00 0.00 0.00),(0.00000 0.00000 0.00000 1.00000),0,4.073272
(0.00 0.00 0.00),(0.00000 0.00000 0.00000 1.00000),(0.00 0.00 0.00),(0.00 0.00 0.00),(0.00000 0.00000 0.00000 1.00000),0,4.117841
(0.00 0.00 0.00),(0.00000 0.00000 0.00000 1.00000),(0.00 0.00 0.00),(0.00 0.00 0.00),(0.00000 0.00000 0.00000 1.00000),0,4.16347
(0.00 0.00 0.00),(0.00000 0.00000 0.00000 1.00000),(0.00 0.00 0.00),(0.00 0.00 0.00),(0.00000 0.00000 0.00000 1.00000),0,4.207212
(0.00 0.00 0.00),(0.00000 0.00000 0.00000 1.00000),(0.00 0.00 0.00),(0.00 0.00 0.00),(0.00000 0.00000 0.00000 1.00000),0,4.251877
(0.00 0.00 0.00),(0.00000 0.00000 0.00000 1.00000),(0.00 0.00 0.00),(0.00 0.00 0.00),(0.00000 0.00000 0.00000 1.00000),0,4.296518
(0.00 0.00 0.00),(0.00000 0.00000 0.00000 1.00000),(0.00 0.00 0.00),(0.00 0.00 0.00),(0.00000 0.00000 0.00000 1.00000),0,4.340476
(0.00 0.00 0.00),(0.00000 0.00000 0.00000 1.00000),(0.00 0.00 0.00),(0.00 0.00 0.00),(0.00000 0.00000 0.00000 1.00000),0,4.385239
(0.00 0.00 0.00),(0.00000 0.00000 0.00000 1.00000),(0.00 0.00 0.00),(0.00 0.00 0.00),(0.00000 0.00000 0.00000 1.00000),0,4.429567
(0.00 0.00 0.00),(0.00000 0.00000 0.00000 1.00000),(0.00 0.00 0.00),(0.00 0.00 0.00),(0.00000 0.00000 0.00000 1.00000),0,4.473841
(0.00 0.00 0.00),(0.00000 0.00000 0.00000 1.00000),(0.00 0.00 0.00),(0.00 0.00 0.00),(0.00000 0.00000 0.00000 1.00000),0,4.518151
(0.00 0.00 0.00),(0.00000 0.00000 0.00000 1.00000),(0.00 0.00 0.00),(0.00 0.00 0.00),(0.00000 0.00000 0.00000 1.00000),0,4.563786
(0.00 0.00 0.00),(0.00000 0.00000 0.00000 1.00000),(0.00 0.00 0.00),(0.00 0.00 0.00),(0.00000 0.00000 0.00000 1.00000),0,4.606911
(0.00 0.00 0.00),(0.00000 0.00000 0.00000 1.00000),(0.00 0.00 0.00),(0.00 0.00 0.00),(0.00000 0.00000 0.00000 1.00000),0,4.651712
(0.00 0.00 0.00),(0.00000 0.00000 0.00000 1.00000),(0.00 0.00 0.00),(0.00 0.00 0.00),(0.00000 0.00000 0.00000 1.00000),0,4.697009
(0.00 0.00 0.00),(0.00000 0.00000 0.00000 1.00000),(0.00 0.00 0.00),(0.00 0.00 0.00),(0.00000 0.00000 0.00000 1.00000),0,4.739871
(0.00 0.00 0.00),(0.00000 0.00000 0.00000 1.00000),(0.00 0.00 0.00),(0.00 0.00 0.00),(0.00000 0.00000 0.00000 1.00000),0,4.785038
(0.00 0.00 0.00),(0.00000 0.00000 0.00000 1.00000),(0.00 0.00 0.00),(0.00 0.00 0.00),(0.00000 0.00000 0.00000 1.00000),0,4.829329
(0.00 0.00 0.00),(0.00000 0.00000 0.00000 1.00000),(0.00 0.00 0.00),(0.00 0.00 0.00),(0.00000 0.00000 0.00000 1.00000),0,4.874592
(0.00 0.00 0.00),(0.00000 0.00000 0.00000 1.00000),(0.00 0.00 0.00),(0.00 0.00 0.00),(0.00000 0.00000 0.00000 1.00000),0,4.918633
(0.00 0.00 0.00),(0.00000 0.00000 0.00000 1.00000),(0.00 0.00 0.00),(0.00 0.00 0.00),(0.00000 0.00000 0.00000 1.00000),0,4.963189
(0.00 0.00 0.00),(0.00000 0.00000 0.00000 1.00000),(0.00 0.00 0.00),(0.00 0.00 0.00),(0.00000 0.00000 0.00000 1.00000),0,5.006973
(0.00 0.00 0.00),(0.00000 0.00000 0.00000 1.00000),(0.00 0.00 0.00),(0.00 0.00 0.00),(0.00000 0.00000 0.00000 1.00000),0,5.05171
(0.00 0.00 0.00),(0.00000 0.00000 0.00000 1.00000),(0.00 0.00 0.00),(0.00 0.00 0.00),(0.00000 0.00000 0.00000 1.00000),0,5.096612
(0.00 0.00 0.00),(0.00000 0.00000 0.00000 1.00000),(0.00 0.00 0.00),(0.00 0.00 0.00),(0.00000 0.00000 0.00000 1.00000),0,5.140539
(0.00 0.00 0.00),(0.00000 0.00000 0.00000 1.00000),(0.00 0.00 0.00),(0.00 0.00 0.00),(0.00000 0.00000 0.00000 1.00000),0,5.185509
(0.00 0.00 0.00),(0.00000 0.00000 0.00000 1.00000),(0.00 0.00 0.00),(0.00 0.00 0.00),(0.00000 0.00000 0.00000 1.00000),0,5.229452
(0.00 0.00 0.00),(0.00000 0.00000 0.00000 1.00000),(0.00 0.00 0.00),(0.00 0.00 0.00),(0.00000 0.00000 0.00000 1.00000),0,5.274395
(0.00 0.00 0.00),(0.00000 0.00000 0.00000 1.00000),(0.00 0.00 0.00),(0.00 0.00 0.00),(0.00000 0.00000 0.00000 1.00000),0,5.318688
(0.00 0.00 0.00),(0.00000 0.00000 0.00000 1.00000),(0.00 0.00 0.00),(0.00 0.00 0.00),(0.00000 0.00000 0.00000 1.00000),0,5.363103
(0.00 0.00 0.00),(0.00000 0.00000 0.00000 1.00000),(0.00 0.00 0.00),(0.00 0.00 0.00),(0.00000 0.00000 0.00000 1.00000),0,5.408251
(0.00 0.00 0.00),(0.00000 0.00000 0.00000 1.00000),(0.00 0.00 0.00),(0.00 0.00 0.00),(0.00000 0.00000 0.00000 1.00000),0,5.452546
(0.00 0.00 0.00),(0.00000 0.00000 0.00000 1.00000),(0.00 0.00 0.00),(0.00 0.00 0.00),(0.00000 0.00000 0.00000 1.00000),0,5.497929
(0.00 0.00 0.00),(0.00000 0.00000 0.00000 1.00000),(0.00 0.00 0.00),(0.00 0.00 0.00),(0.00000 0.00000 0.00000 1.00000),0,5.541053
(0.00 0.00 0.00),(0.00000 0.00000 0.00000 1.00000),(0.00 0.00 0.00),(0.00 0.00 0.00),(0.00000 0.00000 0.00000 1.00000),0,5.585983
(0.00 0.00 0.00),(0.00000 0.00000 0.00000 1.00000),(0.00 0.00 0.00),(0.00 0.00 0.00),(0.00000 0.00000 0.00000 1.00000),0,5.630594
(0.00 0.00 0.00),(0.00000 0.00000 0.00000 1.00000),(0.00 0.00 0.00),(0.00 0.00 0.00),(0.00000 0.00000 0.00000 1.00000),0,5.674183
(0.00 0.00 0.00),(0.00000 0.00000 0.00000 1.00000),(0.00 0.00 0.00),(0.00 0.00 0.00),(0.00000 0.00000 0.00000 1.00000),0,5.718583
(0.00 0.00 0.00),(0.00000 0.00000 0.00000 1.00000),(0.00 0.00 0.00),(0.00 0.00 0.00),(0.00000 0.00000 0.00000 1.00000),0,5.762792
(0.00 0.00 0.00),(0.00000 0.00000 0.00000 1.00000),(0.00 0.00 0.00),(0.00 0.00 0.00),(0.00000 0.00000 0.00000 1.00000),0,5.80688
(0.00 0.00 0.00),(0.00000 0.00000 0.00000 1.00000),(0.00 0.00 0.00),(0.00 0.00 0.00),(0.00000 0.00000 0.00000 1.00000),0,5.852634
(0.00 0.00 0.00),(0.00000 0.00000 0.00000 1.00000),(0.00 0.00 0.00),(0.00 0.00 0.00),(0.00000 0.00000 0.00000 1.00000),0,5.89713
(0.00 0.00 0.00),(0.00000 0.00000 0.00000 1.00000),(0.00 0.00 0.00),(0.00 0.00 0.00),(0.00000 0.00000 0.00000 1.00000),0,5.94185
(0.00 0.00 0.00),(0.00000 0.00000 0.00000 1.00000),(0.00 0.00 0.00),(0.00 0.00 0.00),(0.00000 0.00000 0.00000 1.00000),0,5.985719
(0.00 0.00 0.00),(0.00000 0.00000 0.00000 1.00000),(0.00 0.00 0.00),(0.00 0.00 0.00),(0.00000 0.00000 0.00000 1.00000),0,6.030019
(0.00 0.00 0.00),(0.00000 0.00000 0.00000 1.00000),(0.00 0.00 0.00),(0.00 0.00 0.00),(0.00000 0.00000 0.00000 1.00000),0,6.074126
(0.00 0.00 0.00),(0.00000 0.00000 0.00000 1.00000),(0.00 0.00 0.00),(0.00 0.00 0.00),(0.00000 0.00000 0.00000 1.00000),0,6.119345
(0.00 0.00 0.00),(0.00000 0.00000 0.00000 1.00000),(0.00 0.00 0.00),(0.00 0.00 0.00),(0.00000 0.00000 0.00000 1.00000),0,6.163614
(0.00 0.00 0.00),(0.00000 0.00000 0.00000 1.00000),(0.00 0.00 0.00),(0.00 0.00 0.00),(0.00000 0.00000 0.00000 1.00000),0,6.207895
(0.00 0.00 0.00),(0.00000 0.00000 0.00000 1.00000),(0.00 0.00 0.00),(0.00 0.00 0.00),(0.00000 0.00000 0.00000 1.00000),0,6.253562
(0.00 0.00 0.00),(0.00000 0.00000 0.00000 1.00000),(0.00 0.00 0.00),(0.00 0.00 0.00),(0.00000 0.00000 0.00000 1.00000),0,6.297855
(0.00 0.00 0.00),(0.00000 0.00000 0.00000 1.00000),(0.00 0.00 0.00),(0.00 0.00 0.00),(0.00000 0.00000 0.00000 1.00000),0,6.340937
(0.00 0.00 0.00),(0.00000 0.00000 0.00000 1.00000),(0.00 0.00 0.00),(0.00 0.00 0.00),(0.00000 0.00000 0.00000 1.00000),0,6.386573
(0.00 0.00 0.00),(0.00000 0.00000 0.00000 1.00000),(0.00 0.00 0.00),(0.00 0.00 0.00),(0.00000 0.00000 0.00000 1.00000),0,6.429545
(0.00 0.00 0.00),(0.00000 0.00000 0.00000 1.00000),(0.00 0.00 0.00),(0.00 0.00 0.00),(0.00000 0.00000 0.00000 1.00000),0,6.475139
(0.00 0.00 0.00),(0.00000 0.00000 0.00000 1.00000),(0.00 0.00 0.00),(0.00 0.00 0.00),(0.00000 0.00000 0.00000 1.00000),0,6.51912
(0.00 0.00 0.00),(0.00000 0.00000 0.00000 1.00000),(0.00 0.00 0.00),(0.00 0.00 0.00),(0.00000 0.00000 0.00000 1.00000),0,6.563609
(0.00 0.00 0.00),(0.00000 0.00000 0.00000 1.00000),(0.00 0.00 0.00),(0.00 0.00 0.00),(0.00000 0.00000 0.00000 1.00000),0,6.607499
(0.00 0.00 0.00),(0.00000 0.00000 0.00000 1.00000),(0.00 0.00 0.00),(0.00 0.00 0.00),(0.00000 0.00000 0.00000 1.00000),0,6.653411
(0.00 0.00 0.00),(0.00000 0.00000 0.00000 1.00000),(0.00 0.00 0.00),(0.00 0.00 0.00),(0.00000 0.00000 0.00000 1.00000),0,6.696508
(0.00 0.00 0.00),(0.00000 0.00000 0.00000 1.00000),(0.00 0.00 0.00),(0.00 0.00 0.00),(0.00000 0.00000 0.00000 1.00000),0,6.740543
(0.00 0.00 0.00),(0.00000 0.00000 0.00000 1.00000),(0.00 0.00 0.00),(0.00 0.00 0.00),(0.00000 0.00000 0.00000 1.00000),0,6.785073
(0.00 0.00 0.00),(0.00000 0.00000 0.00000 1.00000),(0.00 0.00 0.00),(0.00 0.00 0.00),(0.00000 0.00000 0.00000 1.00000),0,6.829555
(0.00 0.00 0.00),(0.00000 0.00000 0.00000 1.00000),(0.00 0.00 0.00),(0.00 0.00 0.00),(0.00000 0.00000 0.00000 1.00000),0,6.87378
(0.00 0.00 0.00),(0.00000 0.00000 0.00000 1.00000),(0.00 0.00 0.00),(0.00 0.00 0.00),(0.00000 0.00000 0.00000 1.00000),0,6.919022
(0.00 0.00 0.00),(0.00000 0.00000 0.00000 1.00000),(0.00 0.00 0.00),(0.00 0.00 0.00),(0.00000 0.00000 0.00000 1.00000),0,6.963588
(0.00 0.00 0.00),(0.00000 0.00000 0.00000 1.00000),(0.00 0.00 0.00),(0.00 0.00 0.00),(0.00000 0.00000 0.00000 1.00000),0,7.007518
(0.00 0.00 0.00),(0.00000 0.00000 0.00000 1.00000),(0.00 0.00 0.00),(0.00 0.00 0.00),(0.00000 0.00000 0.00000 1.00000),0,7.051884
(0.00 0.00 0.00),(0.00000 0.00000 0.00000 1.00000),(0.00 0.00 0.00),(0.00 0.00 0.00),(0.00000 0.00000 0.00000 1.00000),0,7.09799
(0.00 0.00 0.00),(0.00000 0.00000 0.00000 1.00000),(0.00 0.00 0.00),(0.00 0.00 0.00),(0.00000 0.00000 0.00000 1.00000),0,7.14069
(0.00 0.00 0.00),(0.00000 0.00000 0.00000 1.00000),(0.00 0.00 0.00),(0.00 0.00 0.00),(0.00000 0.00000 0.00000 1.00000),0,7.184571
(0.00 0.00 0.00),(0.00000 0.00000 0.00000 1.00000),(0.00 0.00 0.00),(0.00 0.00 0.00),(0.00000 0.00000 0.00000 1.00000),0,7.229524
(0.00 0.00 0.00),(0.00000 0.00000 0.00000 1.00000),(0.00 0.00 0.00),(0.00 0.00 0.00),(0.00000 0.00000 0.00000 1.00000),0,7.274605
(0.00 0.00 0.00),(0.00000 0.00000 0.00000 1.00000),(0.00 0.00 0.00),(0.00 0.00 0.00),(0.00000 0.00000 0.00000 1.00000),0,7.319284
(0.00 0.00 0.00),(0.00000 0.00000 0.00000 1.00000),(0.00 0.00 0.00),(0.00 0.00 0.00),(0.00000 0.00000 0.00000 1.00000),0,7.364235
(0.00 0.00 0.00),(0.00000 0.00000 0.00000 1.00000),(0.00 0.00 0.00),(0.00 0.00 0.00),(0.00000 0.00000 0.00000 1.00000),0,7.407893
(0.00 0.00 0.00),(0.00000 0.00000 0.00000 1.00000),(0.00 0.00 0.00),(0.00 0.00 0.00),(0.00000 0.00000 0.00000 1.00000),0,7.452096
(0.00 0.00 0.00),(0.00000 0.00000 0.00000 1.00000),(0.00 0.00 0.00),(0.00 0.00 0.00),(0.00000 0.00000 0.00000 1.00000),0,7.497666
(0.00 0.00 0.00),(0.00000 0.00000 0.00000 1.00000),(0.00 0.00 0.00),(0.00 0.00 0.00),(0.00000 0.00000 0.00000 1.00000),0,7.541272
(0.00 0.00 0.00),(0.00000 0.00000 0.00000 1.00000),(0.00 0.00 0.00),(0.00 0.00 0.00),(0.00000 0.00000 0.00000 1.00000),0,7.585747
(0.00 0.00 0.00),(0.00000 0.00000 0.00000 1.00000),(0.00 0.00 0.00),(0.00 0.00 0.00),(0.00000 0.00000 0.00000 1.00000),0,7.631413
(0.00 0.00 0.00),(0.00000 0.00000 0.00000 1.00000),(0.00 0.00 0.00),(0.00 0.00 0.00),(0.00000 0.00000 0.00000 1.00000),0,7.675798
(0.00 0.00 0.00),(0.00000 0.00000 0.00000 1.00000),(0.00 0.00 0.00),(0.00 0.00 0.00),(0.00000 0.00000 0.00000 1.00000),0,7.717992
(0.00 0.00 0.00),(0.00000 0.00000 0.00000 1.00000),(0.00 0.00 0.00),(0.00 0.00 0.00),(0.00000 0.00000 0.00000 1.00000),0,7.762799
(0.00 0.00 0.00),(0.00000 0.00000 0.00000 1.00000),(0.00 0.00 0.00),(0.00 0.00 0.00),(0.00000 0.00000 0.00000 1.00000),0,7.807399
(0.00 0.00 0.00),(0.00000 0.00000 0.00000 1.00000),(0.00 0.00 0.00),(0.00 0.00 0.00),(0.00000 0.00000 0.00000 1.00000),0,7.85211
(0.00 0.00 0.00),(0.00000 0.00000 0.00000 1.00000),(0.00 0.00 0.00),(0.00 0.00 0.00),(0.00000 0.00000 0.00000 1.00000),0,7.896892
(0.00 0.00 0.00),(0.00000 0.00000 0.00000 1.00000),(0.00 0.00 0.00),(0.00 0.00 0.00),(0.00000 0.00000 0.00000 1.00000),0,7.941518
(0.00 0.00 0.00),(0.00000 0.00000 0.00000 1.00000),(0.00 0.00 0.00),(0.00 0.00 0.00),(0.00000 0.00000 0.00000 1.00000),0,7.985085
(0.00 0.00 0.00),(0.00000 0.00000 0.00000 1.00000),(0.00 0.00 0.00),(0.00 0.00 0.00),(0.00000 0.00000 0.00000 1.00000),0,8.02951
(0.00 0.00 0.00),(0.00000 0.00000 0.00000 1.00000),(0.00 0.00 0.00),(0.00 0.00 0.00),(0.00000 0.00000 0.00000 1.00000),0,8.074225
(0.00 0.00 0.00),(0.00000 0.00000 0.00000 1.00000),(0.00 0.00 0.00),(0.00 0.00 0.00),(0.00000 0.00000 0.00000 1.00000),0,8.118473
(0.00 0.00 0.00),(0.00000 0.00000 0.00000 1.00000),(0.00 0.00 0.00),(0.00 0.00 0.00),(0.00000 0.00000 0.00000 1.00000),0,8.162834
(0.00 0.00 0.00),(0.00000 0.00000 0.00000 1.00000),(0.00 0.00 0.00),(0.00 0.00 0.00),(0.00000 0.00000 0.00000 1.00000),0,8.207494
(0.00 0.00 0.00),(0.00000 0.00000 0.00000 1.00000),(0.00 0.00 0.00),(0.00 0.00 0.00),(0.00000 0.00000 0.00000 1.00000),0,8.252486
(0.00 0.00 0.00),(0.00000 0.00000 0.00000 1.00000),(0.00 0.00 0.00),(0.00 0.00 0.00),(0.00000 0.00000 0.00000 1.00000),0,8.296912
(0.00 0.00 0.00),(0.00000 0.00000 0.00000 1.00000),(0.00 0.00 0.00),(0.00 0.00 0.00),(0.00000 0.00000 0.00000 1.00000),0,8.34098
(0.00 0.00 0.00),(0.00000 0.00000 0.00000 1.00000),(0.00 0.00 0.00),(0.00 0.00 0.00),(0.00000 0.00000 0.00000 1.00000),0,8.384819
(0.00 0.00 0.00),(0.00000 0.00000 0.00000 1.00000),(0.00 0.00 0.00),(0.00 0.00 0.00),(0.00000 0.00000 0.00000 1.00000),0,8.429991
(0.00 0.00 0.00),(0.00000 0.00000 0.00000 1.00000),(0.00 0.00 0.00),(0.00 0.00 0.00),(0.00000 0.00000 0.00000 1.00000),0,8.473948
(0.00 0.00 0.00),(0.00000 0.00000 0.00000 1.00000),(0.00 0.00 0.00),(0.00 0.00 0.00),(0.00000 0.00000 0.00000 1.00000),0,8.519278
(0.00 0.00 0.00),(0.00000 0.00000 0.00000 1.00000),(0.00 0.00 0.00),(0.00 0.00 0.00),(0.00000 0.00000 0.00000 1.00000),0,8.56301
(0.00 0.00 0.00),(0.00000 0.00000 0.00000 1.00000),(0.00 0.00 0.00),(0.00 0.00 0.00),(0.00000 0.00000 0.00000 1.00000),0,8.607276
(0.00 0.00 0.00),(0.00000 0.00000 0.00000 1.00000),(0.00 0.00 0.00),(0.00 0.00 0.00),(0.00000 0.00000 0.00000 1.00000),0,8.651958
(0.00 0.00 0.00),(0.00000 0.00000 0.00000 1.00000),(0.00 0.00 0.00),(0.00 0.00 0.00),(0.00000 0.00000 0.00000 1.00000),0,8.695809
(0.00 0.00 0.00),(0.00000 0.00000 0.00000 1.00000),(0.00 0.00 0.00),(0.00 0.00 0.00),(0.00000 0.00000 0.00000 1.00000),0,8.739046
(0.00 0.00 0.00),(0.00000 0.00000 0.00000 1.00000),(0.00 0.00 0.00),(0.00 0.00 0.00),(0.00000 0.00000 0.00000 1.00000),0,8.785542
(0.00 0.00 0.00),(0.00000 0.00000 0.00000 1.00000),(0.00 0.00 0.00),(0.00 0.00 0.00),(0.00000 0.00000 0.00000 1.00000),0,8.829439
(0.00 0.00 0.00),(0.00000 0.00000 0.00000 1.00000),(0.00 0.00 0.00),(0.00 0.00 0.00),(0.00000 0.00000 0.00000 1.00000),0,8.873373
(0.00 0.00 0.00),(0.00000 0.00000 0.00000 1.00000),(0.00 0.00 0.00),(0.00 0.00 0.00),(0.00000 0.00000 0.00000 1.00000),0,8.918046
(0.00 0.00 0.00),(0.00000 0.00000 0.00000 1.00000),(0.00 0.00 0.00),(0.00 0.00 0.00),(0.00000 0.00000 0.00000 1.00000),0,8.962883
(0.00 0.00 0.00),(0.00000 0.00000 0.00000 1.00000),(0.00 0.00 0.00),(0.00 0.00 0.00),(0.00000 0.00000 0.00000 1.00000),0,9.0067
(0.00 0.00 0.00),(0.00000 0.00000 0.00000 1.00000),(0.00 0.00 0.00),(0.00 0.00 0.00),(0.00000 0.00000 0.00000 1.00000),0,9.051579
(0.00 0.00 0.00),(0.00000 0.00000 0.00000 1.00000),(0.00 0.00 0.00),(0.00 0.00 0.00),(0.00000 0.00000 0.00000 1.00000),0,9.096525
(0.00 0.00 0.00),(0.00000 0.00000 0.00000 1.00000),(0.00 0.00 0.00),(0.00 0.00 0.00),(0.00000 0.00000 0.00000 1.00000),0,9.140423
(0.00 0.00 0.00),(0.00000 0.00000 0.00000 1.00000),(0.00 0.00 0.00),(0.00 0.00 0.00),(0.00000 0.00000 0.00000 1.00000),0,9.185896
(0.00 0.00 0.00),(0.00000 0.00000 0.00000 1.00000),(0.00 0.00 0.00),(0.00 0.00 0.00),(0.00000 0.00000 0.00000 1.00000),0,9.230678
(0.00 0.00 0.00),(0.00000 0.00000 0.00000 1.00000),(0.00 0.00 0.00),(0.00 0.00 0.00),(0.00000 0.00000 0.00000 1.00000),0,9.273845
(0.00 0.00 0.00),(0.00000 0.00000 0.00000 1.00000),(0.00 0.00 0.00),(0.00 0.00 0.00),(0.00000 0.00000 0.00000 1.00000),0,9.316334
(0.00 0.00 0.00),(0.00000 0.00000 0.00000 1.00000),(0.00 0.00 0.00),(0.00 0.00 0.00),(0.00000 0.00000 0.00000 1.00000),0,9.35972
(0.00 0.00 0.00),(0.00000 0.00000 0.00000 1.00000),(0.00 0.00 0.00),(0.00 0.00 0.00),(0.00000 0.00000 0.00000 1.00000),0,9.403153
(0.00 0.00 0.00),(0.00000 0.00000 0.00000 1.00000),(0.00 0.00 0.00),(0.00 0.00 0.00),(0.00000 0.00000 0.00000 1.00000),0,9.449709
(0.00 0.00 0.00),(0.00000 0.00000 0.00000 1.00000),(0.00 0.00 0.00),(0.00 0.00 0.00),(0.00000 0.00000 0.00000 1.00000),0,9.494741
(0.00 0.00 0.00),(0.00000 0.00000 0.00000 1.00000),(0.00 0.00 0.00),(0.00 0.00 0.00),(0.00000 0.00000 0.00000 1.00000),0,9.53863
(0.00 0.00 0.00),(0.00000 0.00000 0.00000 1.00000),(0.00 0.00 0.00),(0.00 0.00 0.00),(0.00000 0.00000 0.00000 1.00000),0,9.583591
(0.00 0.00 0.00),(0.00000 0.00000 0.00000 1.00000),(0.00 0.00 0.00),(0.00 0.00 0.00),(0.00000 0.00000 0.00000 1.00000),0,9.627467
(0.00 0.00 0.00),(0.00000 0.00000 0.00000 1.00000),(0.00 0.00 0.00),(0.00 0.00 0.00),(0.00000 0.00000 0.00000 1.00000),0,9.672523
(0.00 0.00 0.00),(0.00000 0.00000 0.00000 1.00000),(0.00 0.00 0.00),(0.00 0.00 0.00),(0.00000 0.00000 0.00000 1.00000),0,9.717252
(0.00 0.00 0.00),(0.00000 0.00000 0.00000 1.00000),(0.00 0.00 0.00),(0.00 0.00 0.00),(0.00000 0.00000 0.00000 1.00000),0,9.761512
(0.00 0.00 0.00),(0.00000 0.00000 0.00000 1.00000),(0.00 0.00 0.00),(0.00 0.00 0.00),(0.00000 0.00000 0.00000 1.00000),0,9.806315
(0.00 0.00 0.00),(0.00000 0.00000 0.00000 1.00000),(0.00 0.00 0.00),(0.00 0.00 0.00),(0.00000 0.00000 0.00000 1.00000),0,9.849984
(0.00 0.00 0.00),(0.00000 0.00000 0.00000 1.00000),(0.00 0.00 0.00),(0.00 0.00 0.00),(0.00000 0.00000 0.00000 1.00000),0,9.895004
(0.00 0.00 0.00),(0.00000 0.00000 0.00000 1.00000),(0.00 0.00 0.00),(0.00 0.00 0.00),(0.00000 0.00000 0.00000 1.00000),0,9.940001
(0.00 0.00 0.00),(0.00000 0.00000 0.00000 1.00000),(0.00 0.00 0.00),(0.00 0.00 0.00),(0.00000 0.00000 0.00000 1.00000),0,9.984281
(0.00 0.00 0.00),(0.00000 0.00000 0.00000 1.00000),(0.00 0.00 0.00),(0.00 0.00 0.00),(0.00000 0.00000 0.00000 1.00000),0,10.02894
(0.00 0.00 0.00),(0.00000 0.00000 0.00000 1.00000),(0.00 0.00 0.00),(0.00 0.00 0.00),(0.00000 0.00000 0.00000 1.00000),0,10.07274
(0.00 0.00 0.00),(0.00000 0.00000 0.00000 1.00000),(0.00 0.00 0.00),(0.00 0.00 0.00),(0.00000 0.00000 0.00000 1.00000),0,10.11735
(0.00 0.00 0.00),(0.00000 0.00000 0.00000 1.00000),(0.00 0.00 0.00),(0.00 0.00 0.00),(0.00000 0.00000 0.00000 1.00000),0,10.1622
(0.00 0.00 0.00),(0.00000 0.00000 0.00000 1.00000),(0.00 0.00 0.00),(0.00 0.00 0.00),(0.00000 0.00000 0.00000 1.00000),0,10.20648
(0.00 0.00 0.00),(0.00000 0.00000 0.00000 1.00000),(0.00 0.00 0.00),(0.00 0.00 0.00),(0.00000 0.00000 0.00000 1.00000),0,10.25043
(0.00 0.00 0.00),(0.00000 0.00000 0.00000 1.00000),(0.00 0.00 0.00),(0.00 0.00 0.00),(0.00000 0.00000 0.00000 1.00000),0,10.29533
(0.00 0.00 0.00),(0.00000 0.00000 0.00000 1.00000),(0.00 0.00 0.00),(0.00 0.00 0.00),(0.00000 0.00000 0.00000 1.00000),0,10.3395
(0.00 0.00 0.00),(0.00000 0.00000 0.00000 1.00000),(0.00 0.00 0.00),(0.00 0.00 0.00),(0.00000 0.00000 0.00000 1.00000),0,10.38442
(0.00 0.00 0.00),(0.00000 0.00000 0.00000 1.00000),(0.00 0.00 0.00),(0.00 0.00 0.00),(0.00000 0.00000 0.00000 1.00000),0,10.42916
(0.00 0.00 0.00),(0.00000 0.00000 0.00000 1.00000),(0.00 0.00 0.00),(0.00 0.00 0.00),(0.00000 0.00000 0.00000 1.00000),0,10.47224
(0.00 0.00 0.00),(0.00000 0.00000 0.00000 1.00000),(0.00 0.00 0.00),(0.00 0.00 0.00),(0.00000 0.00000 0.00000 1.00000),0,10.51767
(0.00 0.00 0.00),(0.00000 0.00000 0.00000 1.00000),(0.00 0.00 0.00),(0.00 0.00 0.00),(0.00000 0.00000 0.00000 1.00000),0,10.56187
(0.00 0.00 0.00),(0.00000 0.00000 0.00000 1.00000),(0.00 0.00 0.00),(0.00 0.00 0.00),(0.00000 0.00000 0.00000 1.00000),0,10.60763
(0.00 0.00 0.00),(0.00000 0.00000 0.00000 1.00000),(0.00 0.00 0.00),(0.00 0.00 0.00),(0.00000 0.00000 0.00000 1.00000),0,10.65055
(0.00 0.00 0.00),(0.00000 0.00000 0.00000 1.00000),(0.00 0.00 0.00),(0.00 0.00 0.00),(0.00000 0.00000 0.00000 1.00000),0,10.69527
(0.00 0.00 0.00),(0.00000 0.00000 0.00000 1.00000),(0.00 0.00 0.00),(0.00 0.00 0.00),(0.00000 0.00000 0.00000 1.00000),0,10.73997
(0.00 0.00 0.00),(0.00000 0.00000 0.00000 1.00000),(0.00 0.00 0.00),(0.00 0.00 0.00),(0.00000 0.00000 0.00000 1.00000),0,10.78412
(0.00 0.00 0.00),(0.00000 0.00000 0.00000 1.00000),(0.00 0.00 0.00),(0.00 0.00 0.00),(0.00000 0.00000 0.00000 1.00000),0,10.82858
(0.00 0.00 0.00),(0.00000 0.00000 0.00000 1.00000),(0.00 0.00 0.00),(0.00 0.00 0.00),(0.00000 0.00000 0.00000 1.00000),0,10.87398
(0.00 0.00 0.00),(0.00000 0.00000 0.00000 1.00000),(0.00 0.00 0.00),(0.00 0.00 0.00),(0.00000 0.00000 0.00000 1.00000),0,10.91732
(0.00 0.00 0.00),(0.00000 0.00000 0.00000 1.00000),(0.00 0.00 0.00),(0.00 0.00 0.00),(0.00000 0.00000 0.00000 1.00000),0,10.96187
(0.00 0.00 0.00),(0.00000 0.00000 0.00000 1.00000),(0.00 0.00 0.00),(0.00 0.00 0.00),(0.00000 0.00000 0.00000 1.00000),0,11.00697
(0.00 0.00 0.00),(0.00000 0.00000 0.00000 1.00000),(0.00 0.00 0.00),(0.00 0.00 0.00),(0.00000 0.00000 0.00000 1.00000),0,11.05169
(0.00 0.00 0.00),(0.00000 0.00000 0.00000 1.00000),(0.00 0.00 0.00),(0.00 0.00 0.00),(0.00000 0.00000 0.00000 1.00000),0,11.09529
(0.00 0.00 0.00),(0.00000 0.00000 0.00000 1.00000),(0.00 0.00 0.00),(0.00 0.00 0.00),(0.00000 0.00000 0.00000 1.00000),0,11.14016
(0.00 0.00 0.00),(0.00000 0.00000 0.00000 1.00000),(0.00 0.00 0.00),(0.00 0.00 0.00),(0.00000 0.00000 0.00000 1.00000),0,11.18481
(0.00 0.00 0.00),(0.00000 0.00000 0.00000 1.00000),(0.00 0.00 0.00),(0.00 0.00 0.00),(0.00000 0.00000 0.00000 1.00000),0,11.22868
(0.00 0.00 0.00),(0.00000 0.00000 0.00000 1.00000),(0.00 0.00 0.00),(0.00 0.00 0.00),(0.00000 0.00000 0.00000 1.00000),0,11.27334
(0.00 0.00 0.00),(0.00000 0.00000 0.00000 1.00000),(0.00 0.00 0.00),(0.00 0.00 0.00),(0.00000 0.00000 0.00000 1.00000),0,11.31922
(0.00 0.00 0.00),(0.00000 0.00000 0.00000 1.00000),(0.00 0.00 0.00),(0.00 0.00 0.00),(0.00000 0.00000 0.00000 1.00000),0,11.36236
(0.00 0.00 0.00),(0.00000 0.00000 0.00000 1.00000),(0.00 0.00 0.00),(0.00 0.00 0.00),(0.00000 0.00000 0.00000 1.00000),0,11.40663
(0.00 0.00 0.00),(0.00000 0.00000 0.00000 1.00000),(0.00 0.00 0.00),(0.00 0.00 0.00),(0.00000 0.00000 0.00000 1.00000),0,11.45094
(0.00 0.00 0.00),(0.00000 0.00000 0.00000 1.00000),(0.00 0.00 0.00),(0.00 0.00 0.00),(0.00000 0.00000 0.00000 1.00000),0,11.49636
(0.00 0.00 0.00),(0.00000 0.00000 0.00000 1.00000),(0.00 0.00 0.00),(0.00 0.00 0.00),(0.00000 0.00000 0.00000 1.00000),0,11.54006
(0.00 0.00 0.00),(0.00000 0.00000 0.00000 1.00000),(0.00 0.00 0.00),(0.00 0.00 0.00),(0.00000 0.00000 0.00000 1.00000),0,11.58469
(0.00 0.00 0.00),(0.00000 0.00000 0.00000 1.00000),(0.00 0.00 0.00),(0.00 0.00 0.00),(0.00000 0.00000 0.00000 1.00000),0,11.63117
(0.00 0.00 0.00),(0.00000 0.00000 0.00000 1.00000),(0.00 0.00 0.00),(0.00 0.00 0.00),(0.00000 0.00000 0.00000 1.00000),0,11.67157
(0.00 0.00 0.00),(0.00000 0.00000 0.00000 1.00000),(0.00 0.00 0.00),(0.00 0.00 0.00),(0.00000 0.00000 0.00000 1.00000),0,11.71554
(0.00 0.00 0.00),(0.00000 0.00000 0.00000 1.00000),(0.00 0.00 0.00),(0.00 0.00 0.00),(0.00000 0.00000 0.00000 1.00000),0,11.76287
(0.00 0.00 0.00),(0.00000 0.00000 0.00000 1.00000),(0.00 0.00 0.00),(0.00 0.00 0.00),(0.00000 0.00000 0.00000 1.00000),0,11.80697
(0.00 0.00 0.00),(0.00000 0.00000 0.00000 1.00000),(0.00 0.00 0.00),(0.00 0.00 0.00),(0.00000 0.00000 0.00000 1.00000),0,11.85232
(0.00 0.00 0.00),(0.00000 0.00000 0.00000 1.00000),(0.00 0.00 0.00),(0.00 0.00 0.00),(0.00000 0.00000 0.00000 1.00000),0,11.89621
(0.00 0.00 0.00),(0.00000 0.00000 0.00000 1.00000),(0.00 0.00 0.00),(0.00 0.00 0.00),(0.00000 0.00000 0.00000 1.00000),0,11.94357
(0.00 0.00 0.00),(0.00000 0.00000 0.00000 1.00000),(0.00 0.00 0.00),(0.00 0.00 0.00),(0.00000 0.00000 0.00000 1.00000),0,11.99108
(0.00 0.00 0.00),(0.00000 0.00000 0.00000 1.00000),(0.00 0.00 0.00),(0.00 0.00 0.00),(0.00000 0.00000 0.00000 1.00000),0,12.03929
(0.00 0.00 0.00),(0.00000 0.00000 0.00000 1.00000),(0.00 0.00 0.00),(0.00 0.00 0.00),(0.00000 0.00000 0.00000 1.00000),0,12.0833
(0.00 0.00 0.00),(0.00000 0.00000 0.00000 1.00000),(0.00 0.00 0.00),(0.00 0.00 0.00),(0.00000 0.00000 0.00000 1.00000),0,12.13009
(0.00 0.00 0.00),(0.00000 0.00000 0.00000 1.00000),(0.00 0.00 0.00),(0.00 0.00 0.00),(0.00000 0.00000 0.00000 1.00000),0,12.17406
(0.00 0.00 0.00),(0.00000 0.00000 0.00000 1.00000),(0.00 0.00 0.00),(0.00 0.00 0.00),(0.00000 0.00000 0.00000 1.00000),0,12.21859
(0.00 0.00 0.00),(0.00000 0.00000 0.00000 1.00000),(0.00 0.00 0.00),(0.00 0.00 0.00),(0.00000 0.00000 0.00000 1.00000),0,12.26297
(0.00 0.00 0.00),(0.00000 0.00000 0.00000 1.00000),(0.00 0.00 0.00),(0.00 0.00 0.00),(0.00000 0.00000 0.00000 1.00000),0,12.30637
(0.00 0.00 0.00),(0.00000 0.00000 0.00000 1.00000),(0.00 0.00 0.00),(0.00 0.00 0.00),(0.00000 0.00000 0.00000 1.00000),0,12.35135
(0.00 0.00 0.00),(0.00000 0.00000 0.00000 1.00000),(0.00 0.00 0.00),(0.00 0.00 0.00),(0.00000 0.00000 0.00000 1.00000),0,12.39635
(0.00 0.00 0.00),(0.00000 0.00000 0.00000 1.00000),(0.00 0.00 0.00),(0.00 0.00 0.00),(0.00000 0.00000 0.00000 1.00000),0,12.4403
(0.00 0.00 0.00),(0.00000 0.00000 0.00000 1.00000),(0.00 0.00 0.00),(0.00 0.00 0.00),(0.00000 0.00000 0.00000 1.00000),0,12.48555
(0.00 0.00 0.00),(0.00000 0.00000 0.00000 1.00000),(0.00 0.00 0.00),(0.00 0.00 0.00),(0.00000 0.00000 0.00000 1.00000),0,12.52995
(0.00 0.00 0.00),(0.00000 0.00000 0.00000 1.00000),(0.00 0.00 0.00),(0.00 0.00 0.00),(0.00000 0.00000 0.00000 1.00000),0,12.5745
(0.00 0.00 0.00),(0.00000 0.00000 0.00000 1.00000),(0.00 0.00 0.00),(0.00 0.00 0.00),(0.00000 0.00000 0.00000 1.00000),0,12.61857
(0.00 0.00 0.00),(0.00000 0.00000 0.00000 1.00000),(0.00 0.00 0.00),(0.00 0.00 0.00),(0.00000 0.00000 0.00000 1.00000),0,12.66322
(0.00 0.00 0.00),(0.00000 0.00000 0.00000 1.00000),(0.00 0.00 0.00),(0.00 0.00 0.00),(0.00000 0.00000 0.00000 1.00000),0,12.70711
(0.00 0.00 0.00),(0.00000 0.00000 0.00000 1.00000),(0.00 0.00 0.00),(0.00 0.00 0.00),(0.00000 0.00000 0.00000 1.00000),0,12.75124
(0.00 0.00 0.00),(0.00000 0.00000 0.00000 1.00000),(0.00 0.00 0.00),(0.00 0.00 0.00),(0.00000 0.00000 0.00000 1.00000),0,12.79652
(0.00 0.00 0.00),(0.00000 0.00000 0.00000 1.00000),(0.00 0.00 0.00),(0.00 0.00 0.00),(0.00000 0.00000 0.00000 1.00000),0,12.8396
(0.00 0.00 0.00),(0.00000 0.00000 0.00000 1.00000),(0.00 0.00 0.00),(0.00 0.00 0.00),(0.00000 0.00000 0.00000 1.00000),0,12.88448
(0.00 0.00 0.00),(0.00000 0.00000 0.00000 1.00000),(0.00 0.00 0.00),(0.00 0.00 0.00),(0.00000 0.00000 0.00000 1.00000),0,12.92984
(0.00 0.00 0.00),(0.00000 0.00000 0.00000 1.00000),(0.00 0.00 0.00),(0.00 0.00 0.00),(0.00000 0.00000 0.00000 1.00000),0,12.97587
(0.00 0.00 0.00),(0.00000 0.00000 0.00000 1.00000),(0.00 0.00 0.00),(0.00 0.00 0.00),(0.00000 0.00000 0.00000 1.00000),0,13.01871
(0.00 0.00 0.00),(0.00000 0.00000 0.00000 1.00000),(0.00 0.00 0.00),(0.00 0.00 0.00),(0.00000 0.00000 0.00000 1.00000),0,13.06337
(0.00 0.00 0.00),(0.00000 0.00000 0.00000 1.00000),(0.00 0.00 0.00),(0.00 0.00 0.00),(0.00000 0.00000 0.00000 1.00000),0,13.1087
(0.00 0.00 0.00),(0.00000 0.00000 0.00000 1.00000),(0.00 0.00 0.00),(0.00 0.00 0.00),(0.00000 0.00000 0.00000 1.00000),0,13.15214
(0.00 0.00 0.00),(0.00000 0.00000 0.00000 1.00000),(0.00 0.00 0.00),(0.00 0.00 0.00),(0.00000 0.00000 0.00000 1.00000),0,13.19641
(0.00 0.00 0.00),(0.00000 0.00000 0.00000 1.00000),(0.00 0.00 0.00),(0.00 0.00 0.00),(0.00000 0.00000 0.00000 1.00000),0,13.24136
(0.00 0.00 0.00),(0.00000 0.00000 0.00000 1.00000),(0.00 0.00 0.00),(0.00 0.00 0.00),(0.00000 0.00000 0.00000 1.00000),0,13.28645
(0.00 0.00 0.00),(0.00000 0.00000 0.00000 1.00000),(0.00 0.00 0.00),(0.00 0.00 0.00),(0.00000 0.00000 0.00000 1.00000),0,13.32993
(0.00 0.00 0.00),(0.00000 0.00000 0.00000 1.00000),(0.00 0.00 0.00),(0.00 0.00 0.00),(0.00000 0.00000 0.00000 1.00000),0,13.37345
(0.00 0.00 0.00),(0.00000 0.00000 0.00000 1.00000),(0.00 0.00 0.00),(0.00 0.00 0.00),(0.00000 0.00000 0.00000 1.00000),0,13.41831
(0.00 0.00 0.00),(0.00000 0.00000 0.00000 1.00000),(0.00 0.00 0.00),(0.00 0.00 0.00),(0.00000 0.00000 0.00000 1.00000),0,13.4656
(0.00 0.00 0.00),(0.00000 0.00000 0.00000 1.00000),(0.00 0.00 0.00),(0.00 0.00 0.00),(0.00000 0.00000 0.00000 1.00000),0,13.50812
(0.00 0.00 0.00),(0.00000 0.00000 0.00000 1.00000),(0.00 0.00 0.00),(0.00 0.00 0.00),(0.00000 0.00000 0.00000 1.00000),0,13.5521
(0.00 0.00 0.00),(0.00000 0.00000 0.00000 1.00000),(0.00 0.00 0.00),(0.00 0.00 0.00),(0.00000 0.00000 0.00000 1.00000),0,13.59645
(0.00 0.00 0.00),(0.00000 0.00000 0.00000 1.00000),(0.00 0.00 0.00),(0.00 0.00 0.00),(0.00000 0.00000 0.00000 1.00000),0,13.6422
(0.00 0.00 0.00),(0.00000 0.00000 0.00000 1.00000),(0.00 0.00 0.00),(0.00 0.00 0.00),(0.00000 0.00000 0.00000 1.00000),0,13.6859
(0.00 0.00 0.00),(0.00000 0.00000 0.00000 1.00000),(0.00 0.00 0.00),(0.00 0.00 0.00),(0.00000 0.00000 0.00000 1.00000),0,13.73074
(0.00 0.00 0.00),(0.00000 0.00000 0.00000 1.00000),(0.00 0.00 0.00),(0.00 0.00 0.00),(0.00000 0.00000 0.00000 1.00000),0,13.77459
(0.00 0.00 0.00),(0.00000 0.00000 0.00000 1.00000),(0.00 0.00 0.00),(0.00 0.00 0.00),(0.00000 0.00000 0.00000 1.00000),0,13.8196
(0.00 0.00 0.00),(0.00000 0.00000 0.00000 1.00000),(0.00 0.00 0.00),(0.00 0.00 0.00),(0.00000 0.00000 0.00000 1.00000),0,13.86423
(0.00 0.00 0.00),(0.00000 0.00000 0.00000 1.00000),(0.00 0.00 0.00),(0.00 0.00 0.00),(0.00000 0.00000 0.00000 1.00000),0,13.90824
(0.00 0.00 0.00),(0.00000 0.00000 0.00000 1.00000),(0.00 0.00 0.00),(0.00 0.00 0.00),(0.00000 0.00000 0.00000 1.00000),0,13.95217
(0.00 0.00 0.00),(0.00000 0.00000 0.00000 1.00000),(0.00 0.00 0.00),(0.00 0.00 0.00),(0.00000 0.00000 0.00000 1.00000),0,13.99689
(0.00 0.00 0.00),(0.00000 0.00000 0.00000 1.00000),(0.00 0.00 0.00),(0.00 0.00 0.00),(0.00000 0.00000 0.00000 1.00000),0,14.04091
(0.00 0.00 0.00),(0.00000 0.00000 0.00000 1.00000),(0.00 0.00 0.00),(0.00 0.00 0.00),(0.00000 0.00000 0.00000 1.00000),0,14.08553
(0.00 0.00 0.00),(0.00000 0.00000 0.00000 1.00000),(0.00 0.00 0.00),(0.00 0.00 0.00),(0.00000 0.00000 0.00000 1.00000),0,14.13262
(0.00 0.00 0.00),(0.00000 0.00000 0.00000 1.00000),(0.00 0.00 0.00),(0.00 0.00 0.00),(0.00000 0.00000 0.00000 1.00000),0,14.17654
(0.00 0.00 0.00),(0.00000 0.00000 0.00000 1.00000),(0.00 0.00 0.00),(0.00 0.00 0.00),(0.00000 0.00000 0.00000 1.00000),0,14.22166
(0.00 0.00 0.00),(0.00000 0.00000 0.00000 1.00000),(0.00 0.00 0.00),(0.00 0.00 0.00),(0.00000 0.00000 0.00000 1.00000),0,14.27187
(0.00 0.00 0.00),(0.00000 0.00000 0.00000 1.00000),(0.00 0.00 0.00),(0.00 0.00 0.00),(0.00000 0.00000 0.00000 1.00000),0,14.31626
(0.00 0.00 0.00),(0.00000 0.00000 0.00000 1.00000),(0.00 0.00 0.00),(0.00 0.00 0.00),(0.00000 0.00000 0.00000 1.00000),0,14.36176
(0.00 0.00 0.00),(0.00000 0.00000 0.00000 1.00000),(0.00 0.00 0.00),(0.00 0.00 0.00),(0.00000 0.00000 0.00000 1.00000),0,14.40583
(0.00 0.00 0.00),(0.00000 0.00000 0.00000 1.00000),(0.00 0.00 0.00),(0.00 0.00 0.00),(0.00000 0.00000 0.00000 1.00000),0,14.45046
(0.00 0.00 0.00),(0.00000 0.00000 0.00000 1.00000),(0.00 0.00 0.00),(0.00 0.00 0.00),(0.00000 0.00000 0.00000 1.00000),0,14.49551
(0.00 0.00 0.00),(0.00000 0.00000 0.00000 1.00000),(0.00 0.00 0.00),(0.00 0.00 0.00),(0.00000 0.00000 0.00000 1.00000),0,14.53978
(0.00 0.00 0.00),(0.00000 0.00000 0.00000 1.00000),(0.00 0.00 0.00),(0.00 0.00 0.00),(0.00000 0.00000 0.00000 1.00000),0,14.58463
(0.00 0.00 0.00),(0.00000 0.00000 0.00000 1.00000),(0.00 0.00 0.00),(0.00 0.00 0.00),(0.00000 0.00000 0.00000 1.00000),0,14.6284
(0.00 0.00 0.00),(0.00000 0.00000 0.00000 1.00000),(0.00 0.00 0.00),(0.00 0.00 0.00),(0.00000 0.00000 0.00000 1.00000),0,14.67408
(0.00 0.00 0.00),(0.00000 0.00000 0.00000 1.00000),(0.00 0.00 0.00),(0.00 0.00 0.00),(0.00000 0.00000 0.00000 1.00000),0,14.71725
(0.00 0.00 0.00),(0.00000 0.00000 0.00000 1.00000),(0.00 0.00 0.00),(0.00 0.00 0.00),(0.00000 0.00000 0.00000 1.00000),0,14.76179
(0.00 0.00 0.00),(0.00000 0.00000 0.00000 1.00000),(0.00 0.00 0.00),(0.00 0.00 0.00),(0.00000 0.00000 0.00000 1.00000),0,14.80771
(0.00 0.00 0.00),(0.00000 0.00000 0.00000 1.00000),(0.00 0.00 0.00),(0.00 0.00 0.00),(0.00000 0.00000 0.00000 1.00000),0,14.85149
(0.00 0.00 0.00),(0.00000 0.00000 0.00000 1.00000),(0.00 0.00 0.00),(0.00 0.00 0.00),(0.00000 0.00000 0.00000 1.00000),0,14.89557
(0.00 0.00 0.00),(0.00000 0.00000 0.00000 1.00000),(0.00 0.00 0.00),(0.00 0.00 0.00),(0.00000 0.00000 0.00000 1.00000),0,14.93991
(0.00 0.00 0.00),(0.00000 0.00000 0.00000 1.00000),(0.00 0.00 0.00),(0.00 0.00 0.00),(0.00000 0.00000 0.00000 1.00000),0,14.98406
(0.00 0.00 0.00),(0.00000 0.00000 0.00000 1.00000),(0.00 0.00 0.00),(0.00 0.00 0.00),(0.00000 0.00000 0.00000 1.00000),0,15.02779
(0.00 0.00 0.00),(0.00000 0.00000 0.00000 1.00000),(0.00 0.00 0.00),(0.00 0.00 0.00),(0.00000 0.00000 0.00000 1.00000),0,15.07274
(0.00 0.00 0.00),(0.00000 0.00000 0.00000 1.00000),(0.00 0.00 0.00),(0.00 0.00 0.00),(0.00000 0.00000 0.00000 1.00000),0,15.11765
(0.00 0.00 0.00),(0.00000 0.00000 0.00000 1.00000),(0.00 0.00 0.00),(0.00 0.00 0.00),(0.00000 0.00000 0.00000 1.00000),0,15.16189
(0.00 0.00 0.00),(0.00000 0.00000 0.00000 1.00000),(0.00 0.00 0.00),(0.00 0.00 0.00),(0.00000 0.00000 0.00000 1.00000),0,15.20702
(0.00 0.00 0.00),(0.00000 0.00000 0.00000 1.00000),(0.00 0.00 0.00),(0.00 0.00 0.00),(0.00000 0.00000 0.00000 1.00000),0,15.25129
(0.00 0.00 0.00),(0.00000 0.00000 0.00000 1.00000),(0.00 0.00 0.00),(0.00 0.00 0.00),(0.00000 0.00000 0.00000 1.00000),0,15.2956
(0.00 0.00 0.00),(0.00000 0.00000 0.00000 1.00000),(0.00 0.00 0.00),(0.00 0.00 0.00),(0.00000 0.00000 0.00000 1.00000),0,15.33995
(0.00 0.00 0.00),(0.00000 0.00000 0.00000 1.00000),(0.00 0.00 0.00),(0.00 0.00 0.00),(0.00000 0.00000 0.00000 1.00000),0,15.3847
(0.00 0.00 0.00),(0.00000 0.00000 0.00000 1.00000),(0.00 0.00 0.00),(0.00 0.00 0.00),(0.00000 0.00000 0.00000 1.00000),0,15.42843
(0.00 0.00 0.00),(0.00000 0.00000 0.00000 1.00000),(0.00 0.00 0.00),(0.00 0.00 0.00),(0.00000 0.00000 0.00000 1.00000),0,15.47342
(0.00 0.00 0.00),(0.00000 0.00000 0.00000 1.00000),(0.00 0.00 0.00),(0.00 0.00 0.00),(0.00000 0.00000 0.00000 1.00000),0,15.51744
(0.00 0.00 0.00),(0.00000 0.00000 0.00000 1.00000),(0.00 0.00 0.00),(0.00 0.00 0.00),(0.00000 0.00000 0.00000 1.00000),0,15.5618
(0.00 0.00 0.00),(0.00000 0.00000 0.00000 1.00000),(0.00 0.00 0.00),(0.00 0.00 0.00),(0.00000 0.00000 0.00000 1.00000),0,15.60634
(0.00 0.00 0.00),(0.00000 0.00000 0.00000 1.00000),(0.00 0.00 0.00),(0.00 0.00 0.00),(0.00000 0.00000 0.00000 1.00000),0,15.65056
(0.00 0.00 0.00),(0.00000 0.00000 0.00000 1.00000),(0.00 0.00 0.00),(0.00 0.00 0.00),(0.00000 0.00000 0.00000 1.00000),0,15.69552
(0.00 0.00 0.00),(0.00000 0.00000 0.00000 1.00000),(0.00 0.00 0.00),(0.00 0.00 0.00),(0.00000 0.00000 0.00000 1.00000),0,15.73968
(0.00 0.00 0.00),(0.00000 0.00000 0.00000 1.00000),(0.00 0.00 0.00),(0.00 0.00 0.00),(0.00000 0.00000 0.00000 1.00000),0,15.78348
(0.00 0.00 0.00),(0.00000 0.00000 0.00000 1.00000),(0.00 0.00 0.00),(0.00 0.00 0.00),(0.00000 0.00000 0.00000 1.00000),0,15.8271
(0.00 0.00 0.00),(0.00000 0.00000 0.00000 1.00000),(0.00 0.00 0.00),(0.00 0.00 0.00),(0.00000 0.00000 0.00000 1.00000),0,15.87206
(0.00 0.00 0.00),(0.00000 0.00000 0.00000 1.00000),(0.00 0.00 0.00),(0.00 0.00 0.00),(0.00000 0.00000 0.00000 1.00000),0,15.91722
(0.00 0.00 0.00),(0.00000 0.00000 0.00000 1.00000),(0.00 0.00 0.00),(0.00 0.00 0.00),(0.00000 0.00000 0.00000 1.00000),0,15.96115
(0.00 0.00 0.00),(0.00000 0.00000 0.00000 1.00000),(0.00 0.00 0.00),(0.00 0.00 0.00),(0.00000 0.00000 0.00000 1.00000),0,16.00628
(0.00 0.00 0.00),(0.00000 0.00000 0.00000 1.00000),(0.00 0.00 0.00),(0.00 0.00 0.00),(0.00000 0.00000 0.00000 1.00000),0,16.05055
(0.00 0.00 0.00),(0.00000 0.00000 0.00000 1.00000),(0.00 0.00 0.00),(0.00 0.00 0.00),(0.00000 0.00000 0.00000 1.00000),0,16.09461
(0.00 0.00 0.00),(0.00000 0.00000 0.00000 1.00000),(0.00 0.00 0.00),(0.00 0.00 0.00),(0.00000 0.00000 0.00000 1.00000),0,16.13866
(0.00 0.00 0.00),(0.00000 0.00000 0.00000 1.00000),(0.00 0.00 0.00),(0.00 0.00 0.00),(0.00000 0.00000 0.00000 1.00000),0,16.18283
(0.00 0.00 0.00),(0.00000 0.00000 0.00000 1.00000),(0.00 0.00 0.00),(0.00 0.00 0.00),(0.00000 0.00000 0.00000 1.00000),0,16.22768
(0.00 0.00 0.00),(0.00000 0.00000 0.00000 1.00000),(0.00 0.00 0.00),(0.00 0.00 0.00),(0.00000 0.00000 0.00000 1.00000),0,16.27279
(0.00 0.00 0.00),(0.00000 0.00000 0.00000 1.00000),(0.00 0.00 0.00),(0.00 0.00 0.00),(0.00000 0.00000 0.00000 1.00000),0,16.31899
(0.00 0.00 0.00),(0.00000 0.00000 0.00000 1.00000),(0.00 0.00 0.00),(0.00 0.00 0.00),(0.00000 0.00000 0.00000 1.00000),0,16.36114
(0.00 0.00 0.00),(0.00000 0.00000 0.00000 1.00000),(0.00 0.00 0.00),(0.00 0.00 0.00),(0.00000 0.00000 0.00000 1.00000),0,16.40495
(0.00 0.00 0.00),(0.00000 0.00000 0.00000 1.00000),(0.00 0.00 0.00),(0.00 0.00 0.00),(0.00000 0.00000 0.00000 1.00000),0,16.44955
(0.00 0.00 0.00),(0.00000 0.00000 0.00000 1.00000),(0.00 0.00 0.00),(0.00 0.00 0.00),(0.00000 0.00000 0.00000 1.00000),0,16.4944
(0.00 0.00 0.00),(0.00000 0.00000 0.00000 1.00000),(0.00 0.00 0.00),(0.00 0.00 0.00),(0.00000 0.00000 0.00000 1.00000),0,16.53744
(0.00 0.00 0.00),(0.00000 0.00000 0.00000 1.00000),(0.00 0.00 0.00),(0.00 0.00 0.00),(0.00000 0.00000 0.00000 1.00000),0,16.58254
(0.00 0.00 0.00),(0.00000 0.00000 0.00000 1.00000),(0.00 0.00 0.00),(0.00 0.00 0.00),(0.00000 0.00000 0.00000 1.00000),0,16.62635
(0.00 0.00 0.00),(0.00000 0.00000 0.00000 1.00000),(0.00 0.00 0.00),(0.00 0.00 0.00),(0.00000 0.00000 0.00000 1.00000),0,16.67164
(0.00 0.00 0.00),(0.00000 0.00000 0.00000 1.00000),(0.00 0.00 0.00),(0.00 0.00 0.00),(0.00000 0.00000 0.00000 1.00000),0,16.71644
(0.00 0.00 0.00),(0.00000 0.00000 0.00000 1.00000),(0.00 0.00 0.00),(0.00 0.00 0.00),(0.00000 0.00000 0.00000 1.00000),0,16.76072
(0.00 0.00 0.00),(0.00000 0.00000 0.00000 1.00000),(0.00 0.00 0.00),(0.00 0.00 0.00),(0.00000 0.00000 0.00000 1.00000),0,16.80572
(0.00 0.00 0.00),(0.00000 0.00000 0.00000 1.00000),(0.00 0.00 0.00),(0.00 0.00 0.00),(0.00000 0.00000 0.00000 1.00000),0,16.85014
(0.00 0.00 0.00),(0.00000 0.00000 0.00000 1.00000),(0.00 0.00 0.00),(0.00 0.00 0.00),(0.00000 0.00000 0.00000 1.00000),0,16.89475
(0.00 0.00 0.00),(0.00000 0.00000 0.00000 1.00000),(0.00 0.00 0.00),(0.00 0.00 0.00),(0.00000 0.00000 0.00000 1.00000),0,16.93862
(0.00 0.00 0.00),(0.00000 0.00000 0.00000 1.00000),(0.00 0.00 0.00),(0.00 0.00 0.00),(0.00000 0.00000 0.00000 1.00000),0,16.98428
(0.00 0.00 0.00),(0.00000 0.00000 0.00000 1.00000),(0.00 0.00 0.00),(0.00 0.00 0.00),(0.00000 0.00000 0.00000 1.00000),0,17.02822
(0.00 0.00 0.00),(0.00000 0.00000 0.00000 1.00000),(0.00 0.00 0.00),(0.00 0.00 0.00),(0.00000 0.00000 0.00000 1.00000),0,17.0718
(0.00 0.00 0.00),(0.00000 0.00000 0.00000 1.00000),(0.00 0.00 0.00),(0.00 0.00 0.00),(0.00000 0.00000 0.00000 1.00000),0,17.11745
(0.00 0.00 0.00),(0.00000 0.00000 0.00000 1.00000),(0.00 0.00 0.00),(0.00 0.00 0.00),(0.00000 0.00000 0.00000 1.00000),0,17.16129
(0.00 0.00 0.00),(0.00000 0.00000 0.00000 1.00000),(0.00 0.00 0.00),(0.00 0.00 0.00),(0.00000 0.00000 0.00000 1.00000),0,17.20691
(0.00 0.00 0.00),(0.00000 0.00000 0.00000 1.00000),(0.00 0.00 0.00),(0.00 0.00 0.00),(0.00000 0.00000 0.00000 1.00000),0,17.25097
(0.00 0.00 0.00),(0.00000 0.00000 0.00000 1.00000),(0.00 0.00 0.00),(0.00 0.00 0.00),(0.00000 0.00000 0.00000 1.00000),0,17.29435
(0.00 0.00 0.00),(0.00000 0.00000 0.00000 1.00000),(0.00 0.00 0.00),(0.00 0.00 0.00),(0.00000 0.00000 0.00000 1.00000),0,17.33945
(0.00 0.00 0.00),(0.00000 0.00000 0.00000 1.00000),(0.00 0.00 0.00),(0.00 0.00 0.00),(0.00000 0.00000 0.00000 1.00000),0,17.38345
(0.00 0.00 0.00),(0.00000 0.00000 0.00000 1.00000),(0.00 0.00 0.00),(0.00 0.00 0.00),(0.00000 0.00000 0.00000 1.00000),0,17.42775
(0.00 0.00 0.00),(0.00000 0.00000 0.00000 1.00000),(0.00 0.00 0.00),(0.00 0.00 0.00),(0.00000 0.00000 0.00000 1.00000),0,17.47198
(0.00 0.00 0.00),(0.00000 0.00000 0.00000 1.00000),(0.00 0.00 0.00),(0.00 0.00 0.00),(0.00000 0.00000 0.00000 1.00000),0,17.5171
(0.00 0.00 0.00),(0.00000 0.00000 0.00000 1.00000),(0.00 0.00 0.00),(0.00 0.00 0.00),(0.00000 0.00000 0.00000 1.00000),0,17.56139
(0.00 0.00 0.00),(0.00000 0.00000 0.00000 1.00000),(0.00 0.00 0.00),(0.00 0.00 0.00),(0.00000 0.00000 0.00000 1.00000),0,17.60644
(0.00 0.00 0.00),(0.00000 0.00000 0.00000 1.00000),(0.00 0.00 0.00),(0.00 0.00 0.00),(0.00000 0.00000 0.00000 1.00000),0,17.65033
(0.00 0.00 0.00),(0.00000 0.00000 0.00000 1.00000),(0.00 0.00 0.00),(0.00 0.00 0.00),(0.00000 0.00000 0.00000 1.00000),0,17.69518
(0.00 0.00 0.00),(0.00000 0.00000 0.00000 1.00000),(0.00 0.00 0.00),(0.00 0.00 0.00),(0.00000 0.00000 0.00000 1.00000),0,17.73884
(0.00 0.00 0.00),(0.00000 0.00000 0.00000 1.00000),(0.00 0.00 0.00),(0.00 0.00 0.00),(0.00000 0.00000 0.00000 1.00000),0,17.78368
(0.00 0.00 0.00),(0.00000 0.00000 0.00000 1.00000),(0.00 0.00 0.00),(0.00 0.00 0.00),(0.00000 0.00000 0.00000 1.00000),0,17.82751
(0.00 0.00 0.00),(0.00000 0.00000 0.00000 1.00000),(0.00 0.00 0.00),(0.00 0.00 0.00),(0.00000 0.00000 0.00000 1.00000),0,17.87263
(0.00 0.00 0.00),(0.00000 0.00000 0.00000 1.00000),(0.00 0.00 0.00),(0.00 0.00 0.00),(0.00000 0.00000 0.00000 1.00000),0,17.91767
(0.00 0.00 0.00),(0.00000 0.00000 0.00000 1.00000),(0.00 0.00 0.00),(0.00 0.00 0.00),(0.00000 0.00000 0.00000 1.00000),0,17.96117
(0.00 0.00 0.00),(0.00000 0.00000 0.00000 1.00000),(0.00 0.00 0.00),(0.00 0.00 0.00),(0.00000 0.00000 0.00000 1.00000),0,18.00508
(0.00 0.00 0.00),(0.00000 0.00000 0.00000 1.00000),(0.00 0.00 0.00),(0.00 0.00 0.00),(0.00000 0.00000 0.00000 1.00000),0,18.04953
(0.00 0.00 0.00),(0.00000 0.00000 0.00000 1.00000),(0.00 0.00 0.00),(0.00 0.00 0.00),(0.00000 0.00000 0.00000 1.00000),0,18.09439
(0.00 0.00 0.00),(0.00000 0.00000 0.00000 1.00000),(0.00 0.00 0.00),(0.00 0.00 0.00),(0.00000 0.00000 0.00000 1.00000),0,18.13965
(0.00 0.00 0.00),(0.00000 0.00000 0.00000 1.00000),(0.00 0.00 0.00),(0.00 0.00 0.00),(0.00000 0.00000 0.00000 1.00000),0,18.18398
(0.00 0.00 0.00),(0.00000 0.00000 0.00000 1.00000),(0.00 0.00 0.00),(0.00 0.00 0.00),(0.00000 0.00000 0.00000 1.00000),0,18.22791
(0.00 0.00 0.00),(0.00000 0.00000 0.00000 1.00000),(0.00 0.00 0.00),(0.00 0.00 0.00),(0.00000 0.00000 0.00000 1.00000),0,18.27262
(0.00 0.00 0.00),(0.00000 0.00000 0.00000 1.00000),(0.00 0.00 0.00),(0.00 0.00 0.00),(0.00000 0.00000 0.00000 1.00000),0,18.31756
(0.00 0.00 0.00),(0.00000 0.00000 0.00000 1.00000),(0.00 0.00 0.00),(0.00 0.00 0.00),(0.00000 0.00000 0.00000 1.00000),0,18.36225
(0.00 0.00 0.00),(0.00000 0.00000 0.00000 1.00000),(0.00 0.00 0.00),(0.00 0.00 0.00),(0.00000 0.00000 0.00000 1.00000),0,18.40656
(0.00 0.00 0.00),(0.00000 0.00000 0.00000 1.00000),(0.00 0.00 0.00),(0.00 0.00 0.00),(0.00000 0.00000 0.00000 1.00000),0,18.45015
(0.00 0.00 0.00),(0.00000 0.00000 0.00000 1.00000),(0.00 0.00 0.00),(0.00 0.00 0.00),(0.00000 0.00000 0.00000 1.00000),0,18.4959
(0.00 0.00 0.00),(0.00000 0.00000 0.00000 1.00000),(0.00 0.00 0.00),(0.00 0.00 0.00),(0.00000 0.00000 0.00000 1.00000),0,18.53909
(0.00 0.00 0.00),(0.00000 0.00000 0.00000 1.00000),(0.00 0.00 0.00),(0.00 0.00 0.00),(0.00000 0.00000 0.00000 1.00000),0,18.58387
(0.00 0.00 0.00),(0.00000 0.00000 0.00000 1.00000),(0.00 0.00 0.00),(0.00 0.00 0.00),(0.00000 0.00000 0.00000 1.00000),0,18.62825
(0.00 0.00 0.00),(0.00000 0.00000 0.00000 1.00000),(0.00 0.00 0.00),(0.00 0.00 0.00),(0.00000 0.00000 0.00000 1.00000),0,18.67285
(0.00 0.00 0.00),(0.00000 0.00000 0.00000 1.00000),(0.00 0.00 0.00),(0.00 0.00 0.00),(0.00000 0.00000 0.00000 1.00000),0,18.71764
(0.00 0.00 0.00),(0.00000 0.00000 0.00000 1.00000),(0.00 0.00 0.00),(0.00 0.00 0.00),(0.00000 0.00000 0.00000 1.00000),0,18.7615
(0.00 0.00 0.00),(0.00000 0.00000 0.00000 1.00000),(0.00 0.00 0.00),(0.00 0.00 0.00),(0.00000 0.00000 0.00000 1.00000),0,18.80597
(0.00 0.00 0.00),(0.00000 0.00000 0.00000 1.00000),(0.00 0.00 0.00),(0.00 0.00 0.00),(0.00000 0.00000 0.00000 1.00000),0,18.85076
(0.00 0.00 0.00),(0.00000 0.00000 0.00000 1.00000),(0.00 0.00 0.00),(0.00 0.00 0.00),(0.00000 0.00000 0.00000 1.00000),0,18.89503
(0.00 0.00 0.00),(0.00000 0.00000 0.00000 1.00000),(0.00 0.00 0.00),(0.00 0.00 0.00),(0.00000 0.00000 0.00000 1.00000),0,18.94024
(0.00 0.00 0.00),(0.00000 0.00000 0.00000 1.00000),(0.00 0.00 0.00),(0.00 0.00 0.00),(0.00000 0.00000 0.00000 1.00000),0,18.98487
(0.00 0.00 0.00),(0.00000 0.00000 0.00000 1.00000),(0.00 0.00 0.00),(0.00 0.00 0.00),(0.00000 0.00000 0.00000 1.00000),0,19.02874
(0.00 0.00 0.00),(0.00000 0.00000 0.00000 1.00000),(0.00 0.00 0.00),(0.00 0.00 0.00),(0.00000 0.00000 0.00000 1.00000),0,19.07381
(0.00 0.00 0.00),(0.00000 0.00000 0.00000 1.00000),(0.00 0.00 0.00),(0.00 0.00 0.00),(0.00000 0.00000 0.00000 1.00000),0,19.1172
(0.00 0.00 0.00),(0.00000 0.00000 0.00000 1.00000),(0.00 0.00 0.00),(0.00 0.00 0.00),(0.00000 0.00000 0.00000 1.00000),0,19.16122
(0.00 0.00 0.00),(0.00000 0.00000 0.00000 1.00000),(0.00 0.00 0.00),(0.00 0.00 0.00),(0.00000 0.00000 0.00000 1.00000),0,19.20639
(0.00 0.00 0.00),(0.00000 0.00000 0.00000 1.00000),(0.00 0.00 0.00),(0.00 0.00 0.00),(0.00000 0.00000 0.00000 1.00000),0,19.25058
(0.00 0.00 0.00),(0.00000 0.00000 0.00000 1.00000),(0.00 0.00 0.00),(0.00 0.00 0.00),(0.00000 0.00000 0.00000 1.00000),0,19.29595
(0.00 0.00 0.00),(0.00000 0.00000 0.00000 1.00000),(0.00 0.00 0.00),(0.00 0.00 0.00),(0.00000 0.00000 0.00000 1.00000),0,19.34002
(0.00 0.00 0.00),(0.00000 0.00000 0.00000 1.00000),(0.00 0.00 0.00),(0.00 0.00 0.00),(0.00000 0.00000 0.00000 1.00000),0,19.38383
(0.00 0.00 0.00),(0.00000 0.00000 0.00000 1.00000),(0.00 0.00 0.00),(0.00 0.00 0.00),(0.00000 0.00000 0.00000 1.00000),0,19.42871
(0.00 0.00 0.00),(0.00000 0.00000 0.00000 1.00000),(0.00 0.00 0.00),(0.00 0.00 0.00),(0.00000 0.00000 0.00000 1.00000),0,19.47362
(0.00 0.00 0.00),(0.00000 0.00000 0.00000 1.00000),(0.00 0.00 0.00),(0.00 0.00 0.00),(0.00000 0.00000 0.00000 1.00000),0,19.51754
(0.00 0.00 0.00),(0.00000 0.00000 0.00000 1.00000),(0.00 0.00 0.00),(0.00 0.00 0.00),(0.00000 0.00000 0.00000 1.00000),0,19.56272
(0.00 0.00 0.00),(0.00000 0.00000 0.00000 1.00000),(0.00 0.00 0.00),(0.00 0.00 0.00),(0.00000 0.00000 0.00000 1.00000),0,19.60654
(0.00 0.00 0.00),(0.00000 0.00000 0.00000 1.00000),(0.00 0.00 0.00),(0.00 0.00 0.00),(0.00000 0.00000 0.00000 1.00000),0,19.65065
(0.00 0.00 0.00),(0.00000 0.00000 0.00000 1.00000),(0.00 0.00 0.00),(0.00 0.00 0.00),(0.00000 0.00000 0.00000 1.00000),0,19.69551
(0.00 0.00 0.00),(0.00000 0.00000 0.00000 1.00000),(0.00 0.00 0.00),(0.00 0.00 0.00),(0.00000 0.00000 0.00000 1.00000),0,19.73986
(0.00 0.00 0.00),(0.00000 0.00000 0.00000 1.00000),(0.00 0.00 0.00),(0.00 0.00 0.00),(0.00000 0.00000 0.00000 1.00000),0,19.78449
(0.00 0.00 0.00),(0.00000 0.00000 0.00000 1.00000),(0.00 0.00 0.00),(0.00 0.00 0.00),(0.00000 0.00000 0.00000 1.00000),0,19.82883
(0.00 0.00 0.00),(0.00000 0.00000 0.00000 1.00000),(0.00 0.00 0.00),(0.00 0.00 0.00),(0.00000 0.00000 0.00000 1.00000),0,19.87327
(0.00 0.00 0.00),(0.00000 0.00000 0.00000 1.00000),(0.00 0.00 0.00),(0.00 0.00 0.00),(0.00000 0.00000 0.00000 1.00000),0,19.91809
(0.00 0.00 0.00),(0.00000 0.00000 0.00000 1.00000),(0.00 0.00 0.00),(0.00 0.00 0.00),(0.00000 0.00000 0.00000 1.00000),0,19.96246
(0.00 0.00 0.00),(0.00000 0.00000 0.00000 1.00000),(0.00 0.00 0.00),(0.00 0.00 0.00),(0.00000 0.00000 0.00000 1.00000),0,20.00682
(0.00 0.00 0.00),(0.00000 0.00000 0.00000 1.00000),(0.00 0.00 0.00),(0.00 0.00 0.00),(0.00000 0.00000 0.00000 1.00000),0,20.05135
(0.00 0.00 0.00),(0.00000 0.00000 0.00000 1.00000),(0.00 0.00 0.00),(0.00 0.00 0.00),(0.00000 0.00000 0.00000 1.00000),0,20.095
(0.00 0.00 0.00),(0.00000 0.00000 0.00000 1.00000),(0.00 0.00 0.00),(0.00 0.00 0.00),(0.00000 0.00000 0.00000 1.00000),0,20.14018
(0.00 0.00 0.00),(0.00000 0.00000 0.00000 1.00000),(0.00 0.00 0.00),(0.00 0.00 0.00),(0.00000 0.00000 0.00000 1.00000),0,20.18357
(0.00 0.00 0.00),(0.00000 0.00000 0.00000 1.00000),(0.00 0.00 0.00),(0.00 0.00 0.00),(0.00000 0.00000 0.00000 1.00000),0,20.22871
(0.00 0.00 0.00),(0.00000 0.00000 0.00000 1.00000),(0.00 0.00 0.00),(0.00 0.00 0.00),(0.00000 0.00000 0.00000 1.00000),0,20.27338
(0.00 0.00 0.00),(0.00000 0.00000 0.00000 1.00000),(0.00 0.00 0.00),(0.00 0.00 0.00),(0.00000 0.00000 0.00000 1.00000),0,20.3174
(0.00 0.00 0.00),(0.00000 0.00000 0.00000 1.00000),(0.00 0.00 0.00),(0.00 0.00 0.00),(0.00000 0.00000 0.00000 1.00000),0,20.36202
(0.00 0.00 0.00),(0.00000 0.00000 0.00000 1.00000),(0.00 0.00 0.00),(0.00 0.00 0.00),(0.00000 0.00000 0.00000 1.00000),0,20.40677
(0.00 0.00 0.00),(0.00000 0.00000 0.00000 1.00000),(0.00 0.00 0.00),(0.00 0.00 0.00),(0.00000 0.00000 0.00000 1.00000),0,20.45054
(0.00 0.00 0.00),(0.00000 0.00000 0.00000 1.00000),(0.00 0.00 0.00),(0.00 0.00 0.00),(0.00000 0.00000 0.00000 1.00000),0,20.4958
(0.00 0.00 0.00),(0.00000 0.00000 0.00000 1.00000),(0.00 0.00 0.00),(0.00 0.00 0.00),(0.00000 0.00000 0.00000 1.00000),0,20.53981
(0.00 0.00 0.00),(0.00000 0.00000 0.00000 1.00000),(0.00 0.00 0.00),(0.00 0.00 0.00),(0.00000 0.00000 0.00000 1.00000),0,20.58406
(0.00 0.00 0.00),(0.00000 0.00000 0.00000 1.00000),(0.00 0.00 0.00),(0.00 0.00 0.00),(0.00000 0.00000 0.00000 1.00000),0,20.62842
(0.00 0.00 0.00),(0.00000 0.00000 0.00000 1.00000),(0.00 0.00 0.00),(0.00 0.00 0.00),(0.00000 0.00000 0.00000 1.00000),0,20.6728
(0.00 0.00 0.00),(0.00000 0.00000 0.00000 1.00000),(0.00 0.00 0.00),(0.00 0.00 0.00),(0.00000 0.00000 0.00000 1.00000),0,20.71741
(0.00 0.00 0.00),(0.00000 0.00000 0.00000 1.00000),(0.00 0.00 0.00),(0.00 0.00 0.00),(0.00000 0.00000 0.00000 1.00000),0,20.76199
(0.00 0.00 0.00),(0.00000 0.00000 0.00000 1.00000),(0.00 0.00 0.00),(0.00 0.00 0.00),(0.00000 0.00000 0.00000 1.00000),0,20.80641
(0.00 0.00 0.00),(0.00000 0.00000 0.00000 1.00000),(0.00 0.00 0.00),(0.00 0.00 0.00),(0.00000 0.00000 0.00000 1.00000),0,20.85073
(0.00 0.00 0.00),(0.00000 0.00000 0.00000 1.00000),(0.00 0.00 0.00),(0.00 0.00 0.00),(0.00000 0.00000 0.00000 1.00000),0,20.89595
(0.00 0.00 0.00),(0.00000 0.00000 0.00000 1.00000),(0.00 0.00 0.00),(0.00 0.00 0.00),(0.00000 0.00000 0.00000 1.00000),0,20.93979
(0.00 0.00 0.00),(0.00000 0.00000 0.00000 1.00000),(0.00 0.00 0.00),(0.00 0.00 0.00),(0.00000 0.00000 0.00000 1.00000),0,20.98408
(0.00 0.00 0.00),(0.00000 0.00000 0.00000 1.00000),(0.00 0.00 0.00),(0.00 0.00 0.00),(0.00000 0.00000 0.00000 1.00000),0,21.02896
(0.00 0.00 0.00),(0.00000 0.00000 0.00000 1.00000),(0.00 0.00 0.00),(0.00 0.00 0.00),(0.00000 0.00000 0.00000 1.00000),0,21.07377
(0.00 0.00 0.00),(0.00000 0.00000 0.00000 1.00000),(0.00 0.00 0.00),(0.00 0.00 0.00),(0.00000 0.00000 0.00000 1.00000),0,21.11779
(0.00 0.00 0.00),(0.00000 0.00000 0.00000 1.00000),(0.00 0.00 0.00),(0.00 0.00 0.00),(0.00000 0.00000 0.00000 1.00000),0,21.16246
(0.00 0.00 0.00),(0.00000 0.00000 0.00000 1.00000),(0.00 0.00 0.00),(0.00 0.00 0.00),(0.00000 0.00000 0.00000 1.00000),0,21.20778
(0.00 0.00 0.00),(0.00000 0.00000 0.00000 1.00000),(0.00 0.00 0.00),(0.00 0.00 0.00),(0.00000 0.00000 0.00000 1.00000),0,21.25116
(0.00 0.00 0.00),(0.00000 0.00000 0.00000 1.00000),(0.00 0.00 0.00),(0.00 0.00 0.00),(0.00000 0.00000 0.00000 1.00000),0,21.29543
(0.00 0.00 0.00),(0.00000 0.00000 0.00000 1.00000),(0.00 0.00 0.00),(0.00 0.00 0.00),(0.00000 0.00000 0.00000 1.00000),0,21.33834
(0.00 0.00 0.00),(0.00000 0.00000 0.00000 1.00000),(0.00 0.00 0.00),(0.00 0.00 0.00),(0.00000 0.00000 0.00000 1.00000),0,21.38207
(0.00 0.00 0.00),(0.00000 0.00000 0.00000 1.00000),(0.00 0.00 0.00),(0.00 0.00 0.00),(0.00000 0.00000 0.00000 1.00000),0,21.42702
(0.00 0.00 0.00),(0.00000 0.00000 0.00000 1.00000),(0.00 0.00 0.00),(0.00 0.00 0.00),(0.00000 0.00000 0.00000 1.00000),0,21.47159
(0.00 0.00 0.00),(0.00000 0.00000 0.00000 1.00000),(0.00 0.00 0.00),(0.00 0.00 0.00),(0.00000 0.00000 0.00000 1.00000),0,21.51659
(0.00 0.00 0.00),(0.00000 0.00000 0.00000 1.00000),(0.00 0.00 0.00),(0.00 0.00 0.00),(0.00000 0.00000 0.00000 1.00000),0,21.56015
(0.00 0.00 0.00),(0.00000 0.00000 0.00000 1.00000),(0.00 0.00 0.00),(0.00 0.00 0.00),(0.00000 0.00000 0.00000 1.00000),0,21.6054
(0.00 0.00 0.00),(0.00000 0.00000 0.00000 1.00000),(0.00 0.00 0.00),(0.00 0.00 0.00),(0.00000 0.00000 0.00000 1.00000),0,21.64959
(0.00 0.00 0.00),(0.00000 0.00000 0.00000 1.00000),(0.00 0.00 0.00),(0.00 0.00 0.00),(0.00000 0.00000 0.00000 1.00000),0,21.69357
(0.00 0.00 0.00),(0.00000 0.00000 0.00000 1.00000),(0.00 0.00 0.00),(0.00 0.00 0.00),(0.00000 0.00000 0.00000 1.00000),0,21.73774
(0.00 0.00 0.00),(0.00000 0.00000 0.00000 1.00000),(0.00 0.00 0.00),(0.00 0.00 0.00),(0.00000 0.00000 0.00000 1.00000),0,21.7828
(0.00 0.00 0.00),(0.00000 0.00000 0.00000 1.00000),(0.00 0.00 0.00),(0.00 0.00 0.00),(0.00000 0.00000 0.00000 1.00000),0,21.82761
(0.00 0.00 0.00),(0.00000 0.00000 0.00000 1.00000),(0.00 0.00 0.00),(0.00 0.00 0.00),(0.00000 0.00000 0.00000 1.00000),0,21.87201
(0.00 0.00 0.00),(0.00000 0.00000 0.00000 1.00000),(0.00 0.00 0.00),(0.00 0.00 0.00),(0.00000 0.00000 0.00000 1.00000),0,21.91698
(0.00 0.00 0.00),(0.00000 0.00000 0.00000 1.00000),(0.00 0.00 0.00),(0.00 0.00 0.00),(0.00000 0.00000 0.00000 1.00000),0,21.96108
(0.00 0.00 0.00),(0.00000 0.00000 0.00000 1.00000),(0.00 0.00 0.00),(0.00 0.00 0.00),(0.00000 0.00000 0.00000 1.00000),0,22.00477
(0.00 0.00 0.00),(0.00000 0.00000 0.00000 1.00000),(0.00 0.00 0.00),(0.00 0.00 0.00),(0.00000 0.00000 0.00000 1.00000),0,22.04943
(0.00 0.00 0.00),(0.00000 0.00000 0.00000 1.00000),(0.00 0.00 0.00),(0.00 0.00 0.00),(0.00000 0.00000 0.00000 1.00000),0,22.09411
(0.00 0.00 0.00),(0.00000 0.00000 0.00000 1.00000),(0.00 0.00 0.00),(0.00 0.00 0.00),(0.00000 0.00000 0.00000 1.00000),0,22.13852
(0.00 0.00 0.00),(0.00000 0.00000 0.00000 1.00000),(0.00 0.00 0.00),(0.00 0.00 0.00),(0.00000 0.00000 0.00000 1.00000),0,22.18321
(0.00 0.00 0.00),(0.00000 0.00000 0.00000 1.00000),(0.00 0.00 0.00),(0.00 0.00 0.00),(0.00000 0.00000 0.00000 1.00000),0,22.22721
(0.00 0.00 0.00),(0.00000 0.00000 0.00000 1.00000),(0.00 0.00 0.00),(0.00 0.00 0.00),(0.00000 0.00000 0.00000 1.00000),0,22.2731
(0.00 0.00 0.00),(0.00000 0.00000 0.00000 1.00000),(0.00 0.00 0.00),(0.00 0.00 0.00),(0.00000 0.00000 0.00000 1.00000),0,22.31532
(0.00 0.00 0.00),(0.00000 0.00000 0.00000 1.00000),(0.00 0.00 0.00),(0.00 0.00 0.00),(0.00000 0.00000 0.00000 1.00000),0,22.36042
(0.00 0.00 0.00),(0.00000 0.00000 0.00000 1.00000),(0.00 0.00 0.00),(0.00 0.00 0.00),(0.00000 0.00000 0.00000 1.00000),0,22.40529
(0.00 0.00 0.00),(0.00000 0.00000 0.00000 1.00000),(0.00 0.00 0.00),(0.00 0.00 0.00),(0.00000 0.00000 0.00000 1.00000),0,22.44946
(0.00 0.00 0.00),(0.00000 0.00000 0.00000 1.00000),(0.00 0.00 0.00),(0.00 0.00 0.00),(0.00000 0.00000 0.00000 1.00000),0,22.49391
(0.00 0.00 0.00),(0.00000 0.00000 0.00000 1.00000),(0.00 0.00 0.00),(0.00 0.00 0.00),(0.00000 0.00000 0.00000 1.00000),0,22.53918
(0.00 0.00 0.00),(0.00000 0.00000 0.00000 1.00000),(0.00 0.00 0.00),(0.00 0.00 0.00),(0.00000 0.00000 0.00000 1.00000),0,22.58341
(0.00 0.00 0.00),(0.00000 0.00000 0.00000 1.00000),(0.00 0.00 0.00),(0.00 0.00 0.00),(0.00000 0.00000 0.00000 1.00000),0,22.62711
(0.00 0.00 0.00),(0.00000 0.00000 0.00000 1.00000),(0.00 0.00 0.00),(0.00 0.00 0.00),(0.00000 0.00000 0.00000 1.00000),0,22.67153
(0.00 0.00 0.00),(0.00000 0.00000 0.00000 1.00000),(0.00 0.00 0.00),(0.00 0.00 0.00),(0.00000 0.00000 0.00000 1.00000),0,22.71692
(0.00 0.00 0.00),(0.00000 0.00000 0.00000 1.00000),(0.00 0.00 0.00),(0.00 0.00 0.00),(0.00000 0.00000 0.00000 1.00000),0,22.76091
(0.00 0.00 0.00),(0.00000 0.00000 0.00000 1.00000),(0.00 0.00 0.00),(0.00 0.00 0.00),(0.00000 0.00000 0.00000 1.00000),0,22.80566
(0.00 0.00 0.00),(0.00000 0.00000 0.00000 1.00000),(0.00 0.00 0.00),(0.00 0.00 0.00),(0.00000 0.00000 0.00000 1.00000),0,22.8498
(0.00 0.00 0.00),(0.00000 0.00000 0.00000 1.00000),(0.00 0.00 0.00),(0.00 0.00 0.00),(0.00000 0.00000 0.00000 1.00000),0,22.89409
(0.00 0.00 0.00),(0.00000 0.00000 0.00000 1.00000),(0.00 0.00 0.00),(0.00 0.00 0.00),(0.00000 0.00000 0.00000 1.00000),0,22.93863
(0.00 0.00 0.00),(0.00000 0.00000 0.00000 1.00000),(0.00 0.00 0.00),(0.00 0.00 0.00),(0.00000 0.00000 0.00000 1.00000),0,22.98324
(0.00 0.00 0.00),(0.00000 0.00000 0.00000 1.00000),(0.00 0.00 0.00),(0.00 0.00 0.00),(0.00000 0.00000 0.00000 1.00000),0,23.02807
(0.00 0.00 0.00),(0.00000 0.00000 0.00000 1.00000),(0.00 0.00 0.00),(0.00 0.00 0.00),(0.00000 0.00000 0.00000 1.00000),0,23.072
(0.00 0.00 0.00),(0.00000 0.00000 0.00000 1.00000),(0.00 0.00 0.00),(0.00 0.00 0.00),(0.00000 0.00000 0.00000 1.00000),0,23.11658
(0.00 0.00 0.00),(0.00000 0.00000 0.00000 1.00000),(0.00 0.00 0.00),(0.00 0.00 0.00),(0.00000 0.00000 0.00000 1.00000),0,23.16103
(0.00 0.00 0.00),(0.00000 0.00000 0.00000 1.00000),(0.00 0.00 0.00),(0.00 0.00 0.00),(0.00000 0.00000 0.00000 1.00000),0,23.20631
(0.00 0.00 0.00),(0.00000 0.00000 0.00000 1.00000),(0.00 0.00 0.00),(0.00 0.00 0.00),(0.00000 0.00000 0.00000 1.00000),0,23.25001
(0.00 0.00 0.00),(0.00000 0.00000 0.00000 1.00000),(0.00 0.00 0.00),(0.00 0.00 0.00),(0.00000 0.00000 0.00000 1.00000),0,23.29347
(0.00 0.00 0.00),(0.00000 0.00000 0.00000 1.00000),(0.00 0.00 0.00),(0.00 0.00 0.00),(0.00000 0.00000 0.00000 1.00000),0,23.33898
(0.00 0.00 0.00),(0.00000 0.00000 0.00000 1.00000),(0.00 0.00 0.00),(0.00 0.00 0.00),(0.00000 0.00000 0.00000 1.00000),0,23.38356
(0.00 0.00 0.00),(0.00000 0.00000 0.00000 1.00000),(0.00 0.00 0.00),(0.00 0.00 0.00),(0.00000 0.00000 0.00000 1.00000),0,23.42853
(0.00 0.00 0.00),(0.00000 0.00000 0.00000 1.00000),(0.00 0.00 0.00),(0.00 0.00 0.00),(0.00000 0.00000 0.00000 1.00000),0,23.47299
(0.00 0.00 0.00),(0.00000 0.00000 0.00000 1.00000),(0.00 0.00 0.00),(0.00 0.00 0.00),(0.00000 0.00000 0.00000 1.00000),0,23.51722
(0.00 0.00 0.00),(0.00000 0.00000 0.00000 1.00000),(0.00 0.00 0.00),(0.00 0.00 0.00),(0.00000 0.00000 0.00000 1.00000),0,23.56107
(0.00 0.00 0.00),(0.00000 0.00000 0.00000 1.00000),(0.00 0.00 0.00),(0.00 0.00 0.00),(0.00000 0.00000 0.00000 1.00000),0,23.60521
(0.00 0.00 0.00),(0.00000 0.00000 0.00000 1.00000),(0.00 0.00 0.00),(0.00 0.00 0.00),(0.00000 0.00000 0.00000 1.00000),0,23.65021
(0.00 0.00 0.00),(0.00000 0.00000 0.00000 1.00000),(0.00 0.00 0.00),(0.00 0.00 0.00),(0.00000 0.00000 0.00000 1.00000),0,23.69466
(0.00 0.00 0.00),(0.00000 0.00000 0.00000 1.00000),(0.00 0.00 0.00),(0.00 0.00 0.00),(0.00000 0.00000 0.00000 1.00000),0,23.74037
(0.00 0.00 0.00),(0.00000 0.00000 0.00000 1.00000),(0.00 0.00 0.00),(0.00 0.00 0.00),(0.00000 0.00000 0.00000 1.00000),0,23.7841
(0.00 0.00 0.00),(0.00000 0.00000 0.00000 1.00000),(0.00 0.00 0.00),(0.00 0.00 0.00),(0.00000 0.00000 0.00000 1.00000),0,23.82752
(0.00 0.00 0.00),(0.00000 0.00000 0.00000 1.00000),(0.00 0.00 0.00),(0.00 0.00 0.00),(0.00000 0.00000 0.00000 1.00000),0,23.87278
(0.00 0.00 0.00),(0.00000 0.00000 0.00000 1.00000),(0.00 0.00 0.00),(0.00 0.00 0.00),(0.00000 0.00000 0.00000 1.00000),0,23.91764
(0.00 0.00 0.00),(0.00000 0.00000 0.00000 1.00000),(0.00 0.00 0.00),(0.00 0.00 0.00),(0.00000 0.00000 0.00000 1.00000),0,23.96124
(0.00 0.00 0.00),(0.00000 0.00000 0.00000 1.00000),(0.00 0.00 0.00),(0.00 0.00 0.00),(0.00000 0.00000 0.00000 1.00000),0,24.00529
(0.00 0.00 0.00),(0.00000 0.00000 0.00000 1.00000),(0.00 0.00 0.00),(0.00 0.00 0.00),(0.00000 0.00000 0.00000 1.00000),0,24.05042
(0.00 0.00 0.00),(0.00000 0.00000 0.00000 1.00000),(0.00 0.00 0.00),(0.00 0.00 0.00),(0.00000 0.00000 0.00000 1.00000),0,24.09492
(0.00 0.00 0.00),(0.00000 0.00000 0.00000 1.00000),(0.00 0.00 0.00),(0.00 0.00 0.00),(0.00000 0.00000 0.00000 1.00000),0,24.13942
(0.00 0.00 0.00),(0.00000 0.00000 0.00000 1.00000),(0.00 0.00 0.00),(0.00 0.00 0.00),(0.00000 0.00000 0.00000 1.00000),0,24.18373
(0.00 0.00 0.00),(0.00000 0.00000 0.00000 1.00000),(0.00 0.00 0.00),(0.00 0.00 0.00),(0.00000 0.00000 0.00000 1.00000),0,24.229
(0.00 0.00 0.00),(0.00000 0.00000 0.00000 1.00000),(0.00 0.00 0.00),(0.00 0.00 0.00),(0.00000 0.00000 0.00000 1.00000),0,24.27309
(0.00 0.00 0.00),(0.00000 0.00000 0.00000 1.00000),(0.00 0.00 0.00),(0.00 0.00 0.00),(0.00000 0.00000 0.00000 1.00000),0,24.31747
(0.00 0.00 0.00),(0.00000 0.00000 0.00000 1.00000),(0.00 0.00 0.00),(0.00 0.00 0.00),(0.00000 0.00000 0.00000 1.00000),0,24.36148
(0.00 0.00 0.00),(0.00000 0.00000 0.00000 1.00000),(0.00 0.00 0.00),(0.00 0.00 0.00),(0.00000 0.00000 0.00000 1.00000),0,24.40636
(0.00 0.00 0.00),(0.00000 0.00000 0.00000 1.00000),(0.00 0.00 0.00),(0.00 0.00 0.00),(0.00000 0.00000 0.00000 1.00000),0,24.4513
(0.00 0.00 0.00),(0.00000 0.00000 0.00000 1.00000),(0.00 0.00 0.00),(0.00 0.00 0.00),(0.00000 0.00000 0.00000 1.00000),0,24.49518
(0.00 0.00 0.00),(0.00000 0.00000 0.00000 1.00000),(0.00 0.00 0.00),(0.00 0.00 0.00),(0.00000 0.00000 0.00000 1.00000),0,24.53953
(0.00 0.00 0.00),(0.00000 0.00000 0.00000 1.00000),(0.00 0.00 0.00),(0.00 0.00 0.00),(0.00000 0.00000 0.00000 1.00000),0,24.58458
(0.00 0.00 0.00),(0.00000 0.00000 0.00000 1.00000),(0.00 0.00 0.00),(0.00 0.00 0.00),(0.00000 0.00000 0.00000 1.00000),0,24.62892
(0.00 0.00 0.00),(0.00000 0.00000 0.00000 1.00000),(0.00 0.00 0.00),(0.00 0.00 0.00),(0.00000 0.00000 0.00000 1.00000),0,24.67293
(0.00 0.00 0.00),(0.00000 0.00000 0.00000 1.00000),(0.00 0.00 0.00),(0.00 0.00 0.00),(0.00000 0.00000 0.00000 1.00000),0,24.71723
(0.00 0.00 0.00),(0.00000 0.00000 0.00000 1.00000),(0.00 0.00 0.00),(0.00 0.00 0.00),(0.00000 0.00000 0.00000 1.00000),0,24.76196
(0.00 0.00 0.00),(0.00000 0.00000 0.00000 1.00000),(0.00 0.00 0.00),(0.00 0.00 0.00),(0.00000 0.00000 0.00000 1.00000),0,24.80616
(0.00 0.00 0.00),(0.00000 0.00000 0.00000 1.00000),(0.00 0.00 0.00),(0.00 0.00 0.00),(0.00000 0.00000 0.00000 1.00000),0,24.85094
(0.00 0.00 0.00),(0.00000 0.00000 0.00000 1.00000),(0.00 0.00 0.00),(0.00 0.00 0.00),(0.00000 0.00000 0.00000 1.00000),0,24.8964
(0.00 0.00 0.00),(0.00000 0.00000 0.00000 1.00000),(0.00 0.00 0.00),(0.00 0.00 0.00),(0.00000 0.00000 0.00000 1.00000),0,24.94026
(0.00 0.00 0.00),(0.00000 0.00000 0.00000 1.00000),(0.00 0.00 0.00),(0.00 0.00 0.00),(0.00000 0.00000 0.00000 1.00000),0,24.98355
(0.00 0.00 0.00),(0.00000 0.00000 0.00000 1.00000),(0.00 0.00 0.00),(0.00 0.00 0.00),(0.00000 0.00000 0.00000 1.00000),0,25.02935
(0.00 0.00 0.00),(0.00000 0.00000 0.00000 1.00000),(0.00 0.00 0.00),(0.00 0.00 0.00),(0.00000 0.00000 0.00000 1.00000),0,25.07285
(0.00 0.00 0.00),(0.00000 0.00000 0.00000 1.00000),(0.00 0.00 0.00),(0.00 0.00 0.00),(0.00000 0.00000 0.00000 1.00000),0,25.11735
(0.00 0.00 0.00),(0.00000 0.00000 0.00000 1.00000),(0.00 0.00 0.00),(0.00 0.00 0.00),(0.00000 0.00000 0.00000 1.00000),0,25.16226
(0.00 0.00 0.00),(0.00000 0.00000 0.00000 1.00000),(0.00 0.00 0.00),(0.00 0.00 0.00),(0.00000 0.00000 0.00000 1.00000),0,25.20742
(0.00 0.00 0.00),(0.00000 0.00000 0.00000 1.00000),(0.00 0.00 0.00),(0.00 0.00 0.00),(0.00000 0.00000 0.00000 1.00000),0,25.25121
(0.00 0.00 0.00),(0.00000 0.00000 0.00000 1.00000),(0.00 0.00 0.00),(0.00 0.00 0.00),(0.00000 0.00000 0.00000 1.00000),0,25.29515
(0.00 0.00 0.00),(0.00000 0.00000 0.00000 1.00000),(0.00 0.00 0.00),(0.00 0.00 0.00),(0.00000 0.00000 0.00000 1.00000),0,25.34013
(0.00 0.00 0.00),(0.00000 0.00000 0.00000 1.00000),(0.00 0.00 0.00),(0.00 0.00 0.00),(0.00000 0.00000 0.00000 1.00000),0,25.38353
(0.00 0.00 0.00),(0.00000 0.00000 0.00000 1.00000),(0.00 0.00 0.00),(0.00 0.00 0.00),(0.00000 0.00000 0.00000 1.00000),0,25.42827
(0.00 0.00 0.00),(0.00000 0.00000 0.00000 1.00000),(0.00 0.00 0.00),(0.00 0.00 0.00),(0.00000 0.00000 0.00000 1.00000),0,25.47341
(0.00 0.00 0.00),(0.00000 0.00000 0.00000 1.00000),(0.00 0.00 0.00),(0.00 0.00 0.00),(0.00000 0.00000 0.00000 1.00000),0,25.51835
(0.00 0.00 0.00),(0.00000 0.00000 0.00000 1.00000),(0.00 0.00 0.00),(0.00 0.00 0.00),(0.00000 0.00000 0.00000 1.00000),0,25.56222
(0.00 0.00 0.00),(0.00000 0.00000 0.00000 1.00000),(0.00 0.00 0.00),(0.00 0.00 0.00),(0.00000 0.00000 0.00000 1.00000),0,25.60662
(0.00 0.00 0.00),(0.00000 0.00000 0.00000 1.00000),(0.00 0.00 0.00),(0.00 0.00 0.00),(0.00000 0.00000 0.00000 1.00000),0,25.65124
(0.00 0.00 0.00),(0.00000 0.00000 0.00000 1.00000),(0.00 0.00 0.00),(0.00 0.00 0.00),(0.00000 0.00000 0.00000 1.00000),0,25.69583
(0.00 0.00 0.00),(0.00000 0.00000 0.00000 1.00000),(0.00 0.00 0.00),(0.00 0.00 0.00),(0.00000 0.00000 0.00000 1.00000),0,25.7399
(0.00 0.00 0.00),(0.00000 0.00000 0.00000 1.00000),(0.00 0.00 0.00),(0.00 0.00 0.00),(0.00000 0.00000 0.00000 1.00000),0,25.78478
(0.00 0.00 0.00),(0.00000 0.00000 0.00000 1.00000),(0.00 0.00 0.00),(0.00 0.00 0.00),(0.00000 0.00000 0.00000 1.00000),0,25.82908
(0.00 0.00 0.00),(0.00000 0.00000 0.00000 1.00000),(0.00 0.00 0.00),(0.00 0.00 0.00),(0.00000 0.00000 0.00000 1.00000),0,25.87327
(0.00 0.00 0.00),(0.00000 0.00000 0.00000 1.00000),(0.00 0.00 0.00),(0.00 0.00 0.00),(0.00000 0.00000 0.00000 1.00000),0,25.91834
(0.00 0.00 0.00),(0.00000 0.00000 0.00000 1.00000),(0.00 0.00 0.00),(0.00 0.00 0.00),(0.00000 0.00000 0.00000 1.00000),0,25.96245
(0.00 0.00 0.00),(0.00000 0.00000 0.00000 1.00000),(0.00 0.00 0.00),(0.00 0.00 0.00),(0.00000 0.00000 0.00000 1.00000),0,26.00627
(0.00 0.00 0.00),(0.00000 0.00000 0.00000 1.00000),(0.00 0.00 0.00),(0.00 0.00 0.00),(0.00000 0.00000 0.00000 1.00000),0,26.05592
(0.00 0.00 0.00),(0.00000 0.00000 0.00000 1.00000),(0.00 0.00 0.00),(0.00 0.00 0.00),(0.00000 0.00000 0.00000 1.00000),0,26.10045
(0.00 0.00 0.00),(0.00000 0.00000 0.00000 1.00000),(0.00 0.00 0.00),(0.00 0.00 0.00),(0.00000 0.00000 0.00000 1.00000),0,26.14902
(0.00 0.00 0.00),(0.00000 0.00000 0.00000 1.00000),(0.00 0.00 0.00),(0.00 0.00 0.00),(0.00000 0.00000 0.00000 1.00000),0,26.19426
(0.00 0.00 0.00),(0.00000 0.00000 0.00000 1.00000),(0.00 0.00 0.00),(0.00 0.00 0.00),(0.00000 0.00000 0.00000 1.00000),0,26.23832
(0.00 0.00 0.00),(0.00000 0.00000 0.00000 1.00000),(0.00 0.00 0.00),(0.00 0.00 0.00),(0.00000 0.00000 0.00000 1.00000),0,26.28346
(0.00 0.00 0.00),(0.00000 0.00000 0.00000 1.00000),(0.00 0.00 0.00),(0.00 0.00 0.00),(0.00000 0.00000 0.00000 1.00000),0,26.32802
(0.00 0.00 0.00),(0.00000 0.00000 0.00000 1.00000),(0.00 0.00 0.00),(0.00 0.00 0.00),(0.00000 0.00000 0.00000 1.00000),0,26.37213
(0.00 0.00 0.00),(0.00000 0.00000 0.00000 1.00000),(0.00 0.00 0.00),(0.00 0.00 0.00),(0.00000 0.00000 0.00000 1.00000),0,26.41757
(0.00 0.00 0.00),(0.00000 0.00000 0.00000 1.00000),(0.00 0.00 0.00),(0.00 0.00 0.00),(0.00000 0.00000 0.00000 1.00000),0,26.462
(0.00 0.00 0.00),(0.00000 0.00000 0.00000 1.00000),(0.00 0.00 0.00),(0.00 0.00 0.00),(0.00000 0.00000 0.00000 1.00000),0,26.50632
(0.00 0.00 0.00),(0.00000 0.00000 0.00000 1.00000),(0.00 0.00 0.00),(0.00 0.00 0.00),(0.00000 0.00000 0.00000 1.00000),0,26.55131
(0.00 0.00 0.00),(0.00000 0.00000 0.00000 1.00000),(0.00 0.00 0.00),(0.00 0.00 0.00),(0.00000 0.00000 0.00000 1.00000),0,26.59507
(0.00 0.00 0.00),(0.00000 0.00000 0.00000 1.00000),(0.00 0.00 0.00),(0.00 0.00 0.00),(0.00000 0.00000 0.00000 1.00000),0,26.63898
(0.00 0.00 0.00),(0.00000 0.00000 0.00000 1.00000),(0.00 0.00 0.00),(0.00 0.00 0.00),(0.00000 0.00000 0.00000 1.00000),0,26.68344
(0.00 0.00 0.00),(0.00000 0.00000 0.00000 1.00000),(0.00 0.00 0.00),(0.00 0.00 0.00),(0.00000 0.00000 0.00000 1.00000),0,26.72892
(0.00 0.00 0.00),(0.00000 0.00000 0.00000 1.00000),(0.00 0.00 0.00),(0.00 0.00 0.00),(0.00000 0.00000 0.00000 1.00000),0,26.77307
(0.00 0.00 0.00),(0.00000 0.00000 0.00000 1.00000),(0.00 0.00 0.00),(0.00 0.00 0.00),(0.00000 0.00000 0.00000 1.00000),0,26.81768
(0.00 0.00 0.00),(0.00000 0.00000 0.00000 1.00000),(0.00 0.00 0.00),(0.00 0.00 0.00),(0.00000 0.00000 0.00000 1.00000),0,26.86217
(0.00 0.00 0.00),(0.00000 0.00000 0.00000 1.00000),(0.00 0.00 0.00),(0.00 0.00 0.00),(0.00000 0.00000 0.00000 1.00000),0,26.9074
(0.00 0.00 0.00),(0.00000 0.00000 0.00000 1.00000),(0.00 0.00 0.00),(0.00 0.00 0.00),(0.00000 0.00000 0.00000 1.00000),0,26.95082
(0.00 0.00 0.00),(0.00000 0.00000 0.00000 1.00000),(0.00 0.00 0.00),(0.00 0.00 0.00),(0.00000 0.00000 0.00000 1.00000),0,26.99686
(0.00 0.00 0.00),(0.00000 0.00000 0.00000 1.00000),(0.00 0.00 0.00),(0.00 0.00 0.00),(0.00000 0.00000 0.00000 1.00000),0,27.03858
(0.00 0.00 0.00),(0.00000 0.00000 0.00000 1.00000),(0.00 0.00 0.00),(0.00 0.00 0.00),(0.00000 0.00000 0.00000 1.00000),0,27.08308
(0.00 0.00 0.00),(0.00000 0.00000 0.00000 1.00000),(0.00 0.00 0.00),(0.00 0.00 0.00),(0.00000 0.00000 0.00000 1.00000),0,27.12832
(0.00 0.00 0.00),(0.00000 0.00000 0.00000 1.00000),(0.00 0.00 0.00),(0.00 0.00 0.00),(0.00000 0.00000 0.00000 1.00000),0,27.17203
(0.00 0.00 0.00),(0.00000 0.00000 0.00000 1.00000),(0.00 0.00 0.00),(0.00 0.00 0.00),(0.00000 0.00000 0.00000 1.00000),0,27.2165
(0.00 0.00 0.00),(0.00000 0.00000 0.00000 1.00000),(0.00 0.00 0.00),(0.00 0.00 0.00),(0.00000 0.00000 0.00000 1.00000),0,27.26113
(0.00 0.00 0.00),(0.00000 0.00000 0.00000 1.00000),(0.00 0.00 0.00),(0.00 0.00 0.00),(0.00000 0.00000 0.00000 1.00000),0,27.30624
(0.00 0.00 0.00),(0.00000 0.00000 0.00000 1.00000),(0.00 0.00 0.00),(0.00 0.00 0.00),(0.00000 0.00000 0.00000 1.00000),0,27.35039
(0.00 0.00 0.00),(0.00000 0.00000 0.00000 1.00000),(0.00 0.00 0.00),(0.00 0.00 0.00),(0.00000 0.00000 0.00000 1.00000),0,27.39383
(0.00 0.00 0.00),(0.00000 0.00000 0.00000 1.00000),(0.00 0.00 0.00),(0.00 0.00 0.00),(0.00000 0.00000 0.00000 1.00000),0,27.43949
(0.00 0.00 0.00),(0.00000 0.00000 0.00000 1.00000),(0.00 0.00 0.00),(0.00 0.00 0.00),(0.00000 0.00000 0.00000 1.00000),0,27.4842
(0.00 0.00 0.00),(0.00000 0.00000 0.00000 1.00000),(0.00 0.00 0.00),(0.00 0.00 0.00),(0.00000 0.00000 0.00000 1.00000),0,27.52806
(0.00 0.00 0.00),(0.00000 0.00000 0.00000 1.00000),(0.00 0.00 0.00),(0.00 0.00 0.00),(0.00000 0.00000 0.00000 1.00000),0,27.57245
(0.00 0.00 0.00),(0.00000 0.00000 0.00000 1.00000),(0.00 0.00 0.00),(0.00 0.00 0.00),(0.00000 0.00000 0.00000 1.00000),0,27.61723
(0.00 0.00 0.00),(0.00000 0.00000 0.00000 1.00000),(0.00 0.00 0.00),(0.00 0.00 0.00),(0.00000 0.00000 0.00000 1.00000),0,27.66087
(0.00 0.00 0.00),(0.00000 0.00000 0.00000 1.00000),(0.00 0.00 0.00),(0.00 0.00 0.00),(0.00000 0.00000 0.00000 1.00000),0,27.70758
(0.00 0.00 0.00),(0.00000 0.00000 0.00000 1.00000),(0.00 0.00 0.00),(0.00 0.00 0.00),(0.00000 0.00000 0.00000 1.00000),0,27.75051
(0.00 0.00 0.00),(0.00000 0.00000 0.00000 1.00000),(0.00 0.00 0.00),(0.00 0.00 0.00),(0.00000 0.00000 0.00000 1.00000),0,27.79524
(0.00 0.00 0.00),(0.00000 0.00000 0.00000 1.00000),(0.00 0.00 0.00),(0.00 0.00 0.00),(0.00000 0.00000 0.00000 1.00000),0,27.83981
(0.00 0.00 0.00),(0.00000 0.00000 0.00000 1.00000),(0.00 0.00 0.00),(0.00 0.00 0.00),(0.00000 0.00000 0.00000 1.00000),0,27.88376
(0.00 0.00 0.00),(0.00000 0.00000 0.00000 1.00000),(0.00 0.00 0.00),(0.00 0.00 0.00),(0.00000 0.00000 0.00000 1.00000),0,27.92793
(0.00 0.00 0.00),(0.00000 0.00000 0.00000 1.00000),(0.00 0.00 0.00),(0.00 0.00 0.00),(0.00000 0.00000 0.00000 1.00000),0,27.97359
(0.00 0.00 0.00),(0.00000 0.00000 0.00000 1.00000),(0.00 0.00 0.00),(0.00 0.00 0.00),(0.00000 0.00000 0.00000 1.00000),0,28.01617
(0.00 0.00 0.00),(0.00000 0.00000 0.00000 1.00000),(0.00 0.00 0.00),(0.00 0.00 0.00),(0.00000 0.00000 0.00000 1.00000),0,28.06247
(0.00 0.00 0.00),(0.00000 0.00000 0.00000 1.00000),(0.00 0.00 0.00),(0.00 0.00 0.00),(0.00000 0.00000 0.00000 1.00000),0,28.10795
(0.00 0.00 0.00),(0.00000 0.00000 0.00000 1.00000),(0.00 0.00 0.00),(0.00 0.00 0.00),(0.00000 0.00000 0.00000 1.00000),0,28.15042
(0.00 0.00 0.00),(0.00000 0.00000 0.00000 1.00000),(0.00 0.00 0.00),(0.00 0.00 0.00),(0.00000 0.00000 0.00000 1.00000),0,28.195
(0.00 0.00 0.00),(0.00000 0.00000 0.00000 1.00000),(0.00 0.00 0.00),(0.00 0.00 0.00),(0.00000 0.00000 0.00000 1.00000),0,28.23932
(0.00 0.00 0.00),(0.00000 0.00000 0.00000 1.00000),(0.00 0.00 0.00),(0.00 0.00 0.00),(0.00000 0.00000 0.00000 1.00000),0,28.28397
(0.00 0.00 0.00),(0.00000 0.00000 0.00000 1.00000),(0.00 0.00 0.00),(0.00 0.00 0.00),(0.00000 0.00000 0.00000 1.00000),0,28.32962
(0.00 0.00 0.00),(0.00000 0.00000 0.00000 1.00000),(0.00 0.00 0.00),(0.00 0.00 0.00),(0.00000 0.00000 0.00000 1.00000),0,28.37306
(0.00 0.00 0.00),(0.00000 0.00000 0.00000 1.00000),(0.00 0.00 0.00),(0.00 0.00 0.00),(0.00000 0.00000 0.00000 1.00000),0,28.41865
(0.00 0.00 0.00),(0.00000 0.00000 0.00000 1.00000),(0.00 0.00 0.00),(0.00 0.00 0.00),(0.00000 0.00000 0.00000 1.00000),0,28.46149
(0.00 0.00 0.00),(0.00000 0.00000 0.00000 1.00000),(0.00 0.00 0.00),(0.00 0.00 0.00),(0.00000 0.00000 0.00000 1.00000),0,28.50582
(0.00 0.00 0.00),(0.00000 0.00000 0.00000 1.00000),(0.00 0.00 0.00),(0.00 0.00 0.00),(0.00000 0.00000 0.00000 1.00000),0,28.5508
(0.00 0.00 0.00),(0.00000 0.00000 0.00000 1.00000),(0.00 0.00 0.00),(0.00 0.00 0.00),(0.00000 0.00000 0.00000 1.00000),0,28.5952
(0.00 0.00 0.00),(0.00000 0.00000 0.00000 1.00000),(0.00 0.00 0.00),(0.00 0.00 0.00),(0.00000 0.00000 0.00000 1.00000),0,28.63954
(0.00 0.00 0.00),(0.00000 0.00000 0.00000 1.00000),(0.00 0.00 0.00),(0.00 0.00 0.00),(0.00000 0.00000 0.00000 1.00000),0,28.68452
(0.00 0.00 0.00),(0.00000 0.00000 0.00000 1.00000),(0.00 0.00 0.00),(0.00 0.00 0.00),(0.00000 0.00000 0.00000 1.00000),0,28.72971
(0.00 0.00 0.00),(0.00000 0.00000 0.00000 1.00000),(0.00 0.00 0.00),(0.00 0.00 0.00),(0.00000 0.00000 0.00000 1.00000),0,28.77267
(0.00 0.00 0.00),(0.00000 0.00000 0.00000 1.00000),(0.00 0.00 0.00),(0.00 0.00 0.00),(0.00000 0.00000 0.00000 1.00000),0,28.81744
(0.00 0.00 0.00),(0.00000 0.00000 0.00000 1.00000),(0.00 0.00 0.00),(0.00 0.00 0.00),(0.00000 0.00000 0.00000 1.00000),0,28.86183
(0.00 0.00 0.00),(0.00000 0.00000 0.00000 1.00000),(0.00 0.00 0.00),(0.00 0.00 0.00),(0.00000 0.00000 0.00000 1.00000),0,28.90673
(0.00 0.00 0.00),(0.00000 0.00000 0.00000 1.00000),(0.00 0.00 0.00),(0.00 0.00 0.00),(0.00000 0.00000 0.00000 1.00000),0,28.95089
(0.00 0.00 0.00),(0.00000 0.00000 0.00000 1.00000),(0.00 0.00 0.00),(0.00 0.00 0.00),(0.00000 0.00000 0.00000 1.00000),0,28.99557
(0.00 0.00 0.00),(0.00000 0.00000 0.00000 1.00000),(0.00 0.00 0.00),(0.00 0.00 0.00),(0.00000 0.00000 0.00000 1.00000),0,29.03998
(0.00 0.00 0.00),(0.00000 0.00000 0.00000 1.00000),(0.00 0.00 0.00),(0.00 0.00 0.00),(0.00000 0.00000 0.00000 1.00000),0,29.08445
(0.00 0.00 0.00),(0.00000 0.00000 0.00000 1.00000),(0.00 0.00 0.00),(0.00 0.00 0.00),(0.00000 0.00000 0.00000 1.00000),0,29.12984
(0.00 0.00 0.00),(0.00000 0.00000 0.00000 1.00000),(0.00 0.00 0.00),(0.00 0.00 0.00),(0.00000 0.00000 0.00000 1.00000),0,29.17374
(0.00 0.00 0.00),(0.00000 0.00000 0.00000 1.00000),(0.00 0.00 0.00),(0.00 0.00 0.00),(0.00000 0.00000 0.00000 1.00000),0,29.2169
(0.00 0.00 0.00),(0.00000 0.00000 0.00000 1.00000),(0.00 0.00 0.00),(0.00 0.00 0.00),(0.00000 0.00000 0.00000 1.00000),0,29.26198
(0.00 0.00 0.00),(0.00000 0.00000 0.00000 1.00000),(0.00 0.00 0.00),(0.00 0.00 0.00),(0.00000 0.00000 0.00000 1.00000),0,29.30637
(0.00 0.00 0.00),(0.00000 0.00000 0.00000 1.00000),(0.00 0.00 0.00),(0.00 0.00 0.00),(0.00000 0.00000 0.00000 1.00000),0,29.35127
(0.00 0.00 0.00),(0.00000 0.00000 0.00000 1.00000),(0.00 0.00 0.00),(0.00 0.00 0.00),(0.00000 0.00000 0.00000 1.00000),0,29.39598
(0.00 0.00 0.00),(0.00000 0.00000 0.00000 1.00000),(0.00 0.00 0.00),(0.00 0.00 0.00),(0.00000 0.00000 0.00000 1.00000),0,29.44007
(0.00 0.00 0.00),(0.00000 0.00000 0.00000 1.00000),(0.00 0.00 0.00),(0.00 0.00 0.00),(0.00000 0.00000 0.00000 1.00000),0,29.48464
(0.00 0.00 0.00),(0.00000 0.00000 0.00000 1.00000),(0.00 0.00 0.00),(0.00 0.00 0.00),(0.00000 0.00000 0.00000 1.00000),0,29.52923
(0.00 0.00 0.00),(0.00000 0.00000 0.00000 1.00000),(0.00 0.00 0.00),(0.00 0.00 0.00),(0.00000 0.00000 0.00000 1.00000),0,29.57329
(0.00 0.00 0.00),(0.00000 0.00000 0.00000 1.00000),(0.00 0.00 0.00),(0.00 0.00 0.00),(0.00000 0.00000 0.00000 1.00000),0,29.61762
(0.00 0.00 0.00),(0.00000 0.00000 0.00000 1.00000),(0.00 0.00 0.00),(0.00 0.00 0.00),(0.00000 0.00000 0.00000 1.00000),0,29.66211
(0.00 0.00 0.00),(0.00000 0.00000 0.00000 1.00000),(0.00 0.00 0.00),(0.00 0.00 0.00),(0.00000 0.00000 0.00000 1.00000),0,29.70685
(0.00 0.00 0.00),(0.00000 0.00000 0.00000 1.00000),(0.00 0.00 0.00),(0.00 0.00 0.00),(0.00000 0.00000 0.00000 1.00000),0,29.751
(0.00 0.00 0.00),(0.00000 0.00000 0.00000 1.00000),(0.00 0.00 0.00),(0.00 0.00 0.00),(0.00000 0.00000 0.00000 1.00000),0,29.79555
(0.00 0.00 0.00),(0.00000 0.00000 0.00000 1.00000),(0.00 0.00 0.00),(0.00 0.00 0.00),(0.00000 0.00000 0.00000 1.00000),0,29.84035
(0.00 0.00 0.00),(0.00000 0.00000 0.00000 1.00000),(0.00 0.00 0.00),(0.00 0.00 0.00),(0.00000 0.00000 0.00000 1.00000),0,29.88506
(0.00 0.00 0.00),(0.00000 0.00000 0.00000 1.00000),(0.00 0.00 0.00),(0.00 0.00 0.00),(0.00000 0.00000 0.00000 1.00000),0,29.92947
(0.00 0.00 0.00),(0.00000 0.00000 0.00000 1.00000),(0.00 0.00 0.00),(0.00 0.00 0.00),(0.00000 0.00000 0.00000 1.00000),0,29.9733
(0.00 0.00 0.00),(0.00000 0.00000 0.00000 1.00000),(0.00 0.00 0.00),(0.00 0.00 0.00),(0.00000 0.00000 0.00000 1.00000),0,30.01813
(0.00 0.00 0.00),(0.00000 0.00000 0.00000 1.00000),(0.00 0.00 0.00),(0.00 0.00 0.00),(0.00000 0.00000 0.00000 1.00000),0,30.06222
(0.00 0.00 0.00),(0.00000 0.00000 0.00000 1.00000),(0.00 0.00 0.00),(0.00 0.00 0.00),(0.00000 0.00000 0.00000 1.00000),0,30.10683
(0.00 0.00 0.00),(0.00000 0.00000 0.00000 1.00000),(0.00 0.00 0.00),(0.00 0.00 0.00),(0.00000 0.00000 0.00000 1.00000),0,30.1516
(0.00 0.00 0.00),(0.00000 0.00000 0.00000 1.00000),(0.00 0.00 0.00),(0.00 0.00 0.00),(0.00000 0.00000 0.00000 1.00000),0,30.19631
(0.00 0.00 0.00),(0.00000 0.00000 0.00000 1.00000),(0.00 0.00 0.00),(0.00 0.00 0.00),(0.00000 0.00000 0.00000 1.00000),0,30.24046
(0.00 0.00 0.00),(0.00000 0.00000 0.00000 1.00000),(0.00 0.00 0.00),(0.00 0.00 0.00),(0.00000 0.00000 0.00000 1.00000),0,30.2849
(0.00 0.00 0.00),(0.00000 0.00000 0.00000 1.00000),(0.00 0.00 0.00),(0.00 0.00 0.00),(0.00000 0.00000 0.00000 1.00000),0,30.32986
(0.00 0.00 0.00),(0.00000 0.00000 0.00000 1.00000),(0.00 0.00 0.00),(0.00 0.00 0.00),(0.00000 0.00000 0.00000 1.00000),0,30.37321
(0.00 0.00 0.00),(0.00000 0.00000 0.00000 1.00000),(0.00 0.00 0.00),(0.00 0.00 0.00),(0.00000 0.00000 0.00000 1.00000),0,30.4182
(0.00 0.00 0.00),(0.00000 0.00000 0.00000 1.00000),(0.00 0.00 0.00),(0.00 0.00 0.00),(0.00000 0.00000 0.00000 1.00000),0,30.46319
(0.00 0.00 0.00),(0.00000 0.00000 0.00000 1.00000),(0.00 0.00 0.00),(0.00 0.00 0.00),(0.00000 0.00000 0.00000 1.00000),0,30.50742
(0.00 0.00 0.00),(0.00000 0.00000 0.00000 1.00000),(0.00 0.00 0.00),(0.00 0.00 0.00),(0.00000 0.00000 0.00000 1.00000),0,30.55309
(0.00 0.00 0.00),(0.00000 0.00000 0.00000 1.00000),(0.00 0.00 0.00),(0.00 0.00 0.00),(0.00000 0.00000 0.00000 1.00000),0,30.59699
(0.00 0.00 0.00),(0.00000 0.00000 0.00000 1.00000),(0.00 0.00 0.00),(0.00 0.00 0.00),(0.00000 0.00000 0.00000 1.00000),0,30.64131
(0.00 0.00 0.00),(0.00000 0.00000 0.00000 1.00000),(0.00 0.00 0.00),(0.00 0.00 0.00),(0.00000 0.00000 0.00000 1.00000),0,30.68472
(0.00 0.00 0.00),(0.00000 0.00000 0.00000 1.00000),(0.00 0.00 0.00),(0.00 0.00 0.00),(0.00000 0.00000 0.00000 1.00000),0,30.73048
(0.00 0.00 0.00),(0.00000 0.00000 0.00000 1.00000),(0.00 0.00 0.00),(0.00 0.00 0.00),(0.00000 0.00000 0.00000 1.00000),0,30.77427
(0.00 0.00 0.00),(0.00000 0.00000 0.00000 1.00000),(0.00 0.00 0.00),(0.00 0.00 0.00),(0.00000 0.00000 0.00000 1.00000),0,30.81921
(0.00 0.00 0.00),(0.00000 0.00000 0.00000 1.00000),(0.00 0.00 0.00),(0.00 0.00 0.00),(0.00000 0.00000 0.00000 1.00000),0,30.86353
(0.00 0.00 0.00),(0.00000 0.00000 0.00000 1.00000),(0.00 0.00 0.00),(0.00 0.00 0.00),(0.00000 0.00000 0.00000 1.00000),0,30.90666
(0.00 0.00 0.00),(0.00000 0.00000 0.00000 1.00000),(0.00 0.00 0.00),(0.00 0.00 0.00),(0.00000 0.00000 0.00000 1.00000),0,30.95217
(0.00 0.00 0.00),(0.00000 0.00000 0.00000 1.00000),(0.00 0.00 0.00),(0.00 0.00 0.00),(0.00000 0.00000 0.00000 1.00000),0,30.997
(0.00 0.00 0.00),(0.00000 0.00000 0.00000 1.00000),(0.00 0.00 0.00),(0.00 0.00 0.00),(0.00000 0.00000 0.00000 1.00000),0,31.04032
(0.00 0.00 0.00),(0.00000 0.00000 0.00000 1.00000),(0.00 0.00 0.00),(0.00 0.00 0.00),(0.00000 0.00000 0.00000 1.00000),0,31.08451
(0.00 0.00 0.00),(0.00000 0.00000 0.00000 1.00000),(0.00 0.00 0.00),(0.00 0.00 0.00),(0.00000 0.00000 0.00000 1.00000),0,31.12938
(0.00 0.00 0.00),(0.00000 0.00000 0.00000 1.00000),(0.00 0.00 0.00),(0.00 0.00 0.00),(0.00000 0.00000 0.00000 1.00000),0,31.17364
(0.00 0.00 0.00),(0.00000 0.00000 0.00000 1.00000),(0.00 0.00 0.00),(0.00 0.00 0.00),(0.00000 0.00000 0.00000 1.00000),0,31.21954
(0.00 0.00 0.00),(0.00000 0.00000 0.00000 1.00000),(0.00 0.00 0.00),(0.00 0.00 0.00),(0.00000 0.00000 0.00000 1.00000),0,31.26297
(0.00 0.00 0.00),(0.00000 0.00000 0.00000 1.00000),(0.00 0.00 0.00),(0.00 0.00 0.00),(0.00000 0.00000 0.00000 1.00000),0,31.30751
(0.00 0.00 0.00),(0.00000 0.00000 0.00000 1.00000),(0.00 0.00 0.00),(0.00 0.00 0.00),(0.00000 0.00000 0.00000 1.00000),0,31.35192
(0.00 0.00 0.00),(0.00000 0.00000 0.00000 1.00000),(0.00 0.00 0.00),(0.00 0.00 0.00),(0.00000 0.00000 0.00000 1.00000),0,31.39626
(0.00 0.00 0.00),(0.00000 0.00000 0.00000 1.00000),(0.00 0.00 0.00),(0.00 0.00 0.00),(0.00000 0.00000 0.00000 1.00000),0,31.44041
(0.00 0.00 0.00),(0.00000 0.00000 0.00000 1.00000),(0.00 0.00 0.00),(0.00 0.00 0.00),(0.00000 0.00000 0.00000 1.00000),0,31.48557
(0.00 0.00 0.00),(0.00000 0.00000 0.00000 1.00000),(0.00 0.00 0.00),(0.00 0.00 0.00),(0.00000 0.00000 0.00000 1.00000),0,31.5301
(0.00 0.00 0.00),(0.00000 0.00000 0.00000 1.00000),(0.00 0.00 0.00),(0.00 0.00 0.00),(0.00000 0.00000 0.00000 1.00000),0,31.57408
(0.00 0.00 0.00),(0.00000 0.00000 0.00000 1.00000),(0.00 0.00 0.00),(0.00 0.00 0.00),(0.00000 0.00000 0.00000 1.00000),0,31.61936
(0.00 0.00 0.00),(0.00000 0.00000 0.00000 1.00000),(0.00 0.00 0.00),(0.00 0.00 0.00),(0.00000 0.00000 0.00000 1.00000),0,31.6638
(0.00 0.00 0.00),(0.00000 0.00000 0.00000 1.00000),(0.00 0.00 0.00),(0.00 0.00 0.00),(0.00000 0.00000 0.00000 1.00000),0,31.70916
(0.00 0.00 0.00),(0.00000 0.00000 0.00000 1.00000),(0.00 0.00 0.00),(0.00 0.00 0.00),(0.00000 0.00000 0.00000 1.00000),0,31.75224
(0.00 0.00 0.00),(0.00000 0.00000 0.00000 1.00000),(0.00 0.00 0.00),(0.00 0.00 0.00),(0.00000 0.00000 0.00000 1.00000),0,31.79627
(0.00 0.00 0.00),(0.00000 0.00000 0.00000 1.00000),(0.00 0.00 0.00),(0.00 0.00 0.00),(0.00000 0.00000 0.00000 1.00000),0,31.84152
(0.00 0.00 0.00),(0.00000 0.00000 0.00000 1.00000),(0.00 0.00 0.00),(0.00 0.00 0.00),(0.00000 0.00000 0.00000 1.00000),0,31.88584
(0.00 0.00 0.00),(0.00000 0.00000 0.00000 1.00000),(0.00 0.00 0.00),(0.00 0.00 0.00),(0.00000 0.00000 0.00000 1.00000),0,31.93004
(0.00 0.00 0.00),(0.00000 0.00000 0.00000 1.00000),(0.00 0.00 0.00),(0.00 0.00 0.00),(0.00000 0.00000 0.00000 1.00000),0,31.9748
(0.00 0.00 0.00),(0.00000 0.00000 0.00000 1.00000),(0.00 0.00 0.00),(0.00 0.00 0.00),(0.00000 0.00000 0.00000 1.00000),0,32.01933
(0.00 0.00 0.00),(0.00000 0.00000 0.00000 1.00000),(0.00 0.00 0.00),(0.00 0.00 0.00),(0.00000 0.00000 0.00000 1.00000),0,32.06295
(0.00 0.00 0.00),(0.00000 0.00000 0.00000 1.00000),(0.00 0.00 0.00),(0.00 0.00 0.00),(0.00000 0.00000 0.00000 1.00000),0,32.10717
(0.00 0.00 0.00),(0.00000 0.00000 0.00000 1.00000),(0.00 0.00 0.00),(0.00 0.00 0.00),(0.00000 0.00000 0.00000 1.00000),0,32.15044
(0.00 0.00 0.00),(0.00000 0.00000 0.00000 1.00000),(0.00 0.00 0.00),(0.00 0.00 0.00),(0.00000 0.00000 0.00000 1.00000),0,32.19571
(0.00 0.00 0.00),(0.00000 0.00000 0.00000 1.00000),(0.00 0.00 0.00),(0.00 0.00 0.00),(0.00000 0.00000 0.00000 1.00000),0,32.24067
(0.00 0.00 0.00),(0.00000 0.00000 0.00000 1.00000),(0.00 0.00 0.00),(0.00 0.00 0.00),(0.00000 0.00000 0.00000 1.00000),0,32.28523
(0.00 0.00 0.00),(0.00000 0.00000 0.00000 1.00000),(0.00 0.00 0.00),(0.00 0.00 0.00),(0.00000 0.00000 0.00000 1.00000),0,32.32895
(0.00 0.00 0.00),(0.00000 0.00000 0.00000 1.00000),(0.00 0.00 0.00),(0.00 0.00 0.00),(0.00000 0.00000 0.00000 1.00000),0,32.37347
(0.00 0.00 0.00),(0.00000 0.00000 0.00000 1.00000),(0.00 0.00 0.00),(0.00 0.00 0.00),(0.00000 0.00000 0.00000 1.00000),0,32.418
(0.00 0.00 0.00),(0.00000 0.00000 0.00000 1.00000),(0.00 0.00 0.00),(0.00 0.00 0.00),(0.00000 0.00000 0.00000 1.00000),0,32.46234
(0.00 0.00 0.00),(0.00000 0.00000 0.00000 1.00000),(0.00 0.00 0.00),(0.00 0.00 0.00),(0.00000 0.00000 0.00000 1.00000),0,32.50688
(0.00 0.00 0.00),(0.00000 0.00000 0.00000 1.00000),(0.00 0.00 0.00),(0.00 0.00 0.00),(0.00000 0.00000 0.00000 1.00000),0,32.55259
(0.00 0.00 0.00),(0.00000 0.00000 0.00000 1.00000),(0.00 0.00 0.00),(0.00 0.00 0.00),(0.00000 0.00000 0.00000 1.00000),0,32.5961
(0.00 0.00 0.00),(0.00000 0.00000 0.00000 1.00000),(0.00 0.00 0.00),(0.00 0.00 0.00),(0.00000 0.00000 0.00000 1.00000),0,32.6406
(0.00 0.00 0.00),(0.00000 0.00000 0.00000 1.00000),(0.00 0.00 0.00),(0.00 0.00 0.00),(0.00000 0.00000 0.00000 1.00000),0,32.68599
(0.00 0.00 0.00),(0.00000 0.00000 0.00000 1.00000),(0.00 0.00 0.00),(0.00 0.00 0.00),(0.00000 0.00000 0.00000 1.00000),0,32.7294
(0.00 0.00 0.00),(0.00000 0.00000 0.00000 1.00000),(0.00 0.00 0.00),(0.00 0.00 0.00),(0.00000 0.00000 0.00000 1.00000),0,32.77391
(0.00 0.00 0.00),(0.00000 0.00000 0.00000 1.00000),(0.00 0.00 0.00),(0.00 0.00 0.00),(0.00000 0.00000 0.00000 1.00000),0,32.81865
(0.00 0.00 0.00),(0.00000 0.00000 0.00000 1.00000),(0.00 0.00 0.00),(0.00 0.00 0.00),(0.00000 0.00000 0.00000 1.00000),0,32.86385
(0.00 0.00 0.00),(0.00000 0.00000 0.00000 1.00000),(0.00 0.00 0.00),(0.00 0.00 0.00),(0.00000 0.00000 0.00000 1.00000),0,32.9073
(0.00 0.00 0.00),(0.00000 0.00000 0.00000 1.00000),(0.00 0.00 0.00),(0.00 0.00 0.00),(0.00000 0.00000 0.00000 1.00000),0,32.95187
(0.00 0.00 0.00),(0.00000 0.00000 0.00000 1.00000),(0.00 0.00 0.00),(0.00 0.00 0.00),(0.00000 0.00000 0.00000 1.00000),0,32.99786
(0.00 0.00 0.00),(0.00000 0.00000 0.00000 1.00000),(0.00 0.00 0.00),(0.00 0.00 0.00),(0.00000 0.00000 0.00000 1.00000),0,33.04013
(0.00 0.00 0.00),(0.00000 0.00000 0.00000 1.00000),(0.00 0.00 0.00),(0.00 0.00 0.00),(0.00000 0.00000 0.00000 1.00000),0,33.0855
(0.00 0.00 0.00),(0.00000 0.00000 0.00000 1.00000),(0.00 0.00 0.00),(0.00 0.00 0.00),(0.00000 0.00000 0.00000 1.00000),0,33.1293
(0.00 0.00 0.00),(0.00000 0.00000 0.00000 1.00000),(0.00 0.00 0.00),(0.00 0.00 0.00),(0.00000 0.00000 0.00000 1.00000),0,33.17474
(0.00 0.00 0.00),(0.00000 0.00000 0.00000 1.00000),(0.00 0.00 0.00),(0.00 0.00 0.00),(0.00000 0.00000 0.00000 1.00000),0,33.21835
(0.00 0.00 0.00),(0.00000 0.00000 0.00000 1.00000),(0.00 0.00 0.00),(0.00 0.00 0.00),(0.00000 0.00000 0.00000 1.00000),0,33.2627
(0.00 0.00 0.00),(0.00000 0.00000 0.00000 1.00000),(0.00 0.00 0.00),(0.00 0.00 0.00),(0.00000 0.00000 0.00000 1.00000),0,33.30791
(0.00 0.00 0.00),(0.00000 0.00000 0.00000 1.00000),(0.00 0.00 0.00),(0.00 0.00 0.00),(0.00000 0.00000 0.00000 1.00000),0,33.35181
(0.00 0.00 0.00),(0.00000 0.00000 0.00000 1.00000),(0.00 0.00 0.00),(0.00 0.00 0.00),(0.00000 0.00000 0.00000 1.00000),0,33.39663
(0.00 0.00 0.00),(0.00000 0.00000 0.00000 1.00000),(0.00 0.00 0.00),(0.00 0.00 0.00),(0.00000 0.00000 0.00000 1.00000),0,33.4418
(0.00 0.00 0.00),(0.00000 0.00000 0.00000 1.00000),(0.00 0.00 0.00),(0.00 0.00 0.00),(0.00000 0.00000 0.00000 1.00000),0,33.48552
(0.00 0.00 0.00),(0.00000 0.00000 0.00000 1.00000),(0.00 0.00 0.00),(0.00 0.00 0.00),(0.00000 0.00000 0.00000 1.00000),0,33.5288
(0.00 0.00 0.00),(0.00000 0.00000 0.00000 1.00000),(0.00 0.00 0.00),(0.00 0.00 0.00),(0.00000 0.00000 0.00000 1.00000),0,33.5742
(0.00 0.00 0.00),(0.00000 0.00000 0.00000 1.00000),(0.00 0.00 0.00),(0.00 0.00 0.00),(0.00000 0.00000 0.00000 1.00000),0,33.61877
(0.00 0.00 0.00),(0.00000 0.00000 0.00000 1.00000),(0.00 0.00 0.00),(0.00 0.00 0.00),(0.00000 0.00000 0.00000 1.00000),0,33.66298
(0.00 0.00 0.00),(0.00000 0.00000 0.00000 1.00000),(0.00 0.00 0.00),(0.00 0.00 0.00),(0.00000 0.00000 0.00000 1.00000),0,33.70739
(0.00 0.00 0.00),(0.00000 0.00000 0.00000 1.00000),(0.00 0.00 0.00),(0.00 0.00 0.00),(0.00000 0.00000 0.00000 1.00000),0,33.75587
(0.00 0.00 0.00),(0.00000 0.00000 0.00000 1.00000),(0.00 0.00 0.00),(0.00 0.00 0.00),(0.00000 0.00000 0.00000 1.00000),0,33.80582
(0.00 0.00 0.00),(0.00000 0.00000 0.00000 1.00000),(0.00 0.00 0.00),(0.00 0.00 0.00),(0.00000 0.00000 0.00000 1.00000),0,33.85017
(0.00 0.00 0.00),(0.00000 0.00000 0.00000 1.00000),(0.00 0.00 0.00),(0.00 0.00 0.00),(0.00000 0.00000 0.00000 1.00000),0,33.89607
(0.00 0.00 0.00),(0.00000 0.00000 0.00000 1.00000),(0.00 0.00 0.00),(0.00 0.00 0.00),(0.00000 0.00000 0.00000 1.00000),0,33.94017
(0.00 0.00 0.00),(0.00000 0.00000 0.00000 1.00000),(0.00 0.00 0.00),(0.00 0.00 0.00),(0.00000 0.00000 0.00000 1.00000),0,33.98599
(0.00 0.00 0.00),(0.00000 0.00000 0.00000 1.00000),(0.00 0.00 0.00),(0.00 0.00 0.00),(0.00000 0.00000 0.00000 1.00000),0,34.02951
(0.00 0.00 0.00),(0.00000 0.00000 0.00000 1.00000),(0.00 0.00 0.00),(0.00 0.00 0.00),(0.00000 0.00000 0.00000 1.00000),0,34.07419
(0.00 0.00 0.00),(0.00000 0.00000 0.00000 1.00000),(0.00 0.00 0.00),(0.00 0.00 0.00),(0.00000 0.00000 0.00000 1.00000),0,34.11878
(0.00 0.00 0.00),(0.00000 0.00000 0.00000 1.00000),(0.00 0.00 0.00),(0.00 0.00 0.00),(0.00000 0.00000 0.00000 1.00000),0,34.16296
(0.00 0.00 0.00),(0.00000 0.00000 0.00000 1.00000),(0.00 0.00 0.00),(0.00 0.00 0.00),(0.00000 0.00000 0.00000 1.00000),0,34.20793
(0.00 0.00 0.00),(0.00000 0.00000 0.00000 1.00000),(0.00 0.00 0.00),(0.00 0.00 0.00),(0.00000 0.00000 0.00000 1.00000),0,34.25262
(0.00 0.00 0.00),(0.00000 0.00000 0.00000 1.00000),(0.00 0.00 0.00),(0.00 0.00 0.00),(0.00000 0.00000 0.00000 1.00000),0,34.29651
(0.00 0.00 0.00),(0.00000 0.00000 0.00000 1.00000),(0.00 0.00 0.00),(0.00 0.00 0.00),(0.00000 0.00000 0.00000 1.00000),0,34.34159
(0.00 0.00 0.00),(0.00000 0.00000 0.00000 1.00000),(0.00 0.00 0.00),(0.00 0.00 0.00),(0.00000 0.00000 0.00000 1.00000),0,34.38625
(0.00 0.00 0.00),(0.00000 0.00000 0.00000 1.00000),(0.00 0.00 0.00),(0.00 0.00 0.00),(0.00000 0.00000 0.00000 1.00000),0,34.43005
(0.00 0.00 0.00),(0.00000 0.00000 0.00000 1.00000),(0.00 0.00 0.00),(0.00 0.00 0.00),(0.00000 0.00000 0.00000 1.00000),0,34.47668
(0.00 0.00 0.00),(0.00000 0.00000 0.00000 1.00000),(0.00 0.00 0.00),(0.00 0.00 0.00),(0.00000 0.00000 0.00000 1.00000),0,34.5184
(0.00 0.00 0.00),(0.00000 0.00000 0.00000 1.00000),(0.00 0.00 0.00),(0.00 0.00 0.00),(0.00000 0.00000 0.00000 1.00000),0,34.5619
(0.00 0.00 0.00),(0.00000 0.00000 0.00000 1.00000),(0.00 0.00 0.00),(0.00 0.00 0.00),(0.00000 0.00000 0.00000 1.00000),0,34.60715
(0.00 0.00 0.00),(0.00000 0.00000 0.00000 1.00000),(0.00 0.00 0.00),(0.00 0.00 0.00),(0.00000 0.00000 0.00000 1.00000),0,34.65161
(0.00 0.00 0.00),(0.00000 0.00000 0.00000 1.00000),(0.00 0.00 0.00),(0.00 0.00 0.00),(0.00000 0.00000 0.00000 1.00000),0,34.69603
(0.00 0.00 0.00),(0.00000 0.00000 0.00000 1.00000),(0.00 0.00 0.00),(0.00 0.00 0.00),(0.00000 0.00000 0.00000 1.00000),0,34.74107
(0.00 0.00 0.00),(0.00000 0.00000 0.00000 1.00000),(0.00 0.00 0.00),(0.00 0.00 0.00),(0.00000 0.00000 0.00000 1.00000),0,34.78457
(0.00 0.00 0.00),(0.00000 0.00000 0.00000 1.00000),(0.00 0.00 0.00),(0.00 0.00 0.00),(0.00000 0.00000 0.00000 1.00000),0,34.8294
(0.00 0.00 0.00),(0.00000 0.00000 0.00000 1.00000),(0.00 0.00 0.00),(0.00 0.00 0.00),(0.00000 0.00000 0.00000 1.00000),0,34.87532
(0.00 0.00 0.00),(0.00000 0.00000 0.00000 1.00000),(0.00 0.00 0.00),(0.00 0.00 0.00),(0.00000 0.00000 0.00000 1.00000),0,34.91961
(0.00 0.00 0.00),(0.00000 0.00000 0.00000 1.00000),(0.00 0.00 0.00),(0.00 0.00 0.00),(0.00000 0.00000 0.00000 1.00000),0,34.96295
(0.00 0.00 0.00),(0.00000 0.00000 0.00000 1.00000),(0.00 0.00 0.00),(0.00 0.00 0.00),(0.00000 0.00000 0.00000 1.00000),0,35.00717
(0.00 0.00 0.00),(0.00000 0.00000 0.00000 1.00000),(0.00 0.00 0.00),(0.00 0.00 0.00),(0.00000 0.00000 0.00000 1.00000),0,35.05191
(0.00 0.00 0.00),(0.00000 0.00000 0.00000 1.00000),(0.00 0.00 0.00),(0.00 0.00 0.00),(0.00000 0.00000 0.00000 1.00000),0,35.09608
(0.00 0.00 0.00),(0.00000 0.00000 0.00000 1.00000),(0.00 0.00 0.00),(0.00 0.00 0.00),(0.00000 0.00000 0.00000 1.00000),0,35.14093
(0.00 0.00 0.00),(0.00000 0.00000 0.00000 1.00000),(0.00 0.00 0.00),(0.00 0.00 0.00),(0.00000 0.00000 0.00000 1.00000),0,35.18504
(0.00 0.00 0.00),(0.00000 0.00000 0.00000 1.00000),(0.00 0.00 0.00),(0.00 0.00 0.00),(0.00000 0.00000 0.00000 1.00000),0,35.22985
(0.00 0.00 0.00),(0.00000 0.00000 0.00000 1.00000),(0.00 0.00 0.00),(0.00 0.00 0.00),(0.00000 0.00000 0.00000 1.00000),0,35.27406
(0.00 0.00 0.00),(0.00000 0.00000 0.00000 1.00000),(0.00 0.00 0.00),(0.00 0.00 0.00),(0.00000 0.00000 0.00000 1.00000),0,35.31845
(0.00 0.00 0.00),(0.00000 0.00000 0.00000 1.00000),(0.00 0.00 0.00),(0.00 0.00 0.00),(0.00000 0.00000 0.00000 1.00000),0,35.36357
(0.00 0.00 0.00),(0.00000 0.00000 0.00000 1.00000),(0.00 0.00 0.00),(0.00 0.00 0.00),(0.00000 0.00000 0.00000 1.00000),0,35.41481
(0.00 0.00 0.00),(0.00000 0.00000 0.00000 1.00000),(0.00 0.00 0.00),(0.00 0.00 0.00),(0.00000 0.00000 0.00000 1.00000),0,35.45848
(0.00 0.00 0.00),(0.00000 0.00000 0.00000 1.00000),(0.00 0.00 0.00),(0.00 0.00 0.00),(0.00000 0.00000 0.00000 1.00000),0,35.50164
(0.00 0.00 0.00),(0.00000 0.00000 0.00000 1.00000),(0.00 0.00 0.00),(0.00 0.00 0.00),(0.00000 0.00000 0.00000 1.00000),0,35.54881
(0.00 0.00 0.00),(0.00000 0.00000 0.00000 1.00000),(0.00 0.00 0.00),(0.00 0.00 0.00),(0.00000 0.00000 0.00000 1.00000),0,35.59363
(0.00 0.00 0.00),(0.00000 0.00000 0.00000 1.00000),(0.00 0.00 0.00),(0.00 0.00 0.00),(0.00000 0.00000 0.00000 1.00000),0,35.63848
(0.00 0.00 0.00),(0.00000 0.00000 0.00000 1.00000),(0.00 0.00 0.00),(0.00 0.00 0.00),(0.00000 0.00000 0.00000 1.00000),0,35.68255
(0.00 0.00 0.00),(0.00000 0.00000 0.00000 1.00000),(0.00 0.00 0.00),(0.00 0.00 0.00),(0.00000 0.00000 0.00000 1.00000),0,35.72763
(0.00 0.00 0.00),(0.00000 0.00000 0.00000 1.00000),(0.00 0.00 0.00),(0.00 0.00 0.00),(0.00000 0.00000 0.00000 1.00000),0,35.7717
(0.00 0.00 0.00),(0.00000 0.00000 0.00000 1.00000),(0.00 0.00 0.00),(0.00 0.00 0.00),(0.00000 0.00000 0.00000 1.00000),0,35.81718
(0.00 0.00 0.00),(0.00000 0.00000 0.00000 1.00000),(0.00 0.00 0.00),(0.00 0.00 0.00),(0.00000 0.00000 0.00000 1.00000),0,35.86082
(0.00 0.00 0.00),(0.00000 0.00000 0.00000 1.00000),(0.00 0.00 0.00),(0.00 0.00 0.00),(0.00000 0.00000 0.00000 1.00000),0,35.90585
(0.00 0.00 0.00),(0.00000 0.00000 0.00000 1.00000),(0.00 0.00 0.00),(0.00 0.00 0.00),(0.00000 0.00000 0.00000 1.00000),0,35.94934
(0.00 0.00 0.00),(0.00000 0.00000 0.00000 1.00000),(0.00 0.00 0.00),(0.00 0.00 0.00),(0.00000 0.00000 0.00000 1.00000),0,35.99353
(0.00 0.00 0.00),(0.00000 0.00000 0.00000 1.00000),(0.00 0.00 0.00),(0.00 0.00 0.00),(0.00000 0.00000 0.00000 1.00000),0,36.03776
(0.00 0.00 0.00),(0.00000 0.00000 0.00000 1.00000),(0.00 0.00 0.00),(0.00 0.00 0.00),(0.00000 0.00000 0.00000 1.00000),0,36.08268
(0.00 0.00 0.00),(0.00000 0.00000 0.00000 1.00000),(0.00 0.00 0.00),(0.00 0.00 0.00),(0.00000 0.00000 0.00000 1.00000),0,36.12286
(0.00 0.00 0.00),(0.00000 0.00000 0.00000 1.00000),(0.00 0.00 0.00),(0.00 0.00 0.00),(0.00000 0.00000 0.00000 1.00000),0,36.16527
(0.00 0.00 0.00),(0.00000 0.00000 0.00000 1.00000),(0.00 0.00 0.00),(0.00 0.00 0.00),(0.00000 0.00000 0.00000 1.00000),0,36.21062
(0.00 0.00 0.00),(0.00000 0.00000 0.00000 1.00000),(0.00 0.00 0.00),(0.00 0.00 0.00),(0.00000 0.00000 0.00000 1.00000),0,36.25499
(0.00 0.00 0.00),(0.00000 0.00000 0.00000 1.00000),(0.00 0.00 0.00),(0.00 0.00 0.00),(0.00000 0.00000 0.00000 1.00000),0,36.3
(0.00 0.00 0.00),(0.00000 0.00000 0.00000 1.00000),(0.00 0.00 0.00),(0.00 0.00 0.00),(0.00000 0.00000 0.00000 1.00000),0,36.34587
(0.00 0.00 0.00),(0.00000 0.00000 0.00000 1.00000),(0.00 0.00 0.00),(0.00 0.00 0.00),(0.00000 0.00000 0.00000 1.00000),0,36.38898
(0.00 0.00 0.00),(0.00000 0.00000 0.00000 1.00000),(0.00 0.00 0.00),(0.00 0.00 0.00),(0.00000 0.00000 0.00000 1.00000),0,36.43119
(0.00 0.00 0.00),(0.00000 0.00000 0.00000 1.00000),(0.00 0.00 0.00),(0.00 0.00 0.00),(0.00000 0.00000 0.00000 1.00000),0,36.47646
(0.00 0.00 0.00),(0.00000 0.00000 0.00000 1.00000),(0.00 0.00 0.00),(0.00 0.00 0.00),(0.00000 0.00000 0.00000 1.00000),0,36.52062
(0.00 0.00 0.00),(0.00000 0.00000 0.00000 1.00000),(0.00 0.00 0.00),(0.00 0.00 0.00),(0.00000 0.00000 0.00000 1.00000),0,36.56678
(0.00 0.00 0.00),(0.00000 0.00000 0.00000 1.00000),(0.00 0.00 0.00),(0.00 0.00 0.00),(0.00000 0.00000 0.00000 1.00000),0,36.61107
(0.00 0.00 0.00),(0.00000 0.00000 0.00000 1.00000),(0.00 0.00 0.00),(0.00 0.00 0.00),(0.00000 0.00000 0.00000 1.00000),0,36.6558
(0.00 0.00 0.00),(0.00000 0.00000 0.00000 1.00000),(0.00 0.00 0.00),(0.00 0.00 0.00),(0.00000 0.00000 0.00000 1.00000),0,36.70017
(0.00 0.00 0.00),(0.00000 0.00000 0.00000 1.00000),(0.00 0.00 0.00),(0.00 0.00 0.00),(0.00000 0.00000 0.00000 1.00000),0,36.74347
(0.00 0.00 0.00),(0.00000 0.00000 0.00000 1.00000),(0.00 0.00 0.00),(0.00 0.00 0.00),(0.00000 0.00000 0.00000 1.00000),0,36.7888
(0.00 0.00 0.00),(0.00000 0.00000 0.00000 1.00000),(0.00 0.00 0.00),(0.00 0.00 0.00),(0.00000 0.00000 0.00000 1.00000),0,36.82909
(0.00 0.00 0.00),(0.00000 0.00000 0.00000 1.00000),(0.00 0.00 0.00),(0.00 0.00 0.00),(0.00000 0.00000 0.00000 1.00000),0,36.87401
(0.00 0.00 0.00),(0.00000 0.00000 0.00000 1.00000),(0.00 0.00 0.00),(0.00 0.00 0.00),(0.00000 0.00000 0.00000 1.00000),0,36.91856
(0.00 0.00 0.00),(0.00000 0.00000 0.00000 1.00000),(0.00 0.00 0.00),(0.00 0.00 0.00),(0.00000 0.00000 0.00000 1.00000),0,36.96639
(0.00 0.00 0.00),(0.00000 0.00000 0.00000 1.00000),(0.00 0.00 0.00),(0.00 0.00 0.00),(0.00000 0.00000 0.00000 1.00000),0,37.0104
(0.00 0.00 0.00),(0.00000 0.00000 0.00000 1.00000),(0.00 0.00 0.00),(0.00 0.00 0.00),(0.00000 0.00000 0.00000 1.00000),0,37.05566
(0.00 0.00 0.00),(0.00000 0.00000 0.00000 1.00000),(0.00 0.00 0.00),(0.00 0.00 0.00),(0.00000 0.00000 0.00000 1.00000),0,37.09911
(0.00 0.00 0.00),(0.00000 0.00000 0.00000 1.00000),(0.00 0.00 0.00),(0.00 0.00 0.00),(0.00000 0.00000 0.00000 1.00000),0,37.14407
(0.00 0.00 0.00),(0.00000 0.00000 0.00000 1.00000),(0.00 0.00 0.00),(0.00 0.00 0.00),(0.00000 0.00000 0.00000 1.00000),0,37.18718
(0.00 0.00 0.00),(0.00000 0.00000 0.00000 1.00000),(0.00 0.00 0.00),(0.00 0.00 0.00),(0.00000 0.00000 0.00000 1.00000),0,37.23214
(0.00 0.00 0.00),(0.00000 0.00000 0.00000 1.00000),(0.00 0.00 0.00),(0.00 0.00 0.00),(0.00000 0.00000 0.00000 1.00000),0,37.27797
(0.00 0.00 0.00),(0.00000 0.00000 0.00000 1.00000),(0.00 0.00 0.00),(0.00 0.00 0.00),(0.00000 0.00000 0.00000 1.00000),0,37.32355
(0.00 0.00 0.00),(0.00000 0.00000 0.00000 1.00000),(0.00 0.00 0.00),(0.00 0.00 0.00),(0.00000 0.00000 0.00000 1.00000),0,37.36807
(0.00 0.00 0.00),(0.00000 0.00000 0.00000 1.00000),(0.00 0.00 0.00),(0.00 0.00 0.00),(0.00000 0.00000 0.00000 1.00000),0,37.41297
(0.00 0.00 0.00),(0.00000 0.00000 0.00000 1.00000),(0.00 0.00 0.00),(0.00 0.00 0.00),(0.00000 0.00000 0.00000 1.00000),0,37.45566
(0.00 0.00 0.00),(0.00000 0.00000 0.00000 1.00000),(0.00 0.00 0.00),(0.00 0.00 0.00),(0.00000 0.00000 0.00000 1.00000),0,37.50066
(0.00 0.00 0.00),(0.00000 0.00000 0.00000 1.00000),(0.00 0.00 0.00),(0.00 0.00 0.00),(0.00000 0.00000 0.00000 1.00000),0,37.54505
(0.00 0.00 0.00),(0.00000 0.00000 0.00000 1.00000),(0.00 0.00 0.00),(0.00 0.00 0.00),(0.00000 0.00000 0.00000 1.00000),0,37.58915
(0.00 0.00 0.00),(0.00000 0.00000 0.00000 1.00000),(0.00 0.00 0.00),(0.00 0.00 0.00),(0.00000 0.00000 0.00000 1.00000),0,37.63426
(0.00 0.00 0.00),(0.00000 0.00000 0.00000 1.00000),(0.00 0.00 0.00),(0.00 0.00 0.00),(0.00000 0.00000 0.00000 1.00000),0,37.67936
(0.00 0.00 0.00),(0.00000 0.00000 0.00000 1.00000),(0.00 0.00 0.00),(0.00 0.00 0.00),(0.00000 0.00000 0.00000 1.00000),0,37.7248
(0.00 0.00 0.00),(0.00000 0.00000 0.00000 1.00000),(0.00 0.00 0.00),(0.00 0.00 0.00),(0.00000 0.00000 0.00000 1.00000),0,37.76992
(0.00 0.00 0.00),(0.00000 0.00000 0.00000 1.00000),(0.00 0.00 0.00),(0.00 0.00 0.00),(0.00000 0.00000 0.00000 1.00000),0,37.81432
(0.00 0.00 0.00),(0.00000 0.00000 0.00000 1.00000),(0.00 0.00 0.00),(0.00 0.00 0.00),(0.00000 0.00000 0.00000 1.00000),0,37.8591
(0.00 0.00 0.00),(0.00000 0.00000 0.00000 1.00000),(0.00 0.00 0.00),(0.00 0.00 0.00),(0.00000 0.00000 0.00000 1.00000),0,37.9043
(0.00 0.00 0.00),(0.00000 0.00000 0.00000 1.00000),(0.00 0.00 0.00),(0.00 0.00 0.00),(0.00000 0.00000 0.00000 1.00000),0,37.94796
(0.00 0.00 0.00),(0.00000 0.00000 0.00000 1.00000),(0.00 0.00 0.00),(0.00 0.00 0.00),(0.00000 0.00000 0.00000 1.00000),0,37.99176
(0.00 0.00 0.00),(0.00000 0.00000 0.00000 1.00000),(0.00 0.00 0.00),(0.00 0.00 0.00),(0.00000 0.00000 0.00000 1.00000),0,38.03702
(0.00 0.00 0.00),(0.00000 0.00000 0.00000 1.00000),(0.00 0.00 0.00),(0.00 0.00 0.00),(0.00000 0.00000 0.00000 1.00000),0,38.08123
(0.00 0.00 0.00),(0.00000 0.00000 0.00000 1.00000),(0.00 0.00 0.00),(0.00 0.00 0.00),(0.00000 0.00000 0.00000 1.00000),0,38.12586
(0.00 0.00 0.00),(0.00000 0.00000 0.00000 1.00000),(0.00 0.00 0.00),(0.00 0.00 0.00),(0.00000 0.00000 0.00000 1.00000),0,38.17045
(0.00 0.00 0.00),(0.00000 0.00000 0.00000 1.00000),(0.00 0.00 0.00),(0.00 0.00 0.00),(0.00000 0.00000 0.00000 1.00000),0,38.21493
(0.00 0.00 0.00),(0.00000 0.00000 0.00000 1.00000),(0.00 0.00 0.00),(0.00 0.00 0.00),(0.00000 0.00000 0.00000 1.00000),0,38.25881
(0.00 0.00 0.00),(0.00000 0.00000 0.00000 1.00000),(0.00 0.00 0.00),(0.00 0.00 0.00),(0.00000 0.00000 0.00000 1.00000),0,38.30416
(0.00 0.00 0.00),(0.00000 0.00000 0.00000 1.00000),(0.00 0.00 0.00),(0.00 0.00 0.00),(0.00000 0.00000 0.00000 1.00000),0,38.34758
(0.00 0.00 0.00),(0.00000 0.00000 0.00000 1.00000),(0.00 0.00 0.00),(0.00 0.00 0.00),(0.00000 0.00000 0.00000 1.00000),0,38.39317
(0.00 0.00 0.00),(0.00000 0.00000 0.00000 1.00000),(0.00 0.00 0.00),(0.00 0.00 0.00),(0.00000 0.00000 0.00000 1.00000),0,38.43613
(0.00 0.00 0.00),(0.00000 0.00000 0.00000 1.00000),(0.00 0.00 0.00),(0.00 0.00 0.00),(0.00000 0.00000 0.00000 1.00000),0,38.48155
(0.00 0.00 0.00),(0.00000 0.00000 0.00000 1.00000),(0.00 0.00 0.00),(0.00 0.00 0.00),(0.00000 0.00000 0.00000 1.00000),0,38.52631
(0.00 0.00 0.00),(0.00000 0.00000 0.00000 1.00000),(0.00 0.00 0.00),(0.00 0.00 0.00),(0.00000 0.00000 0.00000 1.00000),0,38.57052
(0.00 0.00 0.00),(0.00000 0.00000 0.00000 1.00000),(0.00 0.00 0.00),(0.00 0.00 0.00),(0.00000 0.00000 0.00000 1.00000),0,38.61411
(0.00 0.00 0.00),(0.00000 0.00000 0.00000 1.00000),(0.00 0.00 0.00),(0.00 0.00 0.00),(0.00000 0.00000 0.00000 1.00000),0,38.65876
(0.00 0.00 0.00),(0.00000 0.00000 0.00000 1.00000),(0.00 0.00 0.00),(0.00 0.00 0.00),(0.00000 0.00000 0.00000 1.00000),0,38.70316
(0.00 0.00 0.00),(0.00000 0.00000 0.00000 1.00000),(0.00 0.00 0.00),(0.00 0.00 0.00),(0.00000 0.00000 0.00000 1.00000),0,38.74924
(0.00 0.00 0.00),(0.00000 0.00000 0.00000 1.00000),(0.00 0.00 0.00),(0.00 0.00 0.00),(0.00000 0.00000 0.00000 1.00000),0,38.79222
(0.00 0.00 0.00),(0.00000 0.00000 0.00000 1.00000),(0.00 0.00 0.00),(0.00 0.00 0.00),(0.00000 0.00000 0.00000 1.00000),0,38.83561
(0.00 0.00 0.00),(0.00000 0.00000 0.00000 1.00000),(0.00 0.00 0.00),(0.00 0.00 0.00),(0.00000 0.00000 0.00000 1.00000),0,38.88105
(0.00 0.00 0.00),(0.00000 0.00000 0.00000 1.00000),(0.00 0.00 0.00),(0.00 0.00 0.00),(0.00000 0.00000 0.00000 1.00000),0,38.9252
(0.00 0.00 0.00),(0.00000 0.00000 0.00000 1.00000),(0.00 0.00 0.00),(0.00 0.00 0.00),(0.00000 0.00000 0.00000 1.00000),0,38.97011
(0.00 0.00 0.00),(0.00000 0.00000 0.00000 1.00000),(0.00 0.00 0.00),(0.00 0.00 0.00),(0.00000 0.00000 0.00000 1.00000),0,39.0147
(0.00 0.00 0.00),(0.00000 0.00000 0.00000 1.00000),(0.00 0.00 0.00),(0.00 0.00 0.00),(0.00000 0.00000 0.00000 1.00000),0,39.0583
(0.00 0.00 0.00),(0.00000 0.00000 0.00000 1.00000),(0.00 0.00 0.00),(0.00 0.00 0.00),(0.00000 0.00000 0.00000 1.00000),0,39.10234
(0.00 0.00 0.00),(0.00000 0.00000 0.00000 1.00000),(0.00 0.00 0.00),(0.00 0.00 0.00),(0.00000 0.00000 0.00000 1.00000),0,39.14769
(0.00 0.00 0.00),(0.00000 0.00000 0.00000 1.00000),(0.00 0.00 0.00),(0.00 0.00 0.00),(0.00000 0.00000 0.00000 1.00000),0,39.19278
(0.00 0.00 0.00),(0.00000 0.00000 0.00000 1.00000),(0.00 0.00 0.00),(0.00 0.00 0.00),(0.00000 0.00000 0.00000 1.00000),0,39.23729
(0.00 0.00 0.00),(0.00000 0.00000 0.00000 1.00000),(0.00 0.00 0.00),(0.00 0.00 0.00),(0.00000 0.00000 0.00000 1.00000),0,39.28063
(0.00 0.00 0.00),(0.00000 0.00000 0.00000 1.00000),(0.00 0.00 0.00),(0.00 0.00 0.00),(0.00000 0.00000 0.00000 1.00000),0,39.32532
(0.00 0.00 0.00),(0.00000 0.00000 0.00000 1.00000),(0.00 0.00 0.00),(0.00 0.00 0.00),(0.00000 0.00000 0.00000 1.00000),0,39.36927
(0.00 0.00 0.00),(0.00000 0.00000 0.00000 1.00000),(0.00 0.00 0.00),(0.00 0.00 0.00),(0.00000 0.00000 0.00000 1.00000),0,39.414
(0.00 0.00 0.00),(0.00000 0.00000 0.00000 1.00000),(0.00 0.00 0.00),(0.00 0.00 0.00),(0.00000 0.00000 0.00000 1.00000),0,39.4591
(0.00 0.00 0.00),(0.00000 0.00000 0.00000 1.00000),(0.00 0.00 0.00),(0.00 0.00 0.00),(0.00000 0.00000 0.00000 1.00000),0,39.5041
(0.00 0.00 0.00),(0.00000 0.00000 0.00000 1.00000),(0.00 0.00 0.00),(0.00 0.00 0.00),(0.00000 0.00000 0.00000 1.00000),0,39.54816
(0.00 0.00 0.00),(0.00000 0.00000 0.00000 1.00000),(0.00 0.00 0.00),(0.00 0.00 0.00),(0.00000 0.00000 0.00000 1.00000),0,39.59297
(0.00 0.00 0.00),(0.00000 0.00000 0.00000 1.00000),(0.00 0.00 0.00),(0.00 0.00 0.00),(0.00000 0.00000 0.00000 1.00000),0,39.63757
(0.00 0.00 0.00),(0.00000 0.00000 0.00000 1.00000),(0.00 0.00 0.00),(0.00 0.00 0.00),(0.00000 0.00000 0.00000 1.00000),0,39.68201
(0.00 0.00 0.00),(0.00000 0.00000 0.00000 1.00000),(0.00 0.00 0.00),(0.00 0.00 0.00),(0.00000 0.00000 0.00000 1.00000),0,39.72629
(0.00 0.00 0.00),(0.00000 0.00000 0.00000 1.00000),(0.00 0.00 0.00),(0.00 0.00 0.00),(0.00000 0.00000 0.00000 1.00000),0,39.77082
(0.00 0.00 0.00),(0.00000 0.00000 0.00000 1.00000),(0.00 0.00 0.00),(0.00 0.00 0.00),(0.00000 0.00000 0.00000 1.00000),0,39.81641
(0.00 0.00 0.00),(0.00000 0.00000 0.00000 1.00000),(0.00 0.00 0.00),(0.00 0.00 0.00),(0.00000 0.00000 0.00000 1.00000),0,39.85987
(0.00 0.00 0.00),(0.00000 0.00000 0.00000 1.00000),(0.00 0.00 0.00),(0.00 0.00 0.00),(0.00000 0.00000 0.00000 1.00000),0,39.90355
(0.00 0.00 0.00),(0.00000 0.00000 0.00000 1.00000),(0.00 0.00 0.00),(0.00 0.00 0.00),(0.00000 0.00000 0.00000 1.00000),0,39.94869
(0.00 0.00 0.00),(0.00000 0.00000 0.00000 1.00000),(0.00 0.00 0.00),(0.00 0.00 0.00),(0.00000 0.00000 0.00000 1.00000),0,39.99345
(0.00 0.00 0.00),(0.00000 0.00000 0.00000 1.00000),(0.00 0.00 0.00),(0.00 0.00 0.00),(0.00000 0.00000 0.00000 1.00000),0,40.03835
(0.00 0.00 0.00),(0.00000 0.00000 0.00000 1.00000),(0.00 0.00 0.00),(0.00 0.00 0.00),(0.00000 0.00000 0.00000 1.00000),0,40.08257
(0.00 0.00 0.00),(0.00000 0.00000 0.00000 1.00000),(0.00 0.00 0.00),(0.00 0.00 0.00),(0.00000 0.00000 0.00000 1.00000),0,40.12747
(0.00 0.00 0.00),(0.00000 0.00000 0.00000 1.00000),(0.00 0.00 0.00),(0.00 0.00 0.00),(0.00000 0.00000 0.00000 1.00000),0,40.17174
(0.00 0.00 0.00),(0.00000 0.00000 0.00000 1.00000),(0.00 0.00 0.00),(0.00 0.00 0.00),(0.00000 0.00000 0.00000 1.00000),0,40.21724
(0.00 0.00 0.00),(0.00000 0.00000 0.00000 1.00000),(0.00 0.00 0.00),(0.00 0.00 0.00),(0.00000 0.00000 0.00000 1.00000),0,40.26097
(0.00 0.00 0.00),(0.00000 0.00000 0.00000 1.00000),(0.00 0.00 0.00),(0.00 0.00 0.00),(0.00000 0.00000 0.00000 1.00000),0,40.30543
(0.00 0.00 0.00),(0.00000 0.00000 0.00000 1.00000),(0.00 0.00 0.00),(0.00 0.00 0.00),(0.00000 0.00000 0.00000 1.00000),0,40.34972
(0.00 0.00 0.00),(0.00000 0.00000 0.00000 1.00000),(0.00 0.00 0.00),(0.00 0.00 0.00),(0.00000 0.00000 0.00000 1.00000),0,40.39472
(0.00 0.00 0.00),(0.00000 0.00000 0.00000 1.00000),(0.00 0.00 0.00),(0.00 0.00 0.00),(0.00000 0.00000 0.00000 1.00000),0,40.43913
(0.00 0.00 0.00),(0.00000 0.00000 0.00000 1.00000),(0.00 0.00 0.00),(0.00 0.00 0.00),(0.00000 0.00000 0.00000 1.00000),0,40.48315
(0.00 0.00 0.00),(0.00000 0.00000 0.00000 1.00000),(0.00 0.00 0.00),(0.00 0.00 0.00),(0.00000 0.00000 0.00000 1.00000),0,40.5271
(0.00 0.00 0.00),(0.00000 0.00000 0.00000 1.00000),(0.00 0.00 0.00),(0.00 0.00 0.00),(0.00000 0.00000 0.00000 1.00000),0,40.57331
(0.00 0.00 0.00),(0.00000 0.00000 0.00000 1.00000),(0.00 0.00 0.00),(0.00 0.00 0.00),(0.00000 0.00000 0.00000 1.00000),0,40.61672
(0.00 0.00 0.00),(0.00000 0.00000 0.00000 1.00000),(0.00 0.00 0.00),(0.00 0.00 0.00),(0.00000 0.00000 0.00000 1.00000),0,40.66013
(0.00 0.00 0.00),(0.00000 0.00000 0.00000 1.00000),(0.00 0.00 0.00),(0.00 0.00 0.00),(0.00000 0.00000 0.00000 1.00000),0,40.70449
(0.00 0.00 0.00),(0.00000 0.00000 0.00000 1.00000),(0.00 0.00 0.00),(0.00 0.00 0.00),(0.00000 0.00000 0.00000 1.00000),0,40.74876
(0.00 0.00 0.00),(0.00000 0.00000 0.00000 1.00000),(0.00 0.00 0.00),(0.00 0.00 0.00),(0.00000 0.00000 0.00000 1.00000),0,40.7933
(0.00 0.00 0.00),(0.00000 0.00000 0.00000 1.00000),(0.00 0.00 0.00),(0.00 0.00 0.00),(0.00000 0.00000 0.00000 1.00000),0,40.83754
(0.00 0.00 0.00),(0.00000 0.00000 0.00000 1.00000),(0.00 0.00 0.00),(0.00 0.00 0.00),(0.00000 0.00000 0.00000 1.00000),0,40.88241
(0.00 0.00 0.00),(0.00000 0.00000 0.00000 1.00000),(0.00 0.00 0.00),(0.00 0.00 0.00),(0.00000 0.00000 0.00000 1.00000),0,40.92746
(0.00 0.00 0.00),(0.00000 0.00000 0.00000 1.00000),(0.00 0.00 0.00),(0.00 0.00 0.00),(0.00000 0.00000 0.00000 1.00000),0,40.97126
(0.00 0.00 0.00),(0.00000 0.00000 0.00000 1.00000),(0.00 0.00 0.00),(0.00 0.00 0.00),(0.00000 0.00000 0.00000 1.00000),0,41.01498
(0.00 0.00 0.00),(0.00000 0.00000 0.00000 1.00000),(0.00 0.00 0.00),(0.00 0.00 0.00),(0.00000 0.00000 0.00000 1.00000),0,41.0608
(0.00 0.00 0.00),(0.00000 0.00000 0.00000 1.00000),(0.00 0.00 0.00),(0.00 0.00 0.00),(0.00000 0.00000 0.00000 1.00000),0,41.10467
(0.00 0.00 0.00),(0.00000 0.00000 0.00000 1.00000),(0.00 0.00 0.00),(0.00 0.00 0.00),(0.00000 0.00000 0.00000 1.00000),0,41.14882
(0.00 0.00 0.00),(0.00000 0.00000 0.00000 1.00000),(0.00 0.00 0.00),(0.00 0.00 0.00),(0.00000 0.00000 0.00000 1.00000),0,41.19416
(0.00 0.00 0.00),(0.00000 0.00000 0.00000 1.00000),(0.00 0.00 0.00),(0.00 0.00 0.00),(0.00000 0.00000 0.00000 1.00000),0,41.23834
(0.00 0.00 0.00),(0.00000 0.00000 0.00000 1.00000),(0.00 0.00 0.00),(0.00 0.00 0.00),(0.00000 0.00000 0.00000 1.00000),0,41.28212
(0.00 0.00 0.00),(0.00000 0.00000 0.00000 1.00000),(0.00 0.00 0.00),(0.00 0.00 0.00),(0.00000 0.00000 0.00000 1.00000),0,41.32672
(0.00 0.00 0.00),(0.00000 0.00000 0.00000 1.00000),(0.00 0.00 0.00),(0.00 0.00 0.00),(0.00000 0.00000 0.00000 1.00000),0,41.37082
(0.00 0.00 0.00),(0.00000 0.00000 0.00000 1.00000),(0.00 0.00 0.00),(0.00 0.00 0.00),(0.00000 0.00000 0.00000 1.00000),0,41.41491
(0.00 0.00 0.00),(0.00000 0.00000 0.00000 1.00000),(0.00 0.00 0.00),(0.00 0.00 0.00),(0.00000 0.00000 0.00000 1.00000),0,41.45937
(0.00 0.00 0.00),(0.00000 0.00000 0.00000 1.00000),(0.00 0.00 0.00),(0.00 0.00 0.00),(0.00000 0.00000 0.00000 1.00000),0,41.50489
(0.00 0.00 0.00),(0.00000 0.00000 0.00000 1.00000),(0.00 0.00 0.00),(0.00 0.00 0.00),(0.00000 0.00000 0.00000 1.00000),0,41.54855
(0.00 0.00 0.00),(0.00000 0.00000 0.00000 1.00000),(0.00 0.00 0.00),(0.00 0.00 0.00),(0.00000 0.00000 0.00000 1.00000),0,41.59318
(0.00 0.00 0.00),(0.00000 0.00000 0.00000 1.00000),(0.00 0.00 0.00),(0.00 0.00 0.00),(0.00000 0.00000 0.00000 1.00000),0,41.63687
(0.00 0.00 0.00),(0.00000 0.00000 0.00000 1.00000),(0.00 0.00 0.00),(0.00 0.00 0.00),(0.00000 0.00000 0.00000 1.00000),0,41.68206
(0.00 0.00 0.00),(0.00000 0.00000 0.00000 1.00000),(0.00 0.00 0.00),(0.00 0.00 0.00),(0.00000 0.00000 0.00000 1.00000),0,41.72641
(0.00 0.00 0.00),(0.00000 0.00000 0.00000 1.00000),(0.00 0.00 0.00),(0.00 0.00 0.00),(0.00000 0.00000 0.00000 1.00000),0,41.77148
(0.00 0.00 0.00),(0.00000 0.00000 0.00000 1.00000),(0.00 0.00 0.00),(0.00 0.00 0.00),(0.00000 0.00000 0.00000 1.00000),0,41.81548
(0.00 0.00 0.00),(0.00000 0.00000 0.00000 1.00000),(0.00 0.00 0.00),(0.00 0.00 0.00),(0.00000 0.00000 0.00000 1.00000),0,41.86008
(0.00 0.00 0.00),(0.00000 0.00000 0.00000 1.00000),(0.00 0.00 0.00),(0.00 0.00 0.00),(0.00000 0.00000 0.00000 1.00000),0,41.90472
(0.00 0.00 0.00),(0.00000 0.00000 0.00000 1.00000),(0.00 0.00 0.00),(0.00 0.00 0.00),(0.00000 0.00000 0.00000 1.00000),0,41.94907
(0.00 0.00 0.00),(0.00000 0.00000 0.00000 1.00000),(0.00 0.00 0.00),(0.00 0.00 0.00),(0.00000 0.00000 0.00000 1.00000),0,41.99366
(0.00 0.00 0.00),(0.00000 0.00000 0.00000 1.00000),(0.00 0.00 0.00),(0.00 0.00 0.00),(0.00000 0.00000 0.00000 1.00000),0,42.03864
(0.00 0.00 0.00),(0.00000 0.00000 0.00000 1.00000),(0.00 0.00 0.00),(0.00 0.00 0.00),(0.00000 0.00000 0.00000 1.00000),0,42.08245
(0.00 0.00 0.00),(0.00000 0.00000 0.00000 1.00000),(0.00 0.00 0.00),(0.00 0.00 0.00),(0.00000 0.00000 0.00000 1.00000),0,42.12704
(0.00 0.00 0.00),(0.00000 0.00000 0.00000 1.00000),(0.00 0.00 0.00),(0.00 0.00 0.00),(0.00000 0.00000 0.00000 1.00000),0,42.17211
(0.00 0.00 0.00),(0.00000 0.00000 0.00000 1.00000),(0.00 0.00 0.00),(0.00 0.00 0.00),(0.00000 0.00000 0.00000 1.00000),0,42.21694
(0.00 0.00 0.00),(0.00000 0.00000 0.00000 1.00000),(0.00 0.00 0.00),(0.00 0.00 0.00),(0.00000 0.00000 0.00000 1.00000),0,42.26147
(0.00 0.00 0.00),(0.00000 0.00000 0.00000 1.00000),(0.00 0.00 0.00),(0.00 0.00 0.00),(0.00000 0.00000 0.00000 1.00000),0,42.30552
(0.00 0.00 0.00),(0.00000 0.00000 0.00000 1.00000),(0.00 0.00 0.00),(0.00 0.00 0.00),(0.00000 0.00000 0.00000 1.00000),0,42.34955
(0.00 0.00 0.00),(0.00000 0.00000 0.00000 1.00000),(0.00 0.00 0.00),(0.00 0.00 0.00),(0.00000 0.00000 0.00000 1.00000),0,42.39407
(0.00 0.00 0.00),(0.00000 0.00000 0.00000 1.00000),(0.00 0.00 0.00),(0.00 0.00 0.00),(0.00000 0.00000 0.00000 1.00000),0,42.4386
(0.00 0.00 0.00),(0.00000 0.00000 0.00000 1.00000),(0.00 0.00 0.00),(0.00 0.00 0.00),(0.00000 0.00000 0.00000 1.00000),0,42.48373
(0.00 0.00 0.00),(0.00000 0.00000 0.00000 1.00000),(0.00 0.00 0.00),(0.00 0.00 0.00),(0.00000 0.00000 0.00000 1.00000),0,42.527
(0.00 0.00 0.00),(0.00000 0.00000 0.00000 1.00000),(0.00 0.00 0.00),(0.00 0.00 0.00),(0.00000 0.00000 0.00000 1.00000),0,42.57205
(0.00 0.00 0.00),(0.00000 0.00000 0.00000 1.00000),(0.00 0.00 0.00),(0.00 0.00 0.00),(0.00000 0.00000 0.00000 1.00000),0,42.61693
(0.00 0.00 0.00),(0.00000 0.00000 0.00000 1.00000),(0.00 0.00 0.00),(0.00 0.00 0.00),(0.00000 0.00000 0.00000 1.00000),0,42.66153
(0.00 0.00 0.00),(0.00000 0.00000 0.00000 1.00000),(0.00 0.00 0.00),(0.00 0.00 0.00),(0.00000 0.00000 0.00000 1.00000),0,42.70563
(0.00 0.00 0.00),(0.00000 0.00000 0.00000 1.00000),(0.00 0.00 0.00),(0.00 0.00 0.00),(0.00000 0.00000 0.00000 1.00000),0,42.74926
(0.00 0.00 0.00),(0.00000 0.00000 0.00000 1.00000),(0.00 0.00 0.00),(0.00 0.00 0.00),(0.00000 0.00000 0.00000 1.00000),0,42.79388
(0.00 0.00 0.00),(0.00000 0.00000 0.00000 1.00000),(0.00 0.00 0.00),(0.00 0.00 0.00),(0.00000 0.00000 0.00000 1.00000),0,42.83938
(0.00 0.00 0.00),(0.00000 0.00000 0.00000 1.00000),(0.00 0.00 0.00),(0.00 0.00 0.00),(0.00000 0.00000 0.00000 1.00000),0,42.88383
(0.00 0.00 0.00),(0.00000 0.00000 0.00000 1.00000),(0.00 0.00 0.00),(0.00 0.00 0.00),(0.00000 0.00000 0.00000 1.00000),0,42.92804
(0.00 0.00 0.00),(0.00000 0.00000 0.00000 1.00000),(0.00 0.00 0.00),(0.00 0.00 0.00),(0.00000 0.00000 0.00000 1.00000),0,42.97216
(0.00 0.00 0.00),(0.00000 0.00000 0.00000 1.00000),(0.00 0.00 0.00),(0.00 0.00 0.00),(0.00000 0.00000 0.00000 1.00000),0,43.01693
(0.00 0.00 0.00),(0.00000 0.00000 0.00000 1.00000),(0.00 0.00 0.00),(0.00 0.00 0.00),(0.00000 0.00000 0.00000 1.00000),0,43.06086
(0.00 0.00 0.00),(0.00000 0.00000 0.00000 1.00000),(0.00 0.00 0.00),(0.00 0.00 0.00),(0.00000 0.00000 0.00000 1.00000),0,43.10657
(0.00 0.00 0.00),(0.00000 0.00000 0.00000 1.00000),(0.00 0.00 0.00),(0.00 0.00 0.00),(0.00000 0.00000 0.00000 1.00000),0,43.15047
(0.00 0.00 0.00),(0.00000 0.00000 0.00000 1.00000),(0.00 0.00 0.00),(0.00 0.00 0.00),(0.00000 0.00000 0.00000 1.00000),0,43.1954
(0.00 0.00 0.00),(0.00000 0.00000 0.00000 1.00000),(0.00 0.00 0.00),(0.00 0.00 0.00),(0.00000 0.00000 0.00000 1.00000),0,43.23948
(0.00 0.00 0.00),(0.00000 0.00000 0.00000 1.00000),(0.00 0.00 0.00),(0.00 0.00 0.00),(0.00000 0.00000 0.00000 1.00000),0,43.28427
(0.00 0.00 0.00),(0.00000 0.00000 0.00000 1.00000),(0.00 0.00 0.00),(0.00 0.00 0.00),(0.00000 0.00000 0.00000 1.00000),0,43.3281
(0.00 0.00 0.00),(0.00000 0.00000 0.00000 1.00000),(0.00 0.00 0.00),(0.00 0.00 0.00),(0.00000 0.00000 0.00000 1.00000),0,43.37235
(0.00 0.00 0.00),(0.00000 0.00000 0.00000 1.00000),(0.00 0.00 0.00),(0.00 0.00 0.00),(0.00000 0.00000 0.00000 1.00000),0,43.41718
(0.00 0.00 0.00),(0.00000 0.00000 0.00000 1.00000),(0.00 0.00 0.00),(0.00 0.00 0.00),(0.00000 0.00000 0.00000 1.00000),0,43.46141
(0.00 0.00 0.00),(0.00000 0.00000 0.00000 1.00000),(0.00 0.00 0.00),(0.00 0.00 0.00),(0.00000 0.00000 0.00000 1.00000),0,43.50637
(0.00 0.00 0.00),(0.00000 0.00000 0.00000 1.00000),(0.00 0.00 0.00),(0.00 0.00 0.00),(0.00000 0.00000 0.00000 1.00000),0,43.55046
(0.00 0.00 0.00),(0.00000 0.00000 0.00000 1.00000),(0.00 0.00 0.00),(0.00 0.00 0.00),(0.00000 0.00000 0.00000 1.00000),0,43.59511
(0.00 0.00 0.00),(0.00000 0.00000 0.00000 1.00000),(0.00 0.00 0.00),(0.00 0.00 0.00),(0.00000 0.00000 0.00000 1.00000),0,43.63922
(0.00 0.00 0.00),(0.00000 0.00000 0.00000 1.00000),(0.00 0.00 0.00),(0.00 0.00 0.00),(0.00000 0.00000 0.00000 1.00000),0,43.68431
(0.00 0.00 0.00),(0.00000 0.00000 0.00000 1.00000),(0.00 0.00 0.00),(0.00 0.00 0.00),(0.00000 0.00000 0.00000 1.00000),0,43.72803
(0.00 0.00 0.00),(0.00000 0.00000 0.00000 1.00000),(0.00 0.00 0.00),(0.00 0.00 0.00),(0.00000 0.00000 0.00000 1.00000),0,43.77239
(0.00 0.00 0.00),(0.00000 0.00000 0.00000 1.00000),(0.00 0.00 0.00),(0.00 0.00 0.00),(0.00000 0.00000 0.00000 1.00000),0,43.81688
(0.00 0.00 0.00),(0.00000 0.00000 0.00000 1.00000),(0.00 0.00 0.00),(0.00 0.00 0.00),(0.00000 0.00000 0.00000 1.00000),0,43.86132
(0.00 0.00 0.00),(0.00000 0.00000 0.00000 1.00000),(0.00 0.00 0.00),(0.00 0.00 0.00),(0.00000 0.00000 0.00000 1.00000),0,43.90576
(0.00 0.00 0.00),(0.00000 0.00000 0.00000 1.00000),(0.00 0.00 0.00),(0.00 0.00 0.00),(0.00000 0.00000 0.00000 1.00000),0,43.94746
(0.00 0.00 0.00),(0.00000 0.00000 0.00000 1.00000),(0.00 0.00 0.00),(0.00 0.00 0.00),(0.00000 0.00000 0.00000 1.00000),0,43.99207
(0.00 0.00 0.00),(0.00000 0.00000 0.00000 1.00000),(0.00 0.00 0.00),(0.00 0.00 0.00),(0.00000 0.00000 0.00000 1.00000),0,44.03657
(0.00 0.00 0.00),(0.00000 0.00000 0.00000 1.00000),(0.00 0.00 0.00),(0.00 0.00 0.00),(0.00000 0.00000 0.00000 1.00000),0,44.08162
(0.00 0.00 0.00),(0.00000 0.00000 0.00000 1.00000),(0.00 0.00 0.00),(0.00 0.00 0.00),(0.00000 0.00000 0.00000 1.00000),0,44.12623
(0.00 0.00 0.00),(0.00000 0.00000 0.00000 1.00000),(0.00 0.00 0.00),(0.00 0.00 0.00),(0.00000 0.00000 0.00000 1.00000),0,44.17179
(0.00 0.00 0.00),(0.00000 0.00000 0.00000 1.00000),(0.00 0.00 0.00),(0.00 0.00 0.00),(0.00000 0.00000 0.00000 1.00000),0,44.21633
(0.00 0.00 0.00),(0.00000 0.00000 0.00000 1.00000),(0.00 0.00 0.00),(0.00 0.00 0.00),(0.00000 0.00000 0.00000 1.00000),0,44.26166
(0.00 0.00 0.00),(0.00000 0.00000 0.00000 1.00000),(0.00 0.00 0.00),(0.00 0.00 0.00),(0.00000 0.00000 0.00000 1.00000),0,44.30642
(0.00 0.00 0.00),(0.00000 0.00000 0.00000 1.00000),(0.00 0.00 0.00),(0.00 0.00 0.00),(0.00000 0.00000 0.00000 1.00000),0,44.35095
(0.00 0.00 0.00),(0.00000 0.00000 0.00000 1.00000),(0.00 0.00 0.00),(0.00 0.00 0.00),(0.00000 0.00000 0.00000 1.00000),0,44.39436
(0.00 0.00 0.00),(0.00000 0.00000 0.00000 1.00000),(0.00 0.00 0.00),(0.00 0.00 0.00),(0.00000 0.00000 0.00000 1.00000),0,44.43917
(0.00 0.00 0.00),(0.00000 0.00000 0.00000 1.00000),(0.00 0.00 0.00),(0.00 0.00 0.00),(0.00000 0.00000 0.00000 1.00000),0,44.48369
(0.00 0.00 0.00),(0.00000 0.00000 0.00000 1.00000),(0.00 0.00 0.00),(0.00 0.00 0.00),(0.00000 0.00000 0.00000 1.00000),0,44.52798
(0.00 0.00 0.00),(0.00000 0.00000 0.00000 1.00000),(0.00 0.00 0.00),(0.00 0.00 0.00),(0.00000 0.00000 0.00000 1.00000),0,44.57273
(0.00 0.00 0.00),(0.00000 0.00000 0.00000 1.00000),(0.00 0.00 0.00),(0.00 0.00 0.00),(0.00000 0.00000 0.00000 1.00000),0,44.61667
(0.00 0.00 0.00),(0.00000 0.00000 0.00000 1.00000),(0.00 0.00 0.00),(0.00 0.00 0.00),(0.00000 0.00000 0.00000 1.00000),0,44.66129
(0.00 0.00 0.00),(0.00000 0.00000 0.00000 1.00000),(0.00 0.00 0.00),(0.00 0.00 0.00),(0.00000 0.00000 0.00000 1.00000),0,44.70646
(0.00 0.00 0.00),(0.00000 0.00000 0.00000 1.00000),(0.00 0.00 0.00),(0.00 0.00 0.00),(0.00000 0.00000 0.00000 1.00000),0,44.74958
(0.00 0.00 0.00),(0.00000 0.00000 0.00000 1.00000),(0.00 0.00 0.00),(0.00 0.00 0.00),(0.00000 0.00000 0.00000 1.00000),0,44.79484
(0.00 0.00 0.00),(0.00000 0.00000 0.00000 1.00000),(0.00 0.00 0.00),(0.00 0.00 0.00),(0.00000 0.00000 0.00000 1.00000),0,44.83973
(0.00 0.00 0.00),(0.00000 0.00000 0.00000 1.00000),(0.00 0.00 0.00),(0.00 0.00 0.00),(0.00000 0.00000 0.00000 1.00000),0,44.88409
(0.00 0.00 0.00),(0.00000 0.00000 0.00000 1.00000),(0.00 0.00 0.00),(0.00 0.00 0.00),(0.00000 0.00000 0.00000 1.00000),0,44.92797
(0.00 0.00 0.00),(0.00000 0.00000 0.00000 1.00000),(0.00 0.00 0.00),(0.00 0.00 0.00),(0.00000 0.00000 0.00000 1.00000),0,44.97194
(0.00 0.00 0.00),(0.00000 0.00000 0.00000 1.00000),(0.00 0.00 0.00),(0.00 0.00 0.00),(0.00000 0.00000 0.00000 1.00000),0,45.0169
(0.00 0.00 0.00),(0.00000 0.00000 0.00000 1.00000),(0.00 0.00 0.00),(0.00 0.00 0.00),(0.00000 0.00000 0.00000 1.00000),0,45.06152
(0.00 0.00 0.00),(0.00000 0.00000 0.00000 1.00000),(0.00 0.00 0.00),(0.00 0.00 0.00),(0.00000 0.00000 0.00000 1.00000),0,45.10638
(0.00 0.00 0.00),(0.00000 0.00000 0.00000 1.00000),(0.00 0.00 0.00),(0.00 0.00 0.00),(0.00000 0.00000 0.00000 1.00000),0,45.15063
(0.00 0.00 0.00),(0.00000 0.00000 0.00000 1.00000),(0.00 0.00 0.00),(0.00 0.00 0.00),(0.00000 0.00000 0.00000 1.00000),0,45.19542
(0.00 0.00 0.00),(0.00000 0.00000 0.00000 1.00000),(0.00 0.00 0.00),(0.00 0.00 0.00),(0.00000 0.00000 0.00000 1.00000),0,45.23951
(0.00 0.00 0.00),(0.00000 0.00000 0.00000 1.00000),(0.00 0.00 0.00),(0.00 0.00 0.00),(0.00000 0.00000 0.00000 1.00000),0,45.28338
(0.00 0.00 0.00),(0.00000 0.00000 0.00000 1.00000),(0.00 0.00 0.00),(0.00 0.00 0.00),(0.00000 0.00000 0.00000 1.00000),0,45.32832
(0.00 0.00 0.00),(0.00000 0.00000 0.00000 1.00000),(0.00 0.00 0.00),(0.00 0.00 0.00),(0.00000 0.00000 0.00000 1.00000),0,45.37251
(0.00 0.00 0.00),(0.00000 0.00000 0.00000 1.00000),(0.00 0.00 0.00),(0.00 0.00 0.00),(0.00000 0.00000 0.00000 1.00000),0,45.41735
(0.00 0.00 0.00),(0.00000 0.00000 0.00000 1.00000),(0.00 0.00 0.00),(0.00 0.00 0.00),(0.00000 0.00000 0.00000 1.00000),0,45.46171
(0.00 0.00 0.00),(0.00000 0.00000 0.00000 1.00000),(0.00 0.00 0.00),(0.00 0.00 0.00),(0.00000 0.00000 0.00000 1.00000),0,45.5064
(0.00 0.00 0.00),(0.00000 0.00000 0.00000 1.00000),(0.00 0.00 0.00),(0.00 0.00 0.00),(0.00000 0.00000 0.00000 1.00000),0,45.55101
(0.00 0.00 0.00),(0.00000 0.00000 0.00000 1.00000),(0.00 0.00 0.00),(0.00 0.00 0.00),(0.00000 0.00000 0.00000 1.00000),0,45.59535
(0.00 0.00 0.00),(0.00000 0.00000 0.00000 1.00000),(0.00 0.00 0.00),(0.00 0.00 0.00),(0.00000 0.00000 0.00000 1.00000),0,45.63975
(0.00 0.00 0.00),(0.00000 0.00000 0.00000 1.00000),(0.00 0.00 0.00),(0.00 0.00 0.00),(0.00000 0.00000 0.00000 1.00000),0,45.68493
(0.00 0.00 0.00),(0.00000 0.00000 0.00000 1.00000),(0.00 0.00 0.00),(0.00 0.00 0.00),(0.00000 0.00000 0.00000 1.00000),0,45.72881
(0.00 0.00 0.00),(0.00000 0.00000 0.00000 1.00000),(0.00 0.00 0.00),(0.00 0.00 0.00),(0.00000 0.00000 0.00000 1.00000),0,45.7718
(0.00 0.00 0.00),(0.00000 0.00000 0.00000 1.00000),(0.00 0.00 0.00),(0.00 0.00 0.00),(0.00000 0.00000 0.00000 1.00000),0,45.81717
(0.00 0.00 0.00),(0.00000 0.00000 0.00000 1.00000),(0.00 0.00 0.00),(0.00 0.00 0.00),(0.00000 0.00000 0.00000 1.00000),0,45.86176
(0.00 0.00 0.00),(0.00000 0.00000 0.00000 1.00000),(0.00 0.00 0.00),(0.00 0.00 0.00),(0.00000 0.00000 0.00000 1.00000),0,45.90684
(0.00 0.00 0.00),(0.00000 0.00000 0.00000 1.00000),(0.00 0.00 0.00),(0.00 0.00 0.00),(0.00000 0.00000 0.00000 1.00000),0,45.95088
(0.00 0.00 0.00),(0.00000 0.00000 0.00000 1.00000),(0.00 0.00 0.00),(0.00 0.00 0.00),(0.00000 0.00000 0.00000 1.00000),0,45.99577
(0.00 0.00 0.00),(0.00000 0.00000 0.00000 1.00000),(0.00 0.00 0.00),(0.00 0.00 0.00),(0.00000 0.00000 0.00000 1.00000),0,46.04029
(0.00 0.00 0.00),(0.00000 0.00000 0.00000 1.00000),(0.00 0.00 0.00),(0.00 0.00 0.00),(0.00000 0.00000 0.00000 1.00000),0,46.08447
(0.00 0.00 0.00),(0.00000 0.00000 0.00000 1.00000),(0.00 0.00 0.00),(0.00 0.00 0.00),(0.00000 0.00000 0.00000 1.00000),0,46.12877
(0.00 0.00 0.00),(0.00000 0.00000 0.00000 1.00000),(0.00 0.00 0.00),(0.00 0.00 0.00),(0.00000 0.00000 0.00000 1.00000),0,46.17305
(0.00 0.00 0.00),(0.00000 0.00000 0.00000 1.00000),(0.00 0.00 0.00),(0.00 0.00 0.00),(0.00000 0.00000 0.00000 1.00000),0,46.21802
(0.00 0.00 0.00),(0.00000 0.00000 0.00000 1.00000),(0.00 0.00 0.00),(0.00 0.00 0.00),(0.00000 0.00000 0.00000 1.00000),0,46.26142
(0.00 0.00 0.00),(0.00000 0.00000 0.00000 1.00000),(0.00 0.00 0.00),(0.00 0.00 0.00),(0.00000 0.00000 0.00000 1.00000),0,46.30658
(0.00 0.00 0.00),(0.00000 0.00000 0.00000 1.00000),(0.00 0.00 0.00),(0.00 0.00 0.00),(0.00000 0.00000 0.00000 1.00000),0,46.35041
(0.00 0.00 0.00),(0.00000 0.00000 0.00000 1.00000),(0.00 0.00 0.00),(0.00 0.00 0.00),(0.00000 0.00000 0.00000 1.00000),0,46.39469
(0.00 0.00 0.00),(0.00000 0.00000 0.00000 1.00000),(0.00 0.00 0.00),(0.00 0.00 0.00),(0.00000 0.00000 0.00000 1.00000),0,46.43938
(0.00 0.00 0.00),(0.00000 0.00000 0.00000 1.00000),(0.00 0.00 0.00),(0.00 0.00 0.00),(0.00000 0.00000 0.00000 1.00000),0,46.48372
(0.00 0.00 0.00),(0.00000 0.00000 0.00000 1.00000),(0.00 0.00 0.00),(0.00 0.00 0.00),(0.00000 0.00000 0.00000 1.00000),0,46.52847
(0.00 0.00 0.00),(0.00000 0.00000 0.00000 1.00000),(0.00 0.00 0.00),(0.00 0.00 0.00),(0.00000 0.00000 0.00000 1.00000),0,46.57302
(0.00 0.00 0.00),(0.00000 0.00000 0.00000 1.00000),(0.00 0.00 0.00),(0.00 0.00 0.00),(0.00000 0.00000 0.00000 1.00000),0,46.61939
(0.00 0.00 0.00),(0.00000 0.00000 0.00000 1.00000),(0.00 0.00 0.00),(0.00 0.00 0.00),(0.00000 0.00000 0.00000 1.00000),0,46.66177
(0.00 0.00 0.00),(0.00000 0.00000 0.00000 1.00000),(0.00 0.00 0.00),(0.00 0.00 0.00),(0.00000 0.00000 0.00000 1.00000),0,46.70602
(0.00 0.00 0.00),(0.00000 0.00000 0.00000 1.00000),(0.00 0.00 0.00),(0.00 0.00 0.00),(0.00000 0.00000 0.00000 1.00000),0,46.75055
(0.00 0.00 0.00),(0.00000 0.00000 0.00000 1.00000),(0.00 0.00 0.00),(0.00 0.00 0.00),(0.00000 0.00000 0.00000 1.00000),0,46.79532
(0.00 0.00 0.00),(0.00000 0.00000 0.00000 1.00000),(0.00 0.00 0.00),(0.00 0.00 0.00),(0.00000 0.00000 0.00000 1.00000),0,46.86115
