<?xml version="1.0"?>
<COLLADA xmlns="http://www.collada.org/2005/11/COLLADASchema" version="1.4.1">
	<asset>
		<contributor>
			<author>Assimp</author>
			<authoring_tool>Assimp Exporter</authoring_tool>
		</contributor>
		<created>2024-05-18T18:44:47</created>
		<modified>2024-05-18T18:44:47</modified>
		<unit name="meter" meter="0.010000" />
		<up_axis>Y_UP</up_axis>
	</asset>
	<library_effects>
		<effect id="Tree-fx" name="Tree">
			<profile_COMMON>
				<technique sid="standard">
					<phong>
						<diffuse>
							<color sid="diffuse">0.060499   0.015187   0.006597   1.000000</color>
						</diffuse>
					</phong>
				</technique>
			</profile_COMMON>
		</effect>
	</library_effects>
	<library_materials>
		<material id="Tree" name="Tree">
			<instance_effect url="#Tree-fx"/>
		</material>
	</library_materials>
	<library_geometries>
		<geometry id="meshId0" name="meshId0_name" >
			<mesh>
				<source id="meshId0-positions" name="meshId0-positions">
					<float_array id="meshId0-positions-array" count="6120"> 
						-36.928871 318.293640 -33.952827 -27.177404 320.734375 -32.423714 -21.845373 314.805481 -30.677263 -18.354650 303.843231 -29.726349 -10.246740 281.950653 -32.777538 -27.590981 284.395691 -34.562885 -22.148596 348.303650 44.142387 -23.438637 337.533813 45.783981 -13.131507 306.292419 45.066463 -4.202795 316.554871 34.068649 -22.148596 348.303650 44.142387 3.077480 345.352997 37.841606 8.394375 361.067291 34.394909 -0.908849 366.829590 40.249874 -96.258476 332.873077 21.279114 -90.544121 319.612396 20.209723 -83.844894 320.469727 32.514404 -90.823410 330.496124 33.148403 -4.202795 316.554871 34.068649 -18.095375 380.997711 35.159500 -33.867836 362.178864 37.779144 10.715176 238.354767 64.847771 -7.034338 230.840363 72.397987 -5.232580 204.363098 85.508423 14.201505 214.041824 80.339241 19.023285 236.621140 66.355217 19.235199 222.287338 76.006882 21.869474 230.801239 76.051521 21.474457 239.005600 67.817360 0.159511 266.094360 52.302784 -14.613441 262.201416 58.233143 30.975922 239.292084 60.301216 27.484711 239.034378 52.381203 13.468106 21.479340 111.044960 -2.969396 0.922974 87.261337 22.104340 6.754303 80.878662 22.984221 28.845383 103.804916 26.108734 53.633743 112.570503 13.229825 51.883194 118.841530 -20.772619 44.967224 123.158600 -15.675941 18.609909 112.437576 -87.158859 213.349457 17.241203 -78.011406 215.930176 37.050205 -65.518234 249.324524 33.592083 -71.981125 247.470108 21.319805 -74.274101 247.113632 9.757066 -85.039726 218.662918 8.187005 -76.274582 181.843140 50.936069 -93.840508 181.574905 37.066502 -69.023605 121.159760 98.705605 -64.602219 154.775116 89.779442 -77.666679 152.287476 79.733391 -76.264328 111.013077 90.839470 -54.087566 123.644905 105.147705 -48.729656 160.163757 97.780243 -69.021164 122.977737 117.044632 -63.060223 118.920685 110.376984 -72.502121 120.557716 106.280128 -75.770187 126.822388 113.786240 30.834808 215.019272 77.603325 14.201505 214.041824 80.339241 32.555511 205.104324 79.721672 41.624851 225.373688 56.336243 40.065277 214.024490 67.981354 
						45.307465 202.739944 69.632469 47.025242 219.569275 49.257542 -53.915199 104.380417 108.447647 -25.859535 109.798630 121.061211 -28.431801 135.274948 114.830246 -90.876152 371.815613 4.322463 -84.091476 379.341980 4.648602 -84.226730 378.825653 -7.171254 -85.190605 374.251862 -12.370893 -90.876152 371.815613 4.322463 -90.938652 363.398499 16.042267 -83.791679 368.121002 27.398823 -82.533859 371.596710 21.579430 -84.667648 379.163971 20.147160 -84.091476 379.341980 4.648602 -82.261398 364.965973 -21.802132 -92.702324 361.595245 -8.265321 -94.640312 356.201141 5.569191 -90.938652 363.398499 16.042267 -30.614906 328.145142 -35.234367 -42.865887 328.365173 -38.172726 -49.329262 339.186127 -38.833679 -32.924477 341.113953 -32.786964 2.115566 308.949921 -13.240774 -5.385412 303.531891 -22.823586 -6.954259 312.810394 -24.126877 0.784023 315.339752 -13.294014 -59.263348 353.473297 -38.534737 -50.076820 353.316711 -33.636322 -43.830730 354.324738 -27.388165 -33.224281 349.007507 -25.502937 131.050156 49.188202 12.407489 117.520363 26.742004 5.270224 107.335785 38.700821 -17.194393 134.372910 72.514282 -4.402960 105.490570 167.765900 -5.115795 107.158051 164.401367 1.928524 116.028175 131.603683 -14.397553 98.505226 154.963623 -30.524448 31.500336 227.321762 -44.911945 39.132172 219.654602 -44.272438 30.667328 189.999939 -72.903961 23.326996 210.959976 -62.091869 5.484707 249.828003 -43.258114 11.547696 246.814240 -45.599026 8.857754 239.589874 -53.145603 4.025234 229.642090 -56.325073 -0.493809 254.444809 -42.296978 4.757656 278.023468 -26.461807 21.451996 249.259674 -33.002113 -21.794592 164.538940 -77.487495 -16.961096 144.534805 -89.156036 -22.598303 140.878479 -92.743538 -29.674965 164.527710 -80.164848 7.123868 136.131973 -103.615410 16.176603 151.585541 -97.241013 27.609711 149.131744 -99.076103 15.248868 125.928841 -112.936272 -76.614426 157.900604 -79.277000 -74.234055 126.926163 -78.093285 -82.704277 128.748688 -64.804153 -74.313644 160.484070 -67.922447 -64.455734 157.319336 -92.973160 -71.669113 155.726074 -90.527313 
						-72.293137 158.603027 -92.647644 -64.501144 161.700134 -94.206535 -76.017746 163.898514 -76.429062 -66.374680 171.809540 -72.610039 -70.117355 173.577606 -80.497009 -77.312180 168.371933 -81.247726 -60.656906 168.249481 -90.318604 -64.501144 161.700134 -94.206535 -73.772148 173.417786 -102.160072 -70.513351 176.753159 -99.010841 -52.216473 179.177673 -75.561569 -40.829262 178.333099 -79.132996 -45.055336 160.963959 -85.848022 -63.061687 173.072021 -85.104843 -72.062180 180.394714 -94.568810 -77.495285 180.223267 -91.383812 -80.617851 119.696075 115.762016 -76.610039 114.202713 106.857841 -72.564133 107.816940 112.318283 -77.216972 115.432129 120.206718 -82.660812 125.532463 122.499680 -80.300468 121.701576 126.767883 -75.280930 126.611839 125.931412 -78.611992 129.493134 121.825043 -80.300468 121.701576 126.767883 -77.216972 115.432129 120.206718 -70.113937 118.310028 120.501945 -137.462082 368.883423 62.803841 -135.034836 370.284363 68.914780 -126.716484 372.824982 61.965111 -129.551437 370.570221 57.986034 -129.597336 365.331329 55.182785 -138.319992 362.457458 60.002930 -131.669113 364.751099 71.490555 -121.198418 367.959900 67.038513 -102.999687 372.762848 50.870098 -107.570000 366.739899 48.202557 -102.987961 363.082062 45.527390 -97.956223 367.844849 46.208683 -98.473312 374.520233 38.025906 -108.209648 384.658478 43.717564 -111.246269 371.979584 59.215351 -112.013359 364.798950 54.795952 -96.682304 362.686798 25.603792 -89.404961 366.461060 34.837994 -83.791679 368.121002 27.398823 -90.938652 363.398499 16.042267 -104.552910 371.521088 32.320705 -97.386887 352.990997 16.031261 -99.274101 348.473083 26.291883 -102.173508 357.887573 31.513033 -94.640312 356.201141 5.569191 -92.744797 361.486145 42.736671 -84.839035 353.110657 43.876034 -76.787277 359.087250 42.056499 -67.875168 363.219604 38.664841 -67.875168 363.219604 38.664841 -72.895195 372.377686 35.202648 -50.144207 364.216064 39.987411 -59.252117 376.498810 39.040600 -75.528496 311.662476 30.517981 -69.636887 315.308289 41.681061 -76.591476 324.313629 42.472279 -83.844894 320.469727 32.514404 
						-52.835613 325.417908 47.206032 -41.934731 329.501526 47.856304 -49.184246 338.695709 45.755527 -58.031414 335.811615 47.706795 -67.175461 330.434509 46.025604 -60.504070 320.281006 46.157944 -54.551922 348.775177 44.538441 -119.728691 380.792725 55.557598 -72.211594 414.849304 20.019094 -70.770676 409.148254 27.758675 -64.964035 409.159973 18.893282 -70.646164 409.066315 10.881880 -77.525566 416.766968 14.789469 -71.038742 426.260254 13.042009 -65.099777 424.659241 23.185816 -80.553879 405.661194 10.920429 -80.334641 391.973846 3.926529 -67.687668 398.225067 0.854783 -86.004074 390.236420 19.647081 -72.380539 394.250397 -7.947168 -80.688644 392.282288 -3.910751 -80.927910 383.800415 -1.563067 -56.458172 404.373047 20.395241 -60.890301 404.434998 27.559092 -54.911297 395.497162 33.531807 -49.983070 399.422241 22.161047 -51.597332 399.687408 8.799755 -58.890301 405.049652 11.683712 -38.568035 375.846191 26.386858 -42.344398 389.597534 23.860863 -48.760906 382.745148 35.381104 -47.006023 371.635101 32.382385 -38.234047 381.173645 8.804373 -43.381512 390.789185 8.613980 -38.568035 375.846191 26.386858 -26.154945 388.539398 20.170660 -27.046547 388.090393 3.221895 -38.234047 381.173645 8.804373 50.053074 18.088776 -94.881943 56.382664 24.517715 -76.961090 37.110199 6.323044 -80.000587 33.637543 14.536133 -94.718483 25.652679 33.998154 -110.833313 61.982273 40.161209 -104.080551 -87.083183 209.204666 -9.340311 -80.873215 207.805389 -21.642191 -86.756027 185.337234 -29.135151 -91.041672 199.476440 -9.990371 -84.557297 216.917175 -2.359612 -74.409843 224.840012 -18.573690 -77.703300 159.476700 -83.789658 -78.528984 161.350159 -86.824677 -80.238449 378.346558 -20.678017 -72.865402 371.738953 -26.016834 -80.795090 354.823486 -23.095039 -89.410324 353.315460 -13.728613 -68.616867 356.663666 -28.253187 -63.024578 362.159149 -29.097639 -68.654953 356.213684 -33.694466 -68.616867 356.663666 -28.253187 -65.986984 365.770325 -33.587849 -69.360031 362.179077 -38.556515 -44.184731 363.005707 -16.429777 -37.303871 361.025482 -14.949287 
						-38.034832 353.578735 -18.492804 -48.200844 360.835724 -21.034983 -38.643227 370.371948 -8.703287 -38.224281 377.735229 -1.532672 -26.252113 383.281586 -8.327269 -25.761879 375.092346 -16.737646 -38.643227 370.371948 -8.703287 -47.206219 371.195313 -18.089945 -24.912270 363.871094 -22.063644 -37.303871 361.025482 -14.949287 -80.927910 383.800415 -1.563067 -85.464523 382.997864 -18.424206 -58.133465 394.203888 -1.777176 -61.930340 391.243530 -9.471395 32.555511 205.104324 79.721672 20.373869 177.640045 97.498306 38.457371 181.801056 88.856903 -1.528966 220.053818 -62.621006 -24.441565 230.152008 -56.219238 -20.382483 252.447876 -44.863789 11.295742 381.150116 -0.166797 -8.469885 385.451996 -9.674048 -11.039710 392.266479 0.574136 7.564297 392.291351 2.603450 8.020840 372.251007 -8.335325 -6.287755 376.302582 -17.049658 11.295742 381.150116 -0.166797 18.523283 374.703430 16.958967 15.390470 368.944153 19.854082 12.724942 370.618469 2.576429 -66.299492 14.486404 25.646807 -59.801434 4.551834 19.335699 -38.418129 8.823868 36.002285 -53.555340 18.689072 37.371029 -66.299492 14.486404 25.646807 -86.853203 29.328049 26.358814 -98.310234 22.334366 9.093037 -59.801434 4.551834 19.335699 -33.787270 -0.704178 15.133321 -21.283850 0.143250 28.083424 -15.510901 -7.102646 1.714749 3.203945 -8.066849 14.710552 -57.175457 -1.999252 4.747496 -79.951340 36.215179 -68.646843 -71.175957 30.373032 -77.389450 -67.473312 16.320206 -64.456741 -76.846848 30.960876 -54.141880 -83.051926 58.270462 -54.168362 -80.085625 59.001114 -73.074783 -69.877121 58.667755 -86.150208 81.966652 9.277542 6.800436 74.343109 8.251495 -9.033317 89.844086 21.971634 -17.010298 99.141937 14.579315 6.348622 100.383644 7.805710 39.640224 76.154640 -1.951859 24.224731 81.966652 9.277542 6.800436 76.154640 -1.951859 24.224731 57.699070 -3.218735 5.669640 74.343109 8.251495 -9.033317 129.449081 74.481827 -29.782780 120.356789 124.769402 9.918863 113.264015 39.812225 -32.678722 89.711281 18.012421 -31.339613 
						91.381683 9.545914 -47.490265 114.877296 35.735046 -54.449780 119.011086 77.086960 -54.969082 103.795753 40.632385 -72.204391 104.910980 78.023529 -72.087456 97.094582 115.805801 -65.805565 110.827492 118.505661 -45.450726 85.957863 76.417160 -72.479805 78.422707 111.539963 -75.630188 66.888519 145.860107 -71.043472 86.744476 150.791260 -54.878407 54.303562 182.859253 -62.798977 74.335297 180.276154 -44.879131 86.305511 178.153366 -24.781778 51.745453 215.483185 -35.489025 68.180519 208.442749 -13.121657 33.165863 244.057266 -25.881348 40.537933 244.797318 -10.744411 15.604825 276.177490 -16.232176 21.185394 275.977722 -5.198332 23.441742 274.210083 9.794035 42.471531 242.827881 7.477243 70.683929 206.369507 4.676914 21.411469 272.535095 25.520885 39.404633 241.560135 28.071463 63.219578 205.960510 24.628773 9.542813 311.192627 6.945608 5.149258 313.690277 21.103430 13.289395 269.253418 40.050808 27.418303 243.665909 48.233013 5.727871 312.214447 -5.771103 44.807468 146.438889 -90.024422 62.338230 111.992142 -91.533279 38.405125 110.655396 -109.703697 17.006681 180.518738 -84.114105 -5.285802 126.548027 -97.681541 -7.939611 141.440170 -86.652512 5.391933 145.044434 -92.068176 -4.173497 114.425217 -107.528954 14.862638 107.084549 -115.468437 58.668308 71.710236 -108.369019 24.000824 65.492920 -116.048912 6.707364 63.231354 -112.133713 -1.403477 104.625748 -109.627556 -10.202796 61.813507 -107.993820 -14.855140 101.737503 -108.383026 -28.438637 99.274857 -107.946075 -23.286293 59.658447 -110.011391 -49.328777 58.633316 -96.074219 -50.314613 93.553604 -97.564369 -54.680828 129.284531 -93.179504 -35.889812 138.676392 -95.376930 -67.130051 92.649094 -89.714027 -66.746750 126.497688 -88.425880 -70.018234 151.790039 -88.648964 -61.734539 152.467331 -91.742043 -76.908379 93.490799 -77.524384 -85.669113 92.990875 -59.374859 -83.880547 60.987198 -35.924065 -92.205742 95.278961 -40.140778 -91.932304 131.777649 -46.373882 -102.959648 98.548065 -26.210020 -101.961113 135.574585 -28.971327 -94.078293 165.526794 -30.621038 
						-84.111008 163.705856 -51.833584 -76.572922 183.215591 -51.040142 -63.985516 179.403809 -65.762993 -69.595383 207.175110 -43.127537 -53.899090 207.308289 -58.630833 -63.034344 228.370010 -34.815994 -46.445477 231.113907 -48.604763 -37.641273 205.791306 -67.126579 -24.136879 195.578033 -70.292946 -55.965984 252.466248 -27.737217 -41.356121 253.695221 -39.037476 -53.937176 282.762146 -21.917538 -41.468914 283.682098 -31.365967 -61.472332 315.725800 -22.668447 -50.991863 315.249939 -32.481888 -57.787762 326.937683 -34.287281 -67.173996 331.460785 -24.033043 -68.450363 345.488373 -24.805738 -63.557781 339.376160 -34.443325 -68.485031 331.534851 -15.678843 -73.406425 344.466309 -20.511951 -62.244793 282.153534 -11.592868 -66.083176 318.851898 -9.585788 -67.048019 281.632294 -0.711542 -76.185226 313.691254 -3.545395 -66.086105 249.686188 -15.129456 -72.519211 247.888535 -2.379967 -68.518234 281.818024 8.123213 -67.078300 282.586853 18.532627 -80.619316 309.635651 17.772139 -81.497246 310.980438 6.084106 -92.114433 322.970367 5.761383 -96.549484 337.704437 7.460227 -91.056808 341.937744 -4.589368 -86.237480 326.086334 -6.807081 -84.287773 344.738525 -14.656528 -76.006516 331.277344 -14.205739 -66.083176 318.851898 -9.585788 -76.185226 313.691254 -3.545395 -97.448898 346.327393 35.669304 -80.619316 309.635651 17.772139 -75.528496 311.662476 30.517981 -83.064629 333.726410 42.296959 -90.823410 330.496124 33.148403 -75.528496 311.662476 30.517981 -62.741867 284.223511 28.794811 -75.528496 311.662476 30.517981 -62.741867 284.223511 28.794811 -58.103680 286.647125 41.865082 -69.636887 315.308289 41.681061 -50.203777 289.516418 47.861191 -60.504070 320.281006 46.157944 -65.518234 249.324524 33.592083 -56.368328 252.710693 45.087677 -46.723309 256.113098 56.532993 -37.895180 258.488098 61.592865 -42.535805 293.094666 51.966034 -62.437176 219.076630 54.153393 -48.705730 222.670380 65.678703 -36.139809 225.952118 72.345207 -22.276525 228.678055 74.471252 -27.392738 260.454559 62.172291 -55.129070 192.614426 77.477753 -39.754070 197.400818 84.893845 
						-23.283363 201.174011 88.640549 -28.826332 166.766220 103.523872 -6.407384 169.124634 98.289665 -3.079259 138.849060 108.814552 12.647794 142.350311 106.882965 28.346039 145.996918 105.764580 50.284519 153.977081 97.710281 21.249847 113.898514 111.384560 38.153656 117.033920 109.339874 61.021828 124.376770 105.047020 86.882172 130.347153 83.205643 70.400238 159.382248 79.619514 46.143890 84.983765 112.041855 68.644379 89.870438 111.917061 96.711761 93.799423 86.891205 124.793800 92.118362 43.964329 106.684914 131.537720 46.820896 69.725433 55.046677 116.511696 99.707863 58.882614 88.018913 126.464211 56.691132 46.470081 94.050629 29.615219 82.196220 118.616066 27.175278 46.966949 82.229340 7.673859 67.071930 82.229340 7.673859 67.071930 62.780125 24.952026 108.754799 48.971531 3.340179 82.660179 37.666351 -4.888458 55.689423 63.115574 -3.255569 42.874004 63.115574 -3.255569 42.874004 63.115574 -3.255569 42.874004 37.666351 -4.888458 55.689423 19.416838 -7.637375 30.736837 43.066257 -7.039520 18.164465 30.410004 -7.669312 0.444036 50.022312 -4.975784 -12.422616 68.734230 5.921799 -23.973942 21.058439 -7.103241 -13.974090 43.850437 -5.219162 -26.313416 63.347511 1.935120 -37.068161 36.353855 -3.745575 -39.862705 57.009129 4.185669 -47.980141 63.347511 1.935120 -37.068161 57.009129 4.185669 -47.980141 80.657074 17.140198 -59.196091 91.381683 9.545914 -47.490265 63.347511 1.935120 -37.068161 68.734230 5.921799 -23.973942 45.540375 7.384308 -61.116161 68.720551 24.649704 -65.114319 86.271828 46.059891 -71.426437 75.383636 46.780548 -79.603218 75.974457 75.003723 -81.459221 45.540375 7.384308 -61.116161 25.961273 -1.583054 -57.504417 17.501799 4.280090 -77.469254 37.110199 6.323044 -80.000587 0.438808 -3.312103 -48.369217 -10.488929 2.546188 -71.039940 -16.861486 11.443848 -88.522934 12.684415 13.593994 -93.929352 33.637543 14.536133 -94.718483 12.684415 13.593994 -93.929352 -16.861486 11.443848 -88.522934 -20.221838 29.045273 -102.757965 
						-5.072912 31.395218 -102.260056 9.516445 32.245773 -105.723755 9.516445 32.245773 -105.723755 -5.072912 31.395218 -102.260056 -20.221838 29.045273 -102.757965 -45.096352 12.890823 -77.511322 -47.869301 30.904938 -88.400856 -45.096352 12.890823 -77.511322 -38.967449 2.805115 -57.496468 -60.367352 11.100952 -42.635178 -67.473312 16.320206 -64.456741 -28.923012 -3.603531 -34.726376 -56.494305 6.847214 -24.085186 -60.367352 11.100952 -42.635178 -56.494305 6.847214 -24.085186 -77.331718 32.682465 -21.128481 -73.991379 31.234299 -35.326897 -94.717949 62.098724 -24.220751 -92.333664 24.381958 -17.891951 -109.882011 62.732941 -15.345666 -112.607597 102.838791 -12.930253 -117.103203 63.398499 1.153322 -115.288750 107.114014 4.750250 -110.559258 142.176086 3.781253 -108.861015 139.139313 -14.507145 -102.728691 171.841171 2.316556 -101.237961 168.521713 -14.624393 -91.377617 210.164246 -5.455474 -94.960617 203.359406 -4.655818 -99.213066 206.171127 -2.492224 -94.922050 212.531052 -3.643838 -90.551437 213.360382 13.184902 -88.911797 216.941269 7.045254 -91.934738 217.918076 6.210997 -93.861504 215.091492 11.549057 -109.082199 144.349640 25.743452 -101.141289 176.327057 19.399069 -95.098320 194.678848 16.411001 -96.712570 189.994781 6.818864 -104.117844 146.003204 41.154198 -90.711113 203.631683 20.378731 -114.352715 107.752197 25.285480 -108.610039 104.980225 42.960648 -96.302422 102.897598 58.194721 -93.112968 146.956512 50.640606 -88.096367 106.688522 68.945610 -82.102715 148.761368 61.326126 -76.274582 181.843140 50.936069 -68.414719 187.482529 66.893982 -78.011406 215.930176 37.050205 -82.102715 148.761368 61.326126 -88.096367 106.688522 68.945610 -86.532883 107.213593 79.317543 -84.770187 64.039063 49.416538 -79.135910 65.391983 68.794922 -79.135910 65.391983 68.794922 -75.330742 68.889084 89.712868 -70.695480 36.752731 44.044731 -64.620773 33.997452 66.080109 -64.620773 33.997452 66.080109 -61.242352 31.510422 91.792114 -50.174480 11.012146 60.391903 -40.696449 6.633499 83.725922 -30.333656 10.124924 96.746300 
						-47.224773 37.220856 107.178551 -53.062176 74.465530 109.515450 -21.410803 78.826797 125.426720 12.827481 81.810989 119.027611 4.641445 111.131821 115.416901 28.978363 83.005676 111.640518 -40.696449 6.633499 83.725922 -50.174480 11.012146 60.391903 -33.275551 -0.702408 50.820538 -18.089514 -2.495667 68.968437 -18.089514 -2.495667 68.968437 6.457852 -5.333542 59.001423 -9.281408 -6.791595 41.470757 6.457852 -5.333542 59.001423 -50.174480 11.012146 60.391903 -53.555340 18.689072 37.371029 -104.872246 62.819321 33.648853 -116.945488 63.656448 18.428169 -98.663750 21.555832 -3.989410 -56.372234 0.812149 -8.945031 -57.175457 -1.999252 4.747496 -57.175457 -1.999252 4.747496 -56.372234 0.812149 -8.945031 -19.225744 -6.166550 -14.808962 12.012052 -6.179825 -28.602049 34.881195 30.030670 104.277878 38.567234 53.926727 116.752998 99.681007 161.474197 28.685669 86.211761 158.290192 47.224148 82.139015 183.219727 31.435194 70.127289 186.144302 49.950382 55.798191 185.545975 74.349792 -24.409828 300.313110 49.161461 -34.972820 295.943512 52.155956 -32.882973 333.178040 49.664677 -41.934731 329.501526 47.856304 -52.835613 325.417908 47.206032 -54.551922 348.775177 44.538441 -63.171551 346.402161 47.047890 -73.909348 340.598938 46.449661 -92.113449 348.247131 41.841930 -97.907890 357.257843 42.727627 -102.033379 355.947205 37.848289 -97.448898 346.327393 35.669304 -107.437675 361.931030 40.707207 -102.033379 355.947205 37.848289 -107.437675 361.931030 40.707207 -108.485527 365.285034 34.327736 -112.328789 365.958221 44.074711 -116.740410 369.473999 38.473503 -115.526054 379.248260 36.750320 -124.011894 368.813507 46.472031 -125.082695 376.855347 49.020954 -118.020195 363.481018 48.880035 -125.894226 359.334167 56.510685 -125.894226 359.334167 56.510685 -120.807793 360.031006 63.658932 -131.056320 358.971130 68.716522 -134.286301 357.079407 62.965641 -134.286301 357.079407 62.965641 -118.020195 363.481018 48.880035 -112.328789 365.958221 44.074711 15.641446 382.222931 26.513472 6.003750 377.661255 32.590115 
						14.958341 357.459900 24.153101 16.940275 358.199188 0.547187 10.515470 392.420959 24.074476 -5.242345 388.988190 29.361246 7.553555 396.593445 13.423727 -11.234045 394.627258 15.412695 27.361664 392.247559 22.541731 27.344086 396.188873 14.100022 29.228363 391.830261 5.829853 39.490082 398.487061 17.579645 46.179539 397.390198 10.048588 52.218113 385.921265 11.122117 31.016937 382.863251 6.692139 31.016937 382.863251 6.692139 52.218113 385.921265 11.122117 50.427586 380.589508 23.651371 31.624359 377.461426 17.388363 41.390472 387.524353 28.924139 28.989105 383.542969 24.704842 38.300140 394.644958 24.477060 9.995450 361.340912 -11.234637 -3.271642 364.314789 -21.072275 -14.126136 364.756592 -23.408802 -15.845374 376.657532 -18.185404 -17.523596 385.290710 -9.679294 40.065277 214.024490 67.981354 39.183933 223.732742 70.234261 30.401703 223.193924 78.139931 47.025242 219.569275 49.257542 45.307465 202.739944 69.632469 -61.638836 385.833069 -61.348873 -67.383957 381.171570 -64.494156 -74.077805 379.604065 -53.145370 -66.695969 385.050903 -48.827999 -58.341961 379.415710 -48.317371 -55.659344 381.104675 -59.138798 -60.722332 370.332764 -52.469093 -70.357101 370.814087 -55.283943 -65.113457 373.588104 -64.270004 -57.783855 373.513733 -60.922161 -68.291183 375.072235 -38.981632 -60.493328 373.534363 -40.915131 -60.836102 367.751404 -46.817688 -68.630547 366.215637 -47.966507 -73.152023 370.486786 -43.370228 -60.493328 373.534363 -40.915131 -60.224773 364.479980 -34.200310 -59.092449 361.070374 -38.736965 -64.074387 359.623169 -41.387402 -60.224773 364.479980 -34.200310 -49.166668 386.752197 -1.926355 -51.237469 384.335693 -10.422017 -61.930340 391.243530 -9.471395 -51.237469 384.335693 -10.422017 -56.024086 381.908447 -18.972576 -65.361496 389.058441 -18.015125 -74.919113 393.574860 -16.882978 -72.380539 394.250397 -7.947168 -63.382977 377.473816 -24.955471 -72.160812 384.056824 -23.224981 -79.982590 388.896118 -20.899010 -54.452801 368.931915 -24.589119 -63.024578 362.159149 -29.097639 -55.111004 358.719543 -26.751461 
						-38.224281 377.735229 -1.532672 -38.643227 370.371948 -8.703287 -16.042639 356.730988 -25.049982 -32.707680 351.056946 -18.941626 -38.034832 353.578735 -18.492804 -32.707680 351.056946 -18.941626 -38.034832 353.578735 -18.492804 -55.111004 358.719543 -26.751461 -59.252117 376.498810 39.040600 -50.144207 364.216064 39.987411 -65.025070 388.946899 37.819122 -65.025070 388.946899 37.819122 -77.256027 382.680298 34.485470 -69.568039 400.106842 33.613262 -69.568039 400.106842 33.613262 -80.060234 393.764984 31.842611 -70.770676 409.148254 27.758675 -80.461113 406.029816 28.955641 -85.480148 404.470398 21.352568 -80.247734 417.450562 27.078312 -83.578781 418.446289 20.788904 -74.289726 431.960632 28.704977 -79.208672 433.260956 18.210207 -72.211594 414.849304 20.019094 -65.099777 424.659241 23.185816 -58.557293 172.245941 -78.351875 -55.625652 163.998444 -88.219322 -64.455734 157.319336 -92.973160 -15.821937 181.389206 -72.557014 -20.764320 189.830719 -72.334908 -70.140800 119.986465 102.426216 -59.165691 119.848267 105.374214 -54.087566 123.644905 105.147705 -69.023605 121.159760 98.705605 -71.045097 100.242691 101.839928 5.149258 313.690277 21.103430 9.542813 311.192627 6.945608 15.920744 339.761963 1.526383 10.709316 337.234131 24.405787 -55.111004 358.719543 -26.751461 17.362150 231.937119 -54.024006 23.326996 210.959976 -62.091869 8.455410 151.248291 -90.643097 8.550137 167.331284 -80.167984 11.913906 173.858490 -83.024940 27.418303 243.665909 48.233013 94.603371 184.846832 6.380807 97.327484 177.877502 -4.888034 97.834320 177.962921 14.792126 105.318207 163.190277 12.450691 20.752775 246.514236 -36.883675 20.924650 244.830475 -41.167526 31.500336 227.321762 -44.911945 25.290863 235.275833 -46.289986 2.620449 200.391724 -71.399788 -15.868812 162.571136 -73.046898 -10.302894 171.780426 -70.005302 0.618007 174.116241 -73.631294 2.133144 187.354294 -72.631866 -12.843909 148.050568 -83.900116 -94.888840 191.796600 -3.547933 -96.292168 200.598175 12.363194 -93.622726 206.731796 14.959003 -96.984055 210.069443 13.476526 
						-100.251152 205.016647 11.060527 -96.207207 200.144409 -2.422120 -97.319511 197.835419 5.517820 -101.267754 202.948120 4.747117 -89.198906 215.897095 -0.484229 -92.359055 217.136642 0.462507 -97.319511 197.835419 5.517820 -101.267754 202.948120 4.747117 -82.383469 177.171112 -92.701797 -82.926926 173.173279 -97.415268 -78.999680 171.307449 -101.485672 -73.772148 173.417786 -102.160072 -77.430840 178.317871 -98.439339 -63.985516 179.403809 -65.762993 -52.216473 179.177673 -75.561569 -76.614426 157.900604 -79.277000 -74.313644 160.484070 -67.922447 -45.055336 160.963959 -85.848022 -61.734539 152.467331 -91.742043 -70.018234 151.790039 -88.648964 -61.734539 152.467331 -91.742043 -84.287773 344.738525 -14.656528 -81.497246 310.980438 6.084106 -61.472332 315.725800 -22.668447 -66.083176 318.851898 -9.585788 -50.991863 315.249939 -32.481888 -36.928871 318.293640 -33.952827 -44.771160 361.940155 30.359945 -33.867836 362.178864 37.779144 -54.019207 364.955658 43.851719 -50.144207 364.216064 39.987411 -54.551922 348.775177 44.538441 -56.966473 356.212250 48.214218 -49.184246 338.695709 45.755527 -52.100750 348.451385 52.646435 -41.934731 329.501526 47.856304 -43.185223 344.447205 55.443295 -43.185223 344.447205 55.443295 -41.934731 329.501526 47.856304 -32.882973 333.178040 49.664677 -34.594398 349.528473 53.420437 -23.438637 337.533813 45.783981 -31.547525 358.092377 49.197178 -22.148596 348.303650 44.142387 -35.905437 365.957214 44.618904 -33.867836 362.178864 37.779144 -45.156898 369.353149 42.138420 -59.198406 360.956757 56.675331 -53.931316 353.446411 60.365376 -44.230145 351.621246 60.910057 -44.230145 351.621246 60.910057 -36.613445 356.955811 57.391739 -33.923012 365.285187 52.748062 -39.060219 372.899811 49.112080 -48.704266 375.302979 48.532700 -55.025066 368.726227 52.457890 -30.277992 366.713531 57.828465 -35.360023 375.326691 56.392052 -44.780434 378.751648 57.860893 -53.174969 374.289581 61.577496 -56.505047 365.509857 65.472244 -51.684246 356.812195 67.039474 -42.236492 355.054871 64.985451 -42.236492 355.054871 64.985451 
						-33.365883 357.779907 61.520893 -31.631508 374.785156 62.557072 -38.213055 378.360626 66.720612 -43.612465 373.864990 71.484802 -46.039711 366.378723 74.480919 -43.449383 358.518555 73.809700 -37.013348 357.839752 69.133156 -37.013348 357.839752 69.133156 -30.694008 359.256500 64.362595 -28.582191 367.006714 61.596622 -35.886391 361.255066 81.095055 -31.445473 360.014832 78.664627 -31.445473 360.014832 78.664627 -27.328773 361.645020 75.901344 -26.095863 366.508911 74.266136 -28.183754 371.261261 74.651245 -32.460121 373.375305 76.823013 -36.087074 370.624695 79.401749 -37.938152 366.161621 81.444878 -27.131020 362.129333 86.068710 -24.186682 363.223785 83.932205 -22.772621 366.163452 82.192291 -23.754553 369.747986 81.941711 -26.602211 371.464600 83.405449 -29.653481 370.783508 85.624855 -30.976234 367.659912 87.160042 -30.073893 364.046265 87.488853 -27.131020 362.129333 86.068710 -21.044592 376.787842 87.241432 -24.325844 374.565613 89.615875 -25.907875 371.075012 92.115845 -23.602697 367.369385 93.525932 -23.602697 367.369385 93.525932 -30.073893 364.046265 87.488853 -27.131020 362.129333 86.068710 -19.132971 366.298584 92.786736 -19.132971 366.298584 92.786736 -15.633948 368.451538 90.583511 -14.309730 372.093262 88.115700 -16.533850 375.871765 86.486557 -24.055336 375.469238 91.474022 -23.839514 373.005249 94.759079 -20.736000 371.164856 97.767860 -20.736000 371.164856 97.767860 -16.228674 372.195801 98.215569 -16.228674 372.195801 98.215569 -13.636390 375.224731 95.759056 -13.706702 378.286377 92.423508 -17.041662 379.857605 89.556038 -21.514807 378.606079 89.169113 -22.816076 382.190613 99.198265 -21.888344 383.964905 96.004875 -23.262367 383.711243 92.404884 -26.033852 381.542847 90.649277 -28.575844 378.783752 91.826683 -29.423012 377.052917 95.156693 -28.040199 377.308899 98.793587 -28.040199 377.308899 98.793587 -25.270180 379.503845 100.500031 -25.270180 379.503845 100.500031 -26.658363 385.289551 97.130585 -28.313148 386.384521 94.664948 -32.846352 385.479614 93.892662 -34.541668 382.449524 97.239449 
						-31.070473 381.410278 100.424263 -31.070473 381.410278 100.424263 -31.070473 381.410278 100.424263 -27.155922 383.513306 99.438858 -28.925453 388.720764 96.952316 -32.103188 388.285583 97.036980 -33.634438 386.500916 99.192528 -31.901527 385.138062 101.337997 -31.901527 385.138062 101.337997 -28.710121 385.301025 101.508118 -27.123695 387.120972 99.257523 -32.223305 389.475525 104.037613 -29.145668 391.040161 103.843231 -29.918617 392.417114 100.686363 -32.170570 391.530518 100.226349 -33.136391 390.111206 101.951118 -32.223305 389.475525 104.037613 -36.982582 397.328674 104.018120 -38.293129 395.794952 105.992928 -36.454750 395.491364 108.269333 -36.454750 395.491364 108.269333 -34.134438 396.969849 107.422386 -34.297523 398.128113 104.890808 -37.871742 398.475525 109.803482 -35.289223 398.739685 108.866463 -35.514320 400.289917 106.506584 -38.243324 401.026489 106.068924 -39.706703 399.821655 108.175278 -37.871742 398.475525 109.803482 -32.577797 404.502655 108.018616 -34.643230 406.039246 108.567337 -35.775551 405.229736 110.773926 -34.390297 403.237061 111.508690 -34.390297 403.237061 111.508690 -32.501625 402.773743 109.946648 -31.648111 409.359528 112.287842 -30.477211 407.594452 113.197281 -30.477211 407.594452 113.197281 -28.699379 407.159607 111.394432 -28.832191 408.631195 109.668213 -30.700356 410.116516 110.204666 -28.327309 409.477661 113.969765 -26.004065 409.254639 111.831184 -26.554359 411.043091 109.725533 -28.774574 412.428467 110.490456 -24.973793 410.668427 113.469040 -24.450842 409.810974 111.112999 -24.548988 411.723541 109.373848 -25.153969 413.744568 110.524300 -21.993322 415.778503 109.527397 -25.158850 413.159912 113.368622 -22.012854 415.817566 111.757416 -24.973793 410.668427 113.469040 -20.508947 414.448059 112.446457 -20.508947 414.448059 112.446457 -19.433266 413.424683 110.798088 -20.339514 414.254211 108.881271 -17.116369 419.357727 111.365013 -17.594397 419.888123 109.567528 -19.544592 419.909607 109.575813 -20.256020 419.411011 111.314095 -18.706703 419.082611 112.473434 -18.706703 419.082611 112.473434 -20.669106 423.429688 112.122803 
						-19.485998 423.087280 113.228554 -19.485998 423.087280 113.228554 -18.237463 423.615417 112.411728 -18.376137 424.218262 110.874207 -20.126623 424.098267 110.684685 -18.529455 425.980713 111.607361 -20.034340 426.109802 111.364609 -20.762854 425.705872 112.654892 -19.848303 425.433350 113.571648 -19.848303 425.433350 113.571648 -18.437660 425.539948 113.082153 -32.780922 415.348785 115.431969 -31.460609 412.671814 113.973526 -29.160805 413.076782 115.413635 -31.508463 415.396423 116.410103 -31.508463 415.396423 116.410103 -29.160805 413.076782 115.413635 -28.273598 414.901794 113.529686 -31.113932 416.752960 115.355743 -30.544106 414.373596 112.183510 -32.461590 416.510345 114.450447 55.553074 397.092468 20.088303 55.577976 392.699402 26.589855 49.439304 393.959656 31.539820 43.806004 399.191162 29.918436 44.023773 403.741394 23.162624 50.260105 402.616577 18.112299 55.553074 397.092468 20.088303 45.482269 403.855225 30.606806 46.285496 406.167450 25.737520 51.385593 405.268982 24.062637 54.764011 402.398102 27.135916 54.764011 402.398102 27.135916 53.259617 400.439484 31.839457 48.336765 401.081970 33.956993 55.178074 408.580139 29.994455 54.134125 406.251312 34.367386 49.446625 406.369537 36.359039 46.649754 408.952637 33.227100 47.127781 411.441895 28.903494 51.867039 411.141418 27.176161 55.178074 408.580139 29.994455 47.748875 417.678436 32.173573 52.150726 417.961853 28.361197 56.551121 414.755066 30.007166 56.551121 414.755066 30.007166 56.912937 411.581970 34.855412 52.640965 411.266510 38.517735 47.993015 414.410278 37.045780 50.647800 421.306641 38.605625 51.327972 423.928040 32.866539 55.798679 421.718201 28.835651 59.257175 416.490479 30.564558 59.257175 416.490479 30.564558 58.113621 414.165131 36.797520 53.911957 416.195068 41.111958 62.479343 416.912537 30.365410 61.940281 415.440247 36.240833 60.845066 418.838440 41.124889 60.116062 424.660217 39.690475 60.592625 426.728333 33.937649 61.756203 422.729736 29.405443 62.479343 416.912537 30.365410 67.038910 423.059113 38.597065 
						67.324554 425.565308 33.913677 67.972992 422.393066 29.711445 68.295265 417.231750 29.996805 68.295265 417.231750 29.996805 67.947601 414.908997 34.624756 67.335785 417.824768 39.014530 71.918793 415.222473 35.621216 70.365570 418.760345 38.778236 69.689301 423.464844 37.545479 70.596527 424.916321 32.893875 72.289886 421.454163 29.622974 72.920746 416.732910 31.058903 72.920746 416.732910 31.058903 71.974464 418.941254 38.949493 71.059914 422.104828 38.204983 72.633636 424.517700 35.095505 75.682953 422.779968 32.197102 77.249359 418.415436 32.898258 77.249359 418.415436 32.898258 75.298676 416.222321 36.741219 75.080414 418.614563 40.907978 71.563324 420.172333 41.066708 71.169289 423.318939 39.057831 73.802094 425.050903 37.084084 77.192230 423.564331 36.758961 77.696144 420.395355 38.729771 77.696144 420.395355 38.729771 72.282082 427.387024 43.672123 74.983742 427.016174 44.257965 75.695656 424.941864 45.837727 75.695656 424.941864 45.837727 74.022316 423.034210 46.873795 71.324066 423.403625 46.334850 70.409027 425.563477 44.762589 70.342621 434.631531 54.297108 69.476898 436.474915 52.757355 71.101906 437.960938 51.521072 73.592621 437.672272 51.821831 74.491547 435.846313 53.380253 74.491547 435.846313 53.380253 72.896332 434.323242 54.628838 69.587250 442.089172 65.141983 71.262543 443.688965 64.218834 73.592133 443.387756 64.680641 74.589691 441.575562 66.035446 74.589691 441.575562 66.035446 72.993019 439.868347 67.089226 70.493011 440.159607 66.538956 71.032562 443.184753 68.972908 70.450043 444.447693 66.848488 72.239594 444.800598 65.010590 74.452972 443.868835 65.227036 75.121918 442.619507 67.303108 75.121918 442.619507 67.303108 73.422699 442.271820 69.186928 77.467140 448.245789 65.658417 77.928070 447.678467 67.952553 77.928070 447.678467 67.952553 76.800629 448.589539 69.902412 75.119972 450.311127 69.344978 74.693695 450.890991 67.127144 75.836281 449.888794 65.433273 78.560883 452.777283 67.139908 79.029152 451.211945 65.247932 
						79.457375 448.875916 65.628761 79.369484 448.077606 67.965736 79.369484 448.077606 67.965736 79.142914 449.650757 69.884232 78.629730 451.999939 69.432045 90.542824 445.395844 66.068199 89.998878 444.272064 66.386162 89.998878 444.272064 66.386162 89.681976 443.838623 67.655861 89.681976 443.838623 67.655861 89.968117 444.627411 68.621033 90.534027 445.877472 68.435867 90.798683 446.378235 67.155472 -65.285324 439.699738 25.030212 -71.048508 441.122314 15.435217 -64.761887 433.100098 10.514930 -58.917156 431.618286 20.224447 -58.917156 431.618286 20.224447 -60.278973 445.839661 11.593140 -57.084637 439.073608 7.269003 -52.143230 436.376038 14.912274 -52.143230 436.376038 14.912274 -55.530437 443.821228 19.259285 -48.944500 444.008057 7.260987 -47.197918 439.183533 13.580968 -47.197918 439.183533 13.580968 -50.507000 444.610474 18.090427 -51.912273 448.948334 11.533846 -29.756508 448.450439 17.037569 -34.456703 453.051453 21.372484 -37.481121 456.048279 14.663366 -32.786293 451.447174 10.483350 -48.944500 444.008057 7.260987 -29.756508 448.450439 17.037569 -47.197918 439.183533 13.580968 -27.938148 460.154358 20.355659 -30.294106 461.425476 14.862361 -25.228676 460.472534 12.027889 -22.765785 459.176270 17.459810 -22.765785 459.176270 17.459810 -30.361488 465.455872 15.511446 -26.294104 466.337830 12.799248 -23.566566 466.282654 17.101727 -23.566566 466.282654 17.101727 -27.718910 465.449951 19.852097 -29.931313 476.725403 13.959304 -27.855141 476.924438 17.009445 -27.855141 476.924438 17.009445 -30.885414 476.624268 19.182314 -32.813637 476.519867 16.059433 -27.789711 479.534424 16.426815 -30.469887 480.492371 18.287039 -32.320961 480.521606 15.318030 -29.538734 479.623352 13.508635 -27.789711 479.534424 16.426815 -28.796547 486.075806 16.346571 -30.653971 485.125122 13.518595 -27.669106 484.949280 11.906561 -25.778481 485.634247 14.460523 -25.778481 485.634247 14.460523 -26.605139 490.069031 9.689370 -24.886391 490.171509 12.261878 -24.886391 490.171509 12.261878 -26.867348 492.293091 13.444526 
						-28.796547 486.075806 16.346571 -25.778481 485.634247 14.460523 -25.851723 497.786560 5.815345 -24.504555 498.384705 7.340375 -24.504555 498.384705 7.340375 -27.151527 499.575928 8.800546 -28.360512 498.695923 6.794911 -28.648109 492.097839 10.822701 -22.563637 501.333984 6.111045 -22.789223 498.987305 6.217492 -19.469887 498.221497 4.137001 -18.985510 500.817261 4.100641 -22.789223 498.987305 6.217492 -23.625648 498.835388 3.955877 -20.361486 498.813629 2.235481 -23.499184 501.306396 3.574929 -20.005041 500.746094 2.283526 -29.929359 502.985291 4.265220 -28.127113 504.423828 4.086834 -26.476723 502.808716 4.420673 -28.704262 500.411926 5.103442 -28.569496 504.681763 6.279713 -26.065588 503.023682 5.920444 -28.569496 504.681763 6.279713 -29.956703 503.730957 5.970075 -27.918129 501.767273 7.400636 -29.956703 503.730957 5.970075 -27.918129 501.767273 7.400636 -26.268715 499.667908 4.409123 -25.134438 501.893616 4.472552 -24.561682 501.917480 6.098254 -24.709145 501.015137 7.392985 -35.613441 490.659912 15.218879 -35.789711 489.260681 15.462545 -31.403971 486.793396 14.892514 -30.598305 489.992310 15.406075 -35.789711 489.260681 15.462545 -36.513832 489.648193 13.542863 -31.048012 487.605103 11.675493 -31.403971 486.793396 14.892514 -35.429852 491.425842 14.110750 -30.482582 490.769104 12.343913 -61.725754 456.088318 2.890952 -64.458176 454.939270 4.204516 -59.094891 447.776123 9.762169 -54.931316 449.525330 8.876077 -64.389816 452.806824 1.923135 -58.728191 444.898071 6.215044 -61.874187 454.016205 0.824711 -54.366375 446.531128 5.123305 -54.366375 446.531128 5.123305 -58.341961 379.415710 -48.317371 -55.659344 381.104675 -59.138798 3.461269 327.949097 -6.620018 3.461269 327.949097 -6.620018 15.920744 339.761963 1.526383 9.542813 311.192627 6.945608 5.727871 312.214447 -5.771103 1.822109 355.462372 -20.663387 -27.177404 320.734375 -32.423714 6.751797 350.473969 -21.706852 -1.087071 354.686066 -25.904287 -16.042639 356.730988 -25.049982 1.822109 355.462372 -20.663387 
						-18.558752 354.605255 -27.828081 -32.707680 351.056946 -18.941626 -25.080727 350.539520 -30.845560 -33.224281 349.007507 -25.502937 -32.924477 341.113953 -32.786964 -22.310219 342.812439 -37.769531 -23.750160 333.275543 -38.866455 -30.614906 328.145142 -35.234367 -20.468420 324.240509 -37.376934 -27.177404 320.734375 -32.423714 -13.203284 318.777100 -33.665157 -21.845373 314.805481 -30.677263 -13.203284 318.777100 -33.665157 -4.532872 319.370575 -28.999422 -6.954259 312.810394 -24.126877 -21.845373 314.805481 -30.677263 2.830898 324.337067 -24.798342 0.784023 315.339752 -13.294014 8.631191 331.490143 -21.450863 3.461269 327.949097 -6.620018 9.795742 341.202362 -20.446491 7.877774 342.448486 -13.768363 -7.942052 334.831635 -41.083080 -2.505040 331.431854 -39.063053 -2.505040 331.431854 -39.063053 3.421230 331.390381 -35.559334 8.333828 334.263153 -31.519663 11.766933 338.830414 -27.759031 11.461270 345.367950 -25.467999 7.870450 351.143616 -25.525978 2.041347 353.979919 -28.019278 -3.758947 353.955994 -31.570707 -9.384925 354.716400 -30.387814 -8.799963 351.710510 -35.419556 -17.078773 350.468964 -34.715702 -11.678869 346.660614 -38.981644 -11.772620 340.413269 -41.329018 5.580899 354.000336 -30.831118 2.238613 353.561035 -33.603203 -0.678380 352.293243 -36.546947 -1.426427 349.156708 -39.517540 0.070644 345.513336 -41.368053 3.201015 342.597656 -41.524559 6.947110 340.899719 -40.229496 6.947110 340.899719 -40.229496 10.453458 341.055054 -37.692898 13.097989 342.735107 -34.572083 13.712735 345.850220 -31.717762 12.568692 349.513855 -29.562222 9.419765 352.576904 -29.302483 15.740567 353.877228 -33.653442 12.251309 356.334351 -32.357868 8.278652 357.474701 -33.643276 5.458828 356.696472 -37.036007 5.405605 354.496735 -40.934017 7.828946 351.812347 -43.417927 11.735684 350.169525 -42.938904 15.602872 349.732513 -40.635086 15.602872 349.732513 -40.635086 17.203461 351.203827 -36.907951 6.175625 364.106598 -46.286411 9.811368 360.479828 -48.935062 14.930509 358.029938 -48.115623 19.459318 357.478455 -44.587029 
						19.459318 357.478455 -44.587029 21.334808 359.262726 -39.487164 19.041349 362.792969 -35.578400 14.508145 366.053619 -34.389309 9.514005 367.607086 -36.750938 6.074551 366.977570 -41.330318 16.774748 361.021729 -53.962414 21.347504 361.577576 -50.824615 21.347504 361.577576 -50.824615 24.141447 364.729370 -47.037025 23.449554 369.519287 -44.248604 19.803558 373.696777 -43.708115 14.897794 374.906860 -46.029949 11.062833 373.062653 -49.682209 9.864590 368.859314 -53.197453 12.190274 364.004333 -54.908401 23.135101 371.849060 -58.516266 20.485685 373.107788 -59.319199 15.393399 372.160461 -60.693592 13.635587 368.326874 -60.990162 14.823087 364.255493 -60.349781 17.472013 361.019287 -59.259071 21.555021 361.228210 -57.995014 21.555021 361.228210 -57.995014 24.809906 364.032379 -57.329765 25.347992 368.277069 -57.624920 21.013031 359.642029 -63.964893 23.608246 360.480957 -59.886738 21.555021 361.228210 -57.995014 17.472013 361.019287 -59.259071 23.608246 360.480957 -59.886738 25.893400 362.980530 -59.406010 27.076996 365.546631 -61.022354 26.744476 366.909851 -64.023972 26.050629 367.298370 -66.434364 21.336271 362.570862 -67.878319 14.823087 364.255493 -60.349781 13.635587 368.326874 -60.990162 27.964203 359.225677 -70.489166 25.757658 355.134247 -67.632675 23.291351 365.240173 -68.574074 27.583344 354.687958 -62.411114 27.583344 354.687958 -62.411114 30.025238 357.002838 -60.917023 32.172211 360.200378 -61.982285 31.479828 361.978638 -67.499832 28.935883 351.830933 -69.245972 31.439789 350.482117 -64.519844 31.439789 350.482117 -64.519844 34.842621 353.823242 -61.816513 35.713226 358.727753 -64.023308 33.272797 359.776611 -68.780083 29.813812 356.624878 -71.596603 41.627293 355.550476 -67.017563 39.146820 359.854675 -67.095604 35.456879 360.666901 -70.696678 34.582855 357.037354 -74.307327 37.171726 352.563538 -74.253822 40.715183 351.843597 -70.528221 40.715183 351.843597 -70.528221 41.398285 362.782776 -69.993591 38.297703 363.357117 -73.660347 37.579926 359.624207 -76.511726 39.774265 355.342651 -76.020187 
						42.669773 355.249695 -72.418060 42.669773 355.249695 -72.418060 43.588718 358.581268 -69.442932 46.137058 360.776855 -72.826927 45.241547 364.192871 -74.444717 43.008148 364.428345 -77.814331 41.741058 361.000610 -79.386948 42.697113 357.449768 -77.761436 44.933929 357.407837 -74.463692 44.933929 357.407837 -74.463692 47.938812 359.976440 -83.420761 48.510105 357.246948 -82.026314 50.212742 357.293030 -79.292610 50.212742 357.293030 -79.292610 51.240574 360.063477 -78.231903 50.561859 362.830627 -79.682541 48.900238 362.830933 -82.407768 55.093601 361.578125 -84.407242 53.560886 361.464783 -86.613586 52.972019 359.531372 -88.213562 54.118992 357.282593 -87.551270 55.693211 357.121826 -85.407104 55.693211 357.121826 -85.407104 56.223484 359.218689 -83.793320 56.097019 361.897217 -91.526382 56.616062 360.291809 -93.552238 58.305027 358.704224 -94.196983 59.953465 358.831665 -92.409760 59.953465 358.831665 -92.409760 59.633640 360.315430 -90.298920 57.783054 362.048645 -89.471985 60.694675 363.010132 -94.835899 58.938816 363.072876 -96.013969 58.487644 361.576660 -97.509041 59.764011 359.944885 -97.844101 61.428074 359.976440 -96.584854 61.428074 359.976440 -96.584854 61.996437 361.417419 -95.148804 64.299164 367.402039 -109.594322 65.531586 367.214478 -108.538536 65.746918 368.171509 -107.369141 64.755707 369.344788 -106.996742 63.602390 369.444885 -108.037567 63.316257 368.645325 -109.190727 16.535490 378.152771 -69.811043 17.126312 376.901245 -72.548004 17.657072 370.644348 -69.606354 16.641935 373.431396 -65.165627 17.126312 376.901245 -72.548004 20.142914 376.607483 -71.418510 22.942719 370.497345 -67.974922 17.657072 370.644348 -69.606354 19.324066 377.912292 -68.663498 21.240080 373.580444 -63.820000 -62.278973 380.276184 -71.309761 -58.378582 385.429504 -68.779289 -53.452797 381.741028 -66.027344 -53.452797 381.741028 -66.027344 -54.601727 374.967804 -66.885330 -60.246746 374.034119 -70.233498 -49.751141 381.980347 -71.879593 -50.711586 376.398376 -73.045692 -55.426922 375.522827 -76.560982 -56.781902 381.046509 -76.813026 
						-53.673016 385.011780 -74.330254 -49.751141 381.980347 -71.879593 -54.208168 364.340393 -69.093185 -54.947426 372.892548 -68.834923 -58.758465 372.578674 -71.235184 -57.064617 363.631714 -70.703102 -56.396160 372.415771 -74.902809 -55.408855 364.067627 -73.803711 -52.724773 372.839478 -72.617851 -52.593914 364.713318 -71.948601 -52.593914 364.713318 -71.948601 -52.724773 372.839478 -72.617851 -53.060223 360.835266 -72.535019 -51.753582 363.544373 -71.106941 -51.753582 363.544373 -71.106941 -53.373211 362.730286 -68.405037 -54.585613 360.100189 -69.697792 -41.467445 357.558228 -61.780300 -42.087074 355.166046 -62.536369 -41.237465 355.715668 -64.924706 -40.566078 358.090332 -64.116089 -40.566078 358.090332 -64.116089 -50.157875 376.713135 -81.693367 -50.397625 382.194702 -82.461456 -47.861980 384.969604 -78.495621 -45.875648 381.221130 -74.988594 -45.875648 381.221130 -74.988594 -49.751141 381.980347 -71.879593 -50.711586 376.398376 -73.045692 -47.267254 376.275269 -76.956215 -42.027508 385.037415 -82.922401 -38.227211 380.879120 -79.903282 -38.227211 380.879120 -79.903282 -39.120277 374.940186 -82.514786 -43.635902 375.330322 -87.283989 -45.291668 381.688599 -87.335953 -32.989422 378.651184 -90.767662 -38.439125 377.349121 -93.964706 -41.848305 382.465637 -92.415688 -38.916664 386.558167 -88.705681 -33.111980 384.151642 -87.564919 -33.111980 384.151642 -87.564919 -37.727699 383.708130 -100.785286 -41.162762 385.518188 -97.693756 -39.439125 389.538025 -95.272446 -34.570961 390.392334 -96.928368 -34.570961 390.392334 -96.928368 -33.506996 386.663513 -100.419258 -42.504555 392.428284 -106.923134 -44.511391 389.395813 -106.160133 -45.801918 389.775024 -102.707680 -44.657387 392.979614 -101.253120 -42.621742 394.491760 -103.900131 -42.621742 394.491760 -103.900131 -48.580730 396.867615 -106.336372 -49.118324 395.356293 -108.928986 -49.733562 392.472900 -108.183029 -49.671547 392.195007 -105.194870 -48.965984 394.919312 -104.246941 -48.580730 396.867615 -106.336372 -59.333172 396.254852 -104.393059 -58.326336 399.630737 -104.288162 -58.326336 399.630737 -104.288162 -59.190594 398.812622 -107.775047 
						-59.735516 396.428040 -106.917374 -67.363449 400.730530 -102.549065 -66.465012 398.121399 -102.343842 -65.161301 398.941772 -100.086365 -66.119797 401.501678 -100.212570 -66.119797 401.501678 -100.212570 -71.468437 395.578613 -95.644623 -72.435234 397.778748 -95.554359 -72.435234 397.778748 -95.554359 -73.684738 397.476685 -97.499016 -72.772141 395.278137 -97.611023 -76.601730 392.290955 -92.052101 -77.884445 394.317993 -91.679932 -77.884445 394.317993 -91.679932 -79.363449 393.953674 -93.609795 -78.090988 391.873596 -93.801010 -77.926933 390.588867 -90.540672 -79.681808 392.269592 -89.691505 -80.064140 389.897278 -92.000160 -80.576836 383.893921 -85.114777 -81.830254 385.091797 -84.070694 -79.681808 392.269592 -89.691505 -81.730637 391.466705 -90.734474 -83.459641 384.321472 -84.978653 -82.225754 383.056824 -86.111450 -84.930351 393.945984 -91.921692 -86.022148 392.365265 -92.956177 -82.668144 391.358276 -91.829636 -81.648613 393.412964 -90.871727 -85.530937 393.201447 -94.798309 -82.031906 392.016113 -94.047043 -84.442551 394.739197 -93.830658 -81.166679 394.088196 -93.186043 -84.442551 394.739197 -93.830658 -81.166679 394.088196 -93.186043 -22.789223 498.987305 6.217492 -24.709145 501.015137 7.392985 -80.698898 394.733826 -16.145332 -85.594414 390.485168 -19.122526 -90.465019 385.677979 -17.019081 -91.423996 384.275574 -9.991387 -87.557793 387.474121 -4.807339 -87.557793 387.474121 -4.807339 -80.927910 383.800415 -1.563067 -80.688644 392.282288 -3.910751 -82.337578 392.301056 -4.148810 -79.010422 395.749634 -9.390471 -95.726250 388.460693 -11.490867 -93.697929 391.607086 -6.851290 -93.697929 391.607086 -6.851290 -88.966476 395.217163 -6.439272 -85.031418 396.610901 -10.637552 -84.917648 394.692657 -16.121756 -88.583672 390.840332 -18.565775 -93.426933 387.993103 -16.981518 -97.625664 392.393158 -14.817452 -96.665207 396.213745 -10.820606 -96.665207 396.213745 -10.820606 -92.249680 399.300842 -9.453000 -87.380058 399.273865 -12.034855 -85.850273 396.203430 -16.251026 -88.808769 392.577454 -19.205294 -94.048515 390.734406 -18.740955 -84.062675 401.034943 -19.728251 
						-87.118828 396.897400 -22.831152 -92.775078 395.225616 -22.758169 -97.463554 396.893829 -19.770454 -96.616386 401.282959 -15.809118 -96.616386 401.282959 -15.809118 -91.800957 404.379486 -14.199545 -86.036301 404.641327 -15.594119 -87.050461 410.239197 -18.084349 -84.316086 409.285248 -23.579121 -86.651047 405.223572 -27.820284 -91.570480 401.353241 -28.412714 -96.292656 400.397369 -24.362291 -96.269218 403.475586 -19.154276 -96.269218 403.475586 -19.154276 -92.187180 407.207092 -16.409571 -95.856133 405.157959 -19.064291 -92.442551 407.915680 -15.942153 -89.254562 412.127991 -17.667467 -89.180344 413.588806 -22.927851 -91.937675 411.606445 -27.189743 -95.504074 407.837891 -28.074093 -97.567070 404.582184 -24.198833 -95.856133 405.157959 -19.064291 -99.660332 414.471985 -20.923971 -102.007011 411.296936 -20.333979 -102.006516 408.702576 -17.302845 -99.585625 409.170837 -14.198153 -99.585625 409.170837 -14.198153 -96.868332 411.918152 -13.469658 -95.403496 415.157623 -15.295630 -96.843925 416.300171 -18.917929 -99.861504 416.777679 -18.803396 -101.378586 414.454071 -20.914457 -103.449394 411.981598 -19.831757 -104.706230 410.684082 -16.682249 -103.519218 411.970367 -13.271517 -103.519218 411.970367 -13.271517 -101.119804 414.864777 -12.618475 -99.533371 417.078278 -15.115867 -102.021164 414.380188 -22.639023 -104.986992 412.287170 -21.627104 -107.685234 412.947571 -18.972460 -107.760429 416.093567 -16.739208 -107.760429 416.093567 -16.739208 -105.457695 419.104736 -16.585974 -102.350273 420.047882 -18.570080 -100.942558 417.734741 -21.270971 -112.938644 418.936035 -25.314283 -111.406425 423.343201 -25.412754 -108.446465 425.682678 -28.040873 -106.090508 423.681091 -31.588099 -106.083672 419.305115 -33.175014 -108.579765 415.848511 -31.527996 -111.635429 415.415710 -28.169239 -112.938644 418.936035 -25.314283 -114.487968 416.781433 -33.080990 -115.444511 417.274475 -28.877874 -115.087578 420.902863 -26.553015 -115.087578 420.902863 -26.553015 -113.739922 424.791687 -27.578156 -112.290695 426.297516 -31.338747 -112.058281 423.723206 -34.771065 -112.924492 419.633972 -35.863750 -127.729668 420.895935 -29.743702 
						-123.765312 419.672516 -28.166447 -122.553886 424.800598 -29.775803 -124.229668 424.957031 -30.796494 -122.544609 422.278381 -35.125210 -122.286308 422.511169 -35.105888 -123.952812 417.550171 -33.339661 -125.638359 418.304962 -34.123886 -123.765312 419.672516 -28.166447 -127.729668 420.895935 -29.743702 -124.989441 425.011963 -38.101601 -127.712097 422.747345 -37.928890 -129.226730 424.886536 -35.700172 -129.226730 424.886536 -35.700172 -126.584648 427.168579 -35.668755 -133.596848 432.451477 -40.658199 -131.318527 434.368225 -40.742882 -130.226242 433.199463 -43.108322 -132.495285 431.265808 -43.133015 -133.596848 432.451477 -40.658199 -133.996277 441.280579 -49.135086 -137.333664 438.076050 -48.544319 -138.852219 439.302368 -44.616619 -138.852219 439.302368 -44.616619 -135.378098 441.335754 -47.056339 -141.135437 439.477753 -46.095604 -139.848816 442.889648 -46.611412 -141.192551 439.494812 -49.882809 -137.333664 438.076050 -48.544319 -138.852219 439.302368 -44.616619 -141.135437 439.477753 -46.095604 -144.354187 442.936829 -51.062489 -140.057297 443.039246 -50.373508 -144.923508 439.955261 -50.373024 -144.465500 440.817780 -47.343182 -144.465500 440.817780 -47.343182 -143.989441 443.588409 -48.187328 -145.684738 440.116333 -47.128662 -146.718430 442.711121 -47.189354 -148.549973 441.742615 -49.046932 -147.521667 439.148254 -48.978298 -145.684738 440.116333 -47.128662 -152.648117 438.151581 -44.312271 -151.983582 436.526367 -44.380627 -150.736496 437.149963 -43.198982 -150.736496 437.149963 -43.198982 -151.649109 438.655823 -43.320812 -132.530930 446.393311 -56.880424 -134.435242 445.024506 -57.246609 -136.500168 443.365784 -51.293694 -134.453293 444.469604 -49.976486 -133.162277 443.483856 -58.583870 -135.230164 440.971191 -51.292515 -133.162277 443.483856 -58.583870 -131.301437 444.853210 -58.200630 -133.358078 442.075317 -50.034164 -135.230164 440.971191 -51.292515 -137.465012 447.764557 -61.548176 -136.507980 446.848633 -62.860264 -135.054855 447.972168 -62.680779 -136.137375 448.910950 -61.290405 -132.535812 388.557312 69.485748 -138.323914 384.853638 70.213615 -134.823898 380.966919 71.475304 -128.409836 387.286041 69.502991 
						-135.221848 379.148132 66.437141 -128.448410 387.316406 65.122292 -138.686203 383.032196 65.207527 -132.575378 388.529724 65.176727 -138.323914 384.853638 70.213615 -132.535812 388.557312 69.485748 -127.237480 397.666931 64.806412 -130.711105 397.732422 64.746239 -130.710129 397.266296 68.197731 -130.710129 397.266296 68.197731 -127.240410 397.203491 68.244011 -131.251144 406.080322 72.405426 -127.896172 407.745789 72.653366 -128.398117 409.000488 69.198677 -131.673508 407.396484 68.858543 -131.251144 406.080322 72.405426 -131.877609 415.990112 77.197060 -134.650070 413.779541 76.430618 -134.296555 412.441589 79.819588 -134.296555 412.441589 79.819588 -131.563644 414.689209 80.580612 -142.256516 420.073730 86.443970 -139.898117 422.204041 86.673599 -139.909348 422.912170 83.547760 -142.291672 420.807251 83.334999 -137.276535 349.615448 77.158325 -136.234543 355.486267 74.057281 -141.433273 355.276001 74.014076 -141.167664 350.545349 76.678627 -141.394699 353.088715 69.313866 -141.256027 348.328369 73.202110 -141.256027 348.328369 73.202110 -141.394699 353.088715 69.313866 -136.224289 353.267822 69.314423 -137.345871 347.452454 73.667290 -145.184738 346.142639 81.848778 -146.011887 343.248901 79.277451 -146.011887 343.248901 79.277451 -144.173996 341.011658 81.782852 -143.215027 343.742218 84.340172 -157.986496 343.944763 86.504303 -157.415207 341.379150 89.139229 -156.564148 344.545166 90.886658 -156.945969 347.110352 88.232063 -157.986496 343.944763 86.504303 -161.496277 347.697296 92.309128 -160.914719 349.270477 89.586739 -162.506516 346.879150 88.162277 -170.936218 355.570068 93.473320 -170.626144 356.670837 91.095932 -171.542648 354.436096 90.125374 -162.506516 346.879150 88.162277 -163.213058 345.509766 90.894531 -171.823425 353.418579 92.440727 -167.916672 335.581787 90.951767 -160.911316 340.479980 89.226044 -160.783386 341.682159 91.893021 -167.614426 336.679962 92.986763 -162.901535 343.768341 91.422462 -168.103683 338.608795 92.353333 -162.932785 342.712555 88.755630 -168.342468 337.813660 90.240356 -160.911316 340.479980 89.226044 -137.594894 364.908752 75.880592 
						-142.754074 359.757629 74.127541 -146.993820 359.535858 67.750534 -145.500168 365.543152 63.035339 -140.363937 371.196838 64.193481 -136.219406 371.007141 71.015884 -141.316574 374.171631 65.004593 -138.438660 374.028931 69.822250 -141.074875 372.373474 75.378349 -147.153976 370.540344 75.862396 -150.727707 370.575562 70.425018 -146.993820 359.535858 67.750534 -150.727707 370.575562 70.425018 -147.645187 372.495453 65.019165 -138.397156 374.821869 68.127998 -139.128113 375.233887 72.967293 -142.792648 377.991760 73.655647 -145.410339 380.071411 70.309242 -145.410339 380.071411 70.309242 -144.241867 379.271301 65.881599 -140.604172 376.415649 65.292580 -107.905449 223.259201 9.754873 -105.884941 225.468277 6.719789 -105.763840 225.298569 2.429242 -107.719414 222.798691 -0.528417 -110.447929 219.548309 -0.418850 -112.532890 217.290268 2.633682 -112.532890 217.290268 2.633682 -112.622246 217.465363 6.956508 -110.674004 219.987595 9.851724 -135.229172 258.704102 4.597324 -133.412766 258.967407 1.740114 -122.259941 235.928741 -0.206541 -125.602226 234.678192 4.379393 -130.451828 259.948212 2.448114 -130.062668 260.259949 5.546717 -117.046562 239.288315 6.597458 -117.667656 238.402222 1.195524 -132.829758 259.791656 7.275474 -121.638847 237.024948 9.412205 -135.229172 258.704102 4.597324 -125.602226 234.678192 4.379393 29.922699 240.863953 86.203171 37.705414 235.084076 85.365005 44.338226 236.766830 78.343994 44.338226 236.766830 78.343994 39.183933 223.732742 70.234261 39.308933 231.339462 61.832264 43.027195 244.313278 72.255157 35.267426 250.001450 73.200829 28.622894 248.356781 80.089211 40.973972 258.363770 85.536484 36.499359 255.582520 91.513985 39.266449 249.563187 96.148483 46.483246 246.425934 94.719315 50.810394 249.305908 88.744690 50.810394 249.305908 88.744690 48.000828 255.241119 84.213676 49.788422 268.919403 108.774300 52.201511 264.183350 110.819283 57.355320 262.782379 108.564156 59.619480 266.072479 104.628670 59.619480 266.072479 104.628670 57.268894 270.838867 102.496597 52.156097 272.152985 104.806244 
						55.379246 280.069336 112.454491 54.348972 276.522888 117.323990 58.577000 272.641388 119.631676 64.173195 271.404999 117.530685 64.897308 275.081055 112.985565 64.897308 275.081055 112.985565 61.086277 279.134399 110.394325 62.108742 302.625397 127.080154 61.387058 301.070801 128.973099 63.468113 283.581696 122.543747 64.378754 285.099243 119.704849 59.316746 300.479187 129.876862 56.580906 300.249084 129.086502 57.191746 283.139221 122.936241 60.324070 282.883148 123.872711 56.267918 302.663422 124.838821 56.841648 286.249786 117.263893 61.092136 303.429321 124.715591 63.219578 286.642609 116.891663 75.359222 276.309052 127.936058 67.852875 273.418060 120.461189 68.589203 277.336639 118.675880 75.588226 279.388855 126.462425 75.588226 279.388855 126.462425 68.589203 277.336639 118.675880 65.998383 279.072998 121.684937 73.040382 280.288879 128.694855 65.171234 275.174316 123.409157 72.827972 277.060242 130.097443 114.463234 186.182770 -2.652445 97.327484 177.877502 -4.888034 94.603371 184.846832 6.380807 112.273293 190.792786 6.347756 97.834320 177.962921 14.792126 115.986183 185.055511 14.046424 105.318207 163.190277 12.450691 120.620461 176.708252 9.696653 139.490585 196.145844 12.084846 142.509644 190.355804 9.184725 119.975929 176.985382 -1.306462 144.255722 191.449310 1.836339 144.255722 191.449310 1.836339 119.975929 176.985382 -1.306462 142.239609 198.163391 -0.391077 139.452499 200.611862 6.028642 154.528687 199.057648 2.924514 152.068710 204.142609 0.465949 149.354858 207.299286 4.899182 150.131699 204.228394 10.304157 153.333847 198.993881 9.193648 154.528687 199.057648 2.924514 169.250351 227.426346 1.706044 166.402710 229.392685 4.641171 167.759644 228.254333 8.812518 171.479858 225.620117 8.434858 172.277222 225.158188 4.049963 172.277222 225.158188 4.049963 122.706398 169.684326 -9.786078 115.216652 169.883728 -5.851432 113.251312 174.310303 -8.322752 120.052101 173.383194 -12.127554 115.449074 177.050262 -4.265837 122.944679 176.865112 -9.700655 119.109230 173.175018 -3.117756 
						125.508644 173.127594 -7.529270 125.508644 173.127594 -7.529270 119.109230 173.175018 -3.117756 115.216652 169.883728 -5.851432 122.706398 169.684326 -9.786078 30.658051 243.253647 -63.071445 28.963715 250.280197 -60.321671 22.627777 252.377716 -64.118118 20.462736 246.949524 -69.052406 25.534027 241.255936 -68.405647 30.658051 243.253647 -63.071445 25.290863 235.275833 -46.289986 35.733734 258.055054 -73.868835 29.541840 259.483307 -77.189926 29.006683 255.482315 -82.909615 34.603367 251.311584 -83.657646 38.720062 252.918304 -78.076363 38.720062 252.918304 -78.076363 51.285980 282.857727 -107.488937 50.158543 284.641327 -105.788521 48.818699 282.215942 -102.970604 50.480320 280.118286 -104.715416 47.471531 284.930023 -106.866913 46.034027 282.694489 -104.381516 47.265965 283.243378 -109.070770 45.568695 280.963501 -106.976509 49.720551 281.907928 -109.488800 48.400726 279.107635 -107.387108 51.285980 282.857727 -107.488937 50.480320 280.118286 -104.715416 49.279636 276.877777 -101.446075 47.142918 279.146210 -99.478500 41.839691 269.465637 -88.104553 45.245457 266.468018 -90.846718 44.157074 279.844208 -101.089302 38.083836 270.603363 -90.546471 43.586277 278.107941 -104.189400 37.098484 268.701569 -95.367523 41.406097 263.287476 -96.769051 45.245457 266.468018 -90.846718 54.418308 268.905457 -118.663635 50.596039 264.706909 -118.122971 43.484226 268.428192 -105.588829 47.555515 273.037750 -106.510582 54.355808 262.194519 -114.930984 46.788910 265.422180 -101.462006 54.355808 262.194519 -114.930984 57.886082 266.147675 -115.553703 50.693211 269.982758 -102.290047 46.788910 265.422180 -101.462006 60.277199 261.635101 -119.830536 56.216160 264.136993 -123.925446 53.040379 260.536682 -121.945251 56.024754 258.358917 -118.839111 56.024754 258.358917 -118.839111 -141.867371 357.623474 73.551270 -134.218918 358.032410 70.291176 -135.782883 356.270142 66.270195 -143.808762 356.578186 68.543282 -146.993820 359.535858 67.750534 -143.808762 356.578186 68.543282 -162.064621 345.487518 92.095177 -158.605148 343.241333 91.594933 -159.188644 341.025757 89.208084 
						-159.565598 342.222900 87.496666 -157.986496 343.944763 86.504303 -159.565598 342.222900 87.496666 -162.432297 344.776855 88.437721 -162.934250 344.652832 91.280777 -137.933762 443.710205 -48.638035 -138.048996 443.035034 -50.569908 -134.932785 443.190918 -47.945557 -133.743332 441.519470 -49.539288 -136.398605 439.669769 -49.750793 -138.506516 441.138184 -50.747898 -136.398605 439.669769 -49.750793 -79.639328 392.601685 -93.930870 -80.922539 390.924530 -93.130798 -82.114914 391.277771 -91.282654 -80.595871 392.944153 -90.295975 -77.884445 394.317993 -91.679932 -79.649094 394.179565 -92.007263 -79.649094 394.179565 -92.007263 24.704437 368.583618 -66.882889 15.473967 369.135162 -65.529594 20.844084 366.350067 -68.700989 16.149260 372.428406 -63.133179 15.473967 369.135162 -65.529594 20.565763 373.089294 -60.809788 -26.594398 412.431274 114.286209 -30.860023 411.519104 112.073814 -29.940102 413.277771 111.481659 -26.938637 413.959961 111.887161 -28.784340 411.192566 114.752037 -28.327309 409.477661 113.969765 -28.327309 409.477661 113.969765 -28.784340 411.192566 114.752037 -30.586100 410.292480 113.554962 -30.477211 407.594452 113.197281 -30.586100 410.292480 113.554962 66.759613 276.164124 115.823357 65.975433 272.525208 118.984322 62.124851 274.078796 121.126892 59.337254 276.630157 121.484138 64.411964 281.931030 117.576141 64.825050 279.604523 115.518608 62.328953 282.884308 113.723045 66.759613 276.164124 115.823357 55.640965 279.843353 120.001007 60.229343 279.762360 122.710228 64.011086 281.087341 121.300583 56.366550 283.201630 114.904526 64.411964 281.931030 117.576141 64.378754 285.099243 119.704849 66.759613 276.164124 115.823357 64.825050 279.604523 115.518608 62.108742 302.625397 127.080154 62.108742 302.625397 127.080154 169.250351 227.426346 1.706044 49.279636 276.877777 -101.446075 46.846039 275.564453 -105.044113 44.132175 264.757202 -99.158051 46.989109 265.699921 -96.063332 45.245457 266.468018 -90.846718 46.989109 265.699921 -96.063332 49.711277 273.361053 -101.506935 46.970066 274.252716 -105.268448 44.672211 274.720734 -105.024864 
						40.056492 268.929352 -100.462242 60.203465 248.021255 -126.730537 63.170261 249.860641 -128.604568 57.637058 249.670547 -129.486374 60.203465 248.021255 -126.730537 60.712254 251.537506 -131.257141 -59.261395 446.578857 10.630123 -57.557781 442.087524 6.443434 -53.421547 448.799927 10.184033 -51.882484 445.037262 6.724988 -51.882484 445.037262 6.724988 20.752775 246.514236 -36.883675 5.484707 249.828003 -43.258114 4.025234 229.642090 -56.325073 31.500336 227.321762 -44.911945 -133.412766 258.967407 1.740114 45.307465 202.739944 69.632469 10.715176 238.354767 64.847771 -96.712570 189.994781 6.818864 -95.098320 194.678848 16.411001 -84.557297 216.917175 -2.359612 -87.083183 209.204666 -9.340311 -85.039726 218.662918 8.187005 -94.888840 191.796600 -3.547933 -96.712570 189.994781 6.818864 -91.041672 199.476440 -9.990371 -90.711113 203.631683 20.378731 -87.158859 213.349457 17.241203 -68.485031 331.534851 -15.678843 -73.406425 344.466309 -20.511951 -73.406425 344.466309 -20.511951 7.877774 342.448486 -13.768363 12.724942 370.618469 2.576429 16.940275 358.199188 0.547187 105.162453 176.099213 -5.254911 109.818207 169.336914 -4.587113 105.490570 167.765900 -5.115795 105.490570 167.765900 -5.115795 109.818207 169.336914 -4.587113 109.402687 168.049377 1.257999 107.158051 164.401367 1.928524 116.079445 173.440338 1.716858 117.969582 175.256104 -1.859766 117.969582 175.256104 -1.859766 114.183937 180.414551 -2.674253 122.706398 169.684326 -9.786078 -71.755058 105.165268 107.989288 -74.056320 112.100266 98.846184 -76.264328 111.013077 90.839470 -71.045097 100.242691 101.839928 -59.296062 108.608078 109.880058 -53.915199 104.380417 108.447647 -65.894211 111.567551 115.558891 -72.564133 107.816940 112.318283 -71.755058 105.165268 107.989288 -71.045097 100.242691 101.839928 
					</float_array>
					<technique_common>
						<accessor count="2040" offset="0" source="#meshId0-positions-array" stride="3">
							<param name="X" type="float" />
							<param name="Y" type="float" />
							<param name="Z" type="float" />
						</accessor>
					</technique_common>
				</source>
				<source id="meshId0-normals" name="meshId0-normals">
					<float_array id="meshId0-normals-array" count="6120"> 
						0.052117 -0.156254 -0.986341 0.007863 -0.297747 -0.954613 0.164875 -0.295996 -0.940852 0.335614 0.112217 -0.935291 0.306825 0.311682 -0.899285 -0.009421 0.171554 -0.985130 0.445357 0.229990 0.865310 0.554324 0.111145 0.824847 0.463369 0.216464 0.859321 0.678655 0.078392 0.730261 0.445357 0.229990 0.865310 0.542706 -0.158859 0.824763 0.690776 0.025775 0.722609 0.254617 0.203345 0.945421 -0.944851 -0.309579 0.106849 -0.804390 -0.568719 0.171801 -0.661085 -0.559539 0.499883 -0.762967 -0.420433 0.491037 0.678655 0.078392 0.730261 -0.183139 0.571111 0.800183 0.091108 0.887770 0.451181 0.217463 0.570698 0.791842 0.111742 0.455668 0.883108 0.049863 0.417168 0.907461 0.084303 0.428548 0.899578 -0.264877 0.797635 0.541866 -0.148593 0.338192 0.929272 -0.713640 0.096617 0.693817 -0.687364 0.724314 0.053853 0.404057 0.400055 0.822614 0.199168 0.360289 0.911331 0.190844 0.866050 -0.462100 0.479110 0.854482 0.200785 0.336859 -0.566207 0.752287 0.110965 -0.900045 0.421433 0.100382 -0.861502 0.497732 0.288392 -0.559505 0.777035 0.184130 -0.150963 0.971240 0.330994 -0.150027 0.931630 -0.168447 -0.229603 0.958597 -0.103359 -0.589827 0.800888 -0.786475 0.481282 0.387071 -0.811329 0.329849 0.482644 -0.851526 0.226745 0.472746 -0.924846 0.264877 0.272946 -0.962149 0.272486 0.004630 -0.772028 0.632979 0.057542 -0.775236 0.290257 0.561035 -0.793919 0.320773 0.516525 -0.667572 0.457761 0.587199 -0.585059 0.311609 0.748736 -0.836141 0.271323 0.476710 -0.851869 0.092339 0.515551 -0.344211 0.296595 0.890814 -0.436272 0.327969 0.837916 0.741056 0.654939 0.147957 0.638843 0.663692 0.389091 -0.355365 0.829895 -0.430105 -0.150805 0.852979 -0.499684 0.390792 0.185999 0.901491 0.084303 0.428548 0.899578 0.431827 0.405469 0.805680 0.853605 0.479097 0.204509 0.808622 0.247077 0.533932 
						0.677808 0.455930 0.576805 0.771421 0.535362 0.343942 -0.329175 -0.050770 0.942903 -0.138077 0.166533 0.976320 -0.130574 0.272397 0.953284 -0.916759 0.398948 0.019837 -0.940609 0.336588 -0.044312 -0.997095 0.017328 0.074167 -0.899103 0.206164 -0.386148 -0.916759 0.398948 0.019837 -0.808412 0.588516 0.010911 -0.489710 0.765000 0.418281 -0.850405 0.267037 0.453324 -0.962073 0.030320 0.271100 -0.940609 0.336588 -0.044312 -0.669940 0.135212 -0.729999 -0.940661 0.112204 -0.320261 -0.969192 0.150085 -0.195300 -0.808412 0.588516 0.010911 -0.055517 -0.135544 -0.989215 0.048986 -0.120346 -0.991523 0.021959 0.067571 -0.997473 -0.047986 0.408205 -0.911628 0.788732 0.230038 -0.570073 0.590876 0.209545 -0.779074 0.606793 -0.336210 -0.720254 0.891569 -0.137240 -0.431589 0.007335 -0.122283 -0.992468 0.480997 0.563233 -0.671871 0.411152 0.820504 -0.397149 0.024103 0.865036 -0.501131 0.956585 -0.273121 -0.101737 0.756251 -0.590053 -0.282703 0.754845 -0.627921 -0.189533 0.996286 -0.051369 -0.069101 0.724279 0.108382 -0.680936 0.983073 -0.170865 -0.066122 0.926123 0.333758 -0.175787 0.798283 0.441550 -0.409608 0.610013 0.517388 -0.600161 0.557898 0.546900 -0.624219 0.379389 0.500109 -0.778431 0.359137 0.485440 -0.797100 0.210270 0.674298 -0.707890 -0.119633 0.930544 -0.346086 -0.481311 0.399937 -0.779993 0.121778 0.467063 -0.875798 0.236515 0.474573 -0.847845 0.546090 0.401603 -0.735187 0.552265 0.556679 -0.620574 0.405644 0.325617 -0.854065 0.337582 0.563016 -0.754355 0.143605 0.475506 -0.867912 0.219244 0.365826 -0.904491 -0.429595 0.504302 -0.749084 -0.400464 0.472857 -0.784879 0.200120 0.441931 -0.874442 -0.079321 0.339481 -0.937263 -0.985739 -0.115303 -0.122572 -0.872994 0.010956 -0.487609 -0.909405 0.059678 -0.411608 -0.906334 0.290867 -0.306519 0.088844 -0.231872 -0.968681 -0.525359 -0.584357 -0.618485 
						-0.369199 -0.598081 -0.711331 0.386768 -0.204135 -0.899299 -0.917838 0.282848 0.278516 -0.587561 0.808923 -0.020388 -0.211635 0.855766 0.472097 -0.825187 0.293302 0.482742 0.722238 0.385136 -0.574493 0.386768 -0.204135 -0.899299 0.173706 0.089795 -0.980695 0.540763 0.527924 -0.654883 -0.271769 0.520152 -0.809681 0.002265 0.357199 -0.934026 0.100833 0.378648 -0.920032 0.510479 0.858398 -0.050638 0.327106 0.934338 -0.141473 -0.271242 0.923517 0.271191 -0.955854 -0.095343 -0.277945 -0.952593 -0.086076 -0.291817 -0.404686 -0.806251 0.431496 -0.421171 -0.715454 0.557441 -0.944471 0.284050 0.165195 -0.454576 -0.292591 0.841280 0.370991 0.355980 0.857697 -0.202186 0.961438 0.186433 -0.454576 -0.292591 0.841280 -0.421171 -0.715454 0.557441 0.617071 -0.147814 0.772900 -0.224495 0.725074 -0.651053 0.328510 0.915050 0.234019 -0.200438 0.876693 0.437302 -0.710297 0.615736 -0.341096 -0.636477 -0.190583 -0.747379 -0.447015 -0.187111 -0.874738 0.489248 0.063166 0.869854 0.469026 0.180037 0.864640 0.708119 0.157884 0.688215 0.262291 -0.812379 0.520810 -0.085327 -0.608911 0.788636 0.607945 0.097114 0.788017 0.637501 0.748790 -0.181399 0.278040 0.959790 -0.038694 0.625694 0.168748 0.761598 0.589035 -0.764991 0.260434 -0.602228 0.610296 -0.514646 0.231801 0.939847 0.250910 -0.489710 0.765000 0.418281 -0.808412 0.588516 0.010911 -0.107107 0.409695 -0.905913 -0.948575 0.193517 -0.250513 -0.986804 -0.153126 -0.052630 -0.899234 -0.244312 -0.362890 -0.969192 0.150085 -0.195300 0.279887 0.225555 0.933160 -0.093107 0.172950 0.980520 0.044656 0.575335 0.816698 -0.106070 0.414475 0.903858 -0.106070 0.414475 0.903858 -0.514569 0.072298 0.854395 -0.074808 0.984009 0.161650 0.069256 0.117494 0.990656 -0.724364 -0.518500 0.454372 -0.554882 -0.343976 0.757487 -0.450823 -0.377620 0.808803 -0.661085 -0.559539 0.499883 
						-0.110944 0.032823 0.993284 -0.053548 -0.066530 0.996346 -0.314483 -0.181721 0.931707 0.008340 0.043120 0.999035 -0.184526 -0.134541 0.973575 -0.292410 -0.108971 0.950064 -0.564789 0.023596 0.824898 -0.158898 0.903711 0.397566 0.939487 0.334772 0.072740 0.307168 0.651594 0.693594 0.499674 0.866112 0.013282 0.187740 0.739540 -0.646401 -0.232419 0.197702 -0.952311 0.057904 -0.291649 -0.954771 0.742187 -0.558077 0.371090 -0.613586 0.386320 -0.688672 -0.840819 0.414757 -0.347850 -0.011351 0.828689 -0.559594 -0.995496 0.035903 0.087741 0.069286 0.984961 -0.158277 -0.414936 0.795274 0.442004 -0.933582 0.204854 0.294040 0.547462 0.825332 0.138246 0.407786 0.741204 0.533224 0.421813 0.507367 0.751433 0.679876 0.695950 0.231131 0.559151 0.744112 -0.365578 0.413411 0.845963 -0.336806 0.155957 0.594206 0.789048 0.831714 0.454253 0.319227 0.543525 0.254346 0.799930 0.660914 0.100400 0.743715 0.204633 0.963320 -0.173609 0.773614 0.579895 -0.255427 0.155957 0.594206 0.789048 -0.437633 0.842379 0.314443 -0.445481 0.873673 -0.195555 0.204633 0.963320 -0.173609 0.507752 -0.710523 -0.487181 0.642614 -0.686169 -0.340909 0.329365 -0.886630 -0.324662 0.180329 -0.761480 -0.622599 0.010482 -0.372765 -0.927867 0.629206 -0.351291 -0.693321 -0.720475 0.445859 -0.531154 -0.813629 0.395316 -0.426302 -0.837899 0.352467 -0.416764 -0.816966 0.260250 -0.514623 -0.718998 0.598448 -0.353415 -0.820860 0.381718 -0.424829 -0.928875 -0.368256 -0.039728 -0.907555 -0.409529 -0.092899 -0.604022 0.057410 -0.794897 -0.300428 0.176214 -0.937386 -0.537119 -0.191152 -0.821562 -0.830188 -0.281108 -0.481421 -0.732116 0.058063 -0.678701 -0.196267 0.857430 -0.475702 -0.948614 -0.087390 -0.304128 -0.732116 0.058063 -0.678701 -0.401669 0.480726 0.779464 -0.936955 -0.343815 0.062500 0.552508 0.335192 -0.763139 -0.023545 0.387982 -0.921366 
						0.214855 0.667119 -0.713295 0.541381 0.303099 -0.784243 0.064245 0.605900 -0.792942 0.046919 0.823433 -0.565471 -0.417577 0.745760 -0.519106 -0.390768 0.516352 -0.762025 0.064245 0.605900 -0.792942 0.625136 0.364071 -0.690403 -0.338389 0.243552 -0.908942 -0.023545 0.387982 -0.921366 -0.933582 0.204854 0.294040 -0.613878 -0.332419 -0.715996 0.381319 0.755804 -0.532312 0.381259 0.828531 -0.410094 0.431827 0.405469 0.805680 0.120990 0.364777 0.923200 0.401965 0.426508 0.810256 0.065996 0.455262 -0.887908 -0.130180 0.455927 -0.880445 -0.075584 0.400143 -0.913331 0.602070 0.123645 -0.788811 0.171388 0.704964 -0.688224 -0.083945 0.908518 -0.409326 0.145913 0.759606 -0.633804 0.708584 0.369714 -0.601015 0.326574 0.504929 -0.798997 0.602070 0.123645 -0.788811 0.688918 -0.715087 0.118498 0.964379 -0.030960 0.262705 0.957980 0.064851 -0.279409 -0.425689 -0.655038 0.624270 -0.351489 -0.830235 0.432625 -0.436547 -0.894353 0.097773 -0.590444 -0.732032 0.339862 -0.425689 -0.655038 0.624270 -0.541071 -0.554272 0.632474 -0.699319 -0.642300 0.313693 -0.351489 -0.830235 0.432625 -0.153192 -0.931502 0.329904 -0.269973 -0.961348 0.054086 -0.111775 -0.992035 0.058084 -0.088057 -0.995983 0.016225 -0.297353 -0.952639 0.063712 -0.915666 -0.285643 -0.282778 -0.642023 -0.434405 -0.631743 -0.626439 -0.731573 -0.269027 -0.905909 -0.423255 0.013587 -0.982480 -0.160391 -0.094910 -0.904823 -0.080532 -0.418102 -0.611481 -0.120833 -0.781979 0.426838 -0.856299 -0.290794 0.493644 -0.856121 -0.152878 0.591427 -0.796813 -0.123704 0.522369 -0.798021 -0.300488 0.532323 -0.840758 0.098780 0.324829 -0.941495 -0.089855 0.426838 -0.856299 -0.290794 0.324829 -0.941495 -0.089855 0.303377 -0.947381 -0.102136 0.493644 -0.856121 -0.152878 0.983459 -0.068200 -0.167799 0.938653 0.329384 0.102159 0.842841 -0.535363 0.054815 0.613498 -0.758806 0.218709 
						0.502040 -0.850363 -0.157601 0.822728 -0.473401 -0.314659 0.897947 0.066002 -0.435127 0.413311 -0.303960 -0.858360 0.512432 0.084432 -0.854567 0.590789 0.292027 -0.752122 0.835991 0.341553 -0.429489 0.393924 0.029379 -0.918673 0.531403 0.205654 -0.821777 0.561828 0.370439 -0.739678 0.660010 0.419910 -0.622946 0.550552 0.472572 -0.688162 0.680488 0.507647 -0.528422 0.740525 0.546816 -0.390658 0.666519 0.570727 -0.479607 0.751986 0.625956 -0.206631 0.675100 0.560206 -0.480009 0.791269 0.572348 -0.215200 0.720540 0.447168 -0.529966 0.850920 0.454304 -0.263709 0.892134 0.449680 0.043419 0.827362 0.555868 0.080513 0.726179 0.669485 0.156378 0.832329 0.443147 0.332941 0.796668 0.535593 0.280106 0.746821 0.606358 0.273108 0.990612 0.124581 -0.056282 0.908949 0.072150 0.410616 0.669697 0.433704 0.602832 0.643957 0.603349 0.470414 0.877840 0.153789 -0.453591 0.529655 0.384569 -0.756024 0.653001 0.250855 -0.714606 0.425307 0.219946 -0.877917 -0.041771 0.422951 -0.905189 -0.153032 0.573377 -0.804873 -0.088170 0.514800 -0.852764 -0.521441 0.445116 -0.727991 -0.310555 0.297943 -0.902655 -0.048943 0.107983 -0.992947 0.558503 0.044314 -0.828318 -0.007639 -0.069658 -0.997542 -0.227740 -0.110399 -0.967443 -0.267441 0.095240 -0.958856 -0.053141 -0.095463 -0.994013 -0.095785 0.163452 -0.981890 -0.178490 0.129815 -0.975341 -0.184546 -0.118718 -0.975627 -0.439370 -0.151418 -0.885453 -0.410273 0.026946 -0.911564 -0.291624 0.099708 -0.951322 -0.030973 0.316016 -0.948248 -0.612302 0.006400 -0.790598 -0.613468 -0.009478 -0.789663 -0.614524 -0.302473 -0.728608 -0.070270 -0.006199 -0.997509 -0.856504 0.009544 -0.516052 -0.941718 -0.052829 -0.332230 -0.911989 -0.287380 -0.292728 -0.887523 -0.127581 -0.442748 -0.876489 0.060192 -0.477645 -0.784444 -0.085329 -0.614302 -0.862488 0.088531 -0.498273 -0.854887 0.263721 -0.446788 
						-0.823470 0.262133 -0.503173 -0.752525 0.376686 -0.540198 -0.623826 0.495193 -0.604670 -0.728251 0.411170 -0.548261 -0.515401 0.449663 -0.729496 -0.710174 0.408164 -0.573633 -0.450887 0.457597 -0.766359 -0.217233 0.434472 -0.874096 -0.017514 0.363090 -0.931589 -0.701619 0.281947 -0.654398 -0.428453 0.332580 -0.840130 -0.740781 0.008171 -0.671697 -0.415457 0.055043 -0.907946 -0.806529 -0.264389 -0.528781 -0.408204 -0.251189 -0.877653 -0.510450 -0.306662 -0.803368 -0.851665 -0.303130 -0.427527 -0.832128 -0.248658 -0.495714 -0.662289 -0.211759 -0.718701 -0.655824 -0.395589 -0.642965 -0.562996 -0.357921 -0.744935 -0.835106 0.011912 -0.549960 -0.706334 -0.325912 -0.628390 -0.907609 -0.041023 -0.417807 -0.654634 -0.415800 -0.631320 -0.838470 0.259431 -0.479232 -0.927208 0.261146 -0.268490 -0.990584 -0.117420 -0.070404 -0.949518 -0.135293 0.283041 -0.798945 -0.566761 0.201167 -0.810301 -0.541151 -0.224872 -0.842866 -0.464904 -0.270998 -0.958525 -0.132360 -0.252411 -0.843621 -0.046200 -0.534948 -0.639408 -0.404355 -0.653952 -0.642897 -0.325961 -0.693133 -0.379468 -0.384030 -0.841740 -0.706334 -0.325912 -0.628390 -0.654634 -0.415800 -0.631320 -0.814575 -0.401589 0.418563 -0.798945 -0.566761 0.201167 -0.724364 -0.518500 0.454372 -0.468758 -0.291722 0.833765 -0.762967 -0.420433 0.491037 -0.724364 -0.518500 0.454372 -0.882565 -0.142507 0.448075 -0.724364 -0.518500 0.454372 -0.882565 -0.142507 0.448075 -0.749648 -0.096553 0.654756 -0.554882 -0.343976 0.757487 -0.517887 0.024592 0.855096 -0.292410 -0.108971 0.950064 -0.851526 0.226745 0.472746 -0.776569 0.179712 0.603857 -0.620744 0.188792 0.760943 -0.332394 0.251882 0.908884 -0.254740 0.135343 0.957491 -0.739095 0.310401 0.597821 -0.601719 0.331852 0.726504 -0.363192 0.358358 0.860041 -0.047909 0.409024 0.911265 0.019074 0.322267 0.946457 -0.576500 0.392807 0.716485 -0.402736 0.407067 0.819817 
						-0.084809 0.414191 0.906230 -0.118192 0.357406 0.926440 0.070383 0.339908 0.937821 0.120934 0.282151 0.951717 0.044636 0.237718 0.970308 0.127035 0.248464 0.960275 0.389522 0.364611 0.845773 0.139597 0.147785 0.979118 0.084188 0.152415 0.984724 0.369964 0.273186 0.887973 0.702637 0.382354 0.600089 0.665750 0.464093 0.584290 -0.011330 0.121301 0.992551 0.367119 0.171757 0.914179 0.745467 0.193585 0.637812 0.921975 0.194216 0.335024 0.840518 0.389795 0.376283 0.354449 -0.106217 0.929023 0.760125 -0.080212 0.644807 0.930027 -0.121783 0.346725 0.656555 -0.487310 0.575730 0.803804 -0.524103 0.281452 0.417543 -0.830256 0.369234 0.417543 -0.830256 0.369234 0.237059 -0.553025 0.798728 0.097652 -0.854406 0.510347 0.069043 -0.974054 0.215526 0.196534 -0.972332 0.126277 0.196534 -0.972332 0.126277 0.196534 -0.972332 0.126277 0.069043 -0.974054 0.215526 -0.003766 -0.999298 0.037274 0.107427 -0.994173 0.008880 0.063131 -0.997629 -0.027385 0.288044 -0.956147 -0.053037 0.488606 -0.869747 0.069317 0.019070 -0.997811 -0.063317 0.194543 -0.973936 -0.116624 0.316790 -0.937644 -0.143068 0.143339 -0.964332 -0.222525 0.220033 -0.859757 -0.460872 0.316790 -0.937644 -0.143068 0.220033 -0.859757 -0.460872 0.212741 -0.680239 -0.701438 0.502040 -0.850363 -0.157601 0.316790 -0.937644 -0.143068 0.488606 -0.869747 0.069317 0.356845 -0.841716 -0.405185 0.338234 -0.620410 -0.707594 0.258915 -0.258093 -0.930780 0.739374 -0.314960 -0.595085 0.728619 0.050830 -0.683030 0.356845 -0.841716 -0.405185 0.123166 -0.963344 -0.238323 0.043965 -0.928736 -0.368125 0.329365 -0.886630 -0.324662 -0.035680 -0.982146 -0.184706 -0.090219 -0.936171 -0.339771 -0.177769 -0.754749 -0.631468 -0.044233 -0.742242 -0.668670 0.180329 -0.761480 -0.622599 -0.044233 -0.742242 -0.668670 -0.177769 -0.754749 -0.631468 -0.200169 -0.410417 -0.889657 
						-0.061316 -0.378050 -0.923752 -0.151415 -0.405935 -0.901271 -0.151415 -0.405935 -0.901271 -0.061316 -0.378050 -0.923752 -0.200169 -0.410417 -0.889657 -0.347012 -0.771475 -0.533301 -0.415944 -0.425450 -0.803730 -0.347012 -0.771475 -0.533301 -0.273049 -0.933945 -0.230632 -0.615475 -0.786032 -0.057819 -0.626439 -0.731573 -0.269027 -0.210910 -0.966434 -0.146703 -0.493949 -0.814806 -0.303489 -0.615475 -0.786032 -0.057819 -0.493949 -0.814806 -0.303489 -0.634174 -0.468516 -0.615074 -0.870374 -0.488531 -0.061527 -0.645839 -0.227381 -0.728828 -0.563571 -0.529562 -0.633997 -0.780361 -0.169564 -0.601901 -0.908503 0.017154 -0.417526 -0.972188 -0.178661 -0.151426 -0.993666 0.081108 -0.077772 -0.980712 0.189540 -0.047744 -0.936753 0.153598 -0.314485 -0.956158 0.286358 -0.061329 -0.910997 0.285853 -0.297276 -0.414547 0.448426 -0.791875 -0.645874 0.013713 -0.763321 -0.572062 -0.267690 -0.775298 -0.091617 0.367462 -0.925515 -0.349658 0.675336 0.649354 -0.113349 0.978172 0.174162 0.364907 0.907426 0.208380 0.098562 0.597555 0.795747 -0.963297 0.202030 0.176754 -0.942848 0.299620 0.145826 -0.942737 0.220196 0.250520 -0.986373 0.161873 -0.029425 -0.833861 0.211174 0.509981 -0.837015 0.346615 0.423396 -0.973078 0.055294 0.223745 -0.824986 -0.031749 0.564260 -0.778616 -0.082514 0.622051 -0.690472 0.226063 0.687127 -0.924959 -0.014234 0.379799 -0.854965 0.250783 0.454029 -0.775236 0.290257 0.561035 -0.771117 0.341469 0.537381 -0.811329 0.329849 0.482644 -0.854965 0.250783 0.454029 -0.924959 -0.014234 0.379799 -0.913979 0.004396 0.405737 -0.752492 -0.379636 0.538176 -0.906765 -0.336359 0.254244 -0.906765 -0.336359 0.254244 -0.842081 -0.224200 0.490544 -0.697914 -0.566953 0.437585 -0.844349 -0.520114 0.128671 -0.844349 -0.520114 0.128671 -0.760289 -0.468417 0.450051 -0.664921 -0.746722 0.016937 -0.494267 -0.804183 0.330135 -0.289331 -0.747714 0.597671 
						-0.531950 -0.339847 0.775586 -0.525147 -0.090726 0.846161 -0.135327 0.021654 0.990564 0.275408 0.066523 0.959023 0.195702 0.198353 0.960394 0.133786 0.082040 0.987609 -0.494267 -0.804183 0.330135 -0.664921 -0.746722 0.016937 -0.413199 -0.908074 -0.068324 -0.154868 -0.966160 0.206280 -0.154868 -0.966160 0.206280 0.011279 -0.980369 0.196848 -0.179117 -0.983785 -0.009160 0.011279 -0.980369 0.196848 -0.664921 -0.746722 0.016937 -0.590444 -0.732032 0.339862 -0.716689 -0.324738 0.617172 -0.931150 -0.228342 0.284289 -0.739871 -0.656829 -0.145486 -0.336474 -0.891648 -0.302901 -0.297353 -0.952639 0.063712 -0.297353 -0.952639 0.063712 -0.336474 -0.891648 -0.302901 -0.119936 -0.987616 -0.101144 -0.001960 -0.994677 -0.103023 -0.115997 -0.529053 0.840624 -0.109615 -0.113226 0.987504 0.818584 0.431115 0.379553 0.772828 0.468311 0.428278 0.725441 0.564507 0.393785 0.757470 0.519701 0.395158 0.651779 0.482008 0.585536 0.200922 0.179270 0.963064 0.016929 0.187048 0.982205 0.271699 -0.064161 0.960241 -0.053548 -0.066530 0.996346 -0.110944 0.032823 0.993284 -0.564789 0.023596 0.824898 0.046115 0.234451 0.971033 -0.175401 -0.016185 0.984364 -0.437517 -0.264080 0.859558 -0.270012 -0.410561 0.870938 -0.764574 -0.576949 0.287325 -0.814575 -0.401589 0.418563 -0.593683 -0.783356 0.184101 -0.764574 -0.576949 0.287325 -0.593683 -0.783356 0.184101 -0.675606 -0.397883 -0.620681 -0.267508 -0.956726 -0.114518 -0.617316 -0.393161 -0.681428 -0.415559 0.543077 -0.729642 -0.703197 -0.317635 -0.636099 -0.791787 0.527511 -0.307905 -0.037497 -0.916347 -0.398626 -0.053350 -0.901050 -0.430423 -0.053350 -0.901050 -0.430423 0.514204 -0.754198 0.408387 0.431828 -0.730173 0.529501 -0.088251 -0.895784 -0.435640 -0.088251 -0.895784 -0.435640 -0.037497 -0.916347 -0.398626 -0.267508 -0.956726 -0.114518 0.374931 -0.067404 0.924599 0.477199 0.272755 0.835396 
						0.940232 -0.005222 0.340494 0.975972 0.060863 -0.209224 0.084826 0.727671 0.680661 0.007212 0.726933 0.686670 -0.011453 0.999805 0.016085 -0.192774 0.972225 0.132724 -0.125133 0.652507 0.747380 -0.083076 0.996132 -0.028640 0.123455 0.537985 -0.833865 -0.397937 0.912288 -0.096828 0.228478 0.554180 -0.800426 0.666149 -0.369121 -0.648070 0.271427 -0.504177 -0.819837 0.271427 -0.504177 -0.819837 0.666149 -0.369121 -0.648070 0.512657 -0.808141 0.289984 0.171214 -0.979476 0.106359 -0.166039 -0.309480 0.936297 -0.031027 -0.326643 0.944638 -0.542168 0.499254 0.675869 0.786584 0.189653 -0.587638 0.405846 0.251565 -0.878638 0.016278 0.249734 -0.968178 -0.046467 0.546816 -0.835962 -0.161926 0.788305 -0.593596 0.808622 0.247077 0.533932 0.920726 -0.172891 0.349818 0.164670 -0.283947 0.944594 0.771421 0.535362 0.343942 0.677808 0.455930 0.576805 -0.007084 0.999634 -0.026107 -0.795016 0.350014 -0.495418 -0.947357 0.300108 -0.111581 -0.163831 0.912912 0.373832 0.838106 0.368631 0.402105 0.890206 0.333618 0.310213 0.644994 -0.739785 -0.191573 -0.558890 -0.695698 -0.451271 -0.467913 -0.739875 -0.483365 0.616088 -0.786763 0.037931 -0.321376 0.549238 0.771398 0.774471 0.386130 0.501098 0.791921 -0.490575 -0.363589 -0.377703 -0.778355 -0.501502 -0.972582 -0.105042 0.207485 0.774471 0.386130 0.501098 0.647947 0.679104 0.344937 0.823422 0.094759 -0.559461 -0.142198 -0.636092 -0.758397 0.647947 0.679104 0.344937 0.600574 0.636495 -0.483927 0.586336 0.652353 -0.480256 0.381259 0.828531 -0.410094 0.586336 0.652353 -0.480256 0.497836 0.569799 -0.653826 0.329907 0.735294 -0.592034 0.188700 0.830642 -0.523858 0.069286 0.984961 -0.158277 0.183066 0.376447 -0.908171 -0.026802 0.373802 -0.927121 -0.134183 0.333448 -0.933170 0.441959 0.260751 -0.858302 -0.196267 0.857430 -0.475702 0.591314 0.618542 -0.517448 
						0.046919 0.823433 -0.565471 0.064245 0.605900 -0.792942 -0.094090 0.620945 -0.778187 -0.145231 0.704133 -0.695058 0.214855 0.667119 -0.713295 -0.145231 0.704133 -0.695058 0.214855 0.667119 -0.713295 0.591314 0.618542 -0.517448 0.069256 0.117494 0.990656 -0.074808 0.984009 0.161650 -0.047668 0.220545 0.974211 -0.047668 0.220545 0.974211 -0.613829 -0.054595 0.787549 -0.024352 0.452904 0.891227 -0.024352 0.452904 0.891227 -0.644870 0.110134 0.756315 0.307168 0.651594 0.693594 -0.513476 0.282237 0.810361 -0.989922 0.133052 0.048491 -0.397337 0.181370 0.899571 -0.964036 0.247518 -0.096797 -0.245127 0.268533 0.931559 -0.841425 0.481950 -0.244395 0.939487 0.334772 0.072740 0.742187 -0.558077 0.371090 0.029694 0.859424 -0.510400 0.407238 0.372809 -0.833769 0.088844 -0.231872 -0.968681 0.169137 0.068474 -0.983211 0.087809 0.241604 -0.966394 -0.536416 0.841096 0.069384 0.097282 0.667165 0.738530 -0.344211 0.296595 0.890814 -0.667572 0.457761 0.587199 -0.747293 -0.241047 0.619233 0.908949 0.072150 0.410616 0.990612 0.124581 -0.056282 0.962696 -0.196982 -0.185514 0.889130 -0.204600 0.409373 0.591314 0.618542 -0.517448 0.261226 -0.105633 -0.959480 0.359137 0.485440 -0.797100 -0.548967 0.431589 -0.715797 -0.563634 0.337746 -0.753820 -0.525136 0.256475 -0.811451 0.643957 0.603349 0.470414 0.374091 0.927352 -0.008585 0.462214 0.621560 -0.632472 0.483749 0.551658 0.679455 0.912271 0.085979 0.400461 0.541205 0.687993 -0.483491 0.639796 0.767383 -0.042236 0.610013 0.517388 -0.600161 0.935330 0.228413 -0.270159 -0.030716 0.374639 -0.926662 0.208808 0.402877 -0.891117 0.027367 0.159654 -0.986794 -0.390567 0.175395 -0.903711 -0.330457 0.081609 -0.940286 0.139802 0.554179 -0.820574 -0.940862 0.169064 -0.293590 -0.861399 -0.133665 0.490026 -0.608574 0.221427 0.761976 -0.293148 0.074632 0.953150 
						-0.668115 -0.423003 0.612121 -0.849407 -0.243879 -0.468007 -0.953784 -0.300464 -0.004172 -0.797570 -0.596322 -0.091011 -0.130782 0.872120 -0.471490 0.304219 0.825472 -0.475443 -0.953784 -0.300464 -0.004172 -0.797570 -0.596322 -0.091011 -0.844813 0.509855 0.162295 -0.927777 0.011179 -0.372967 -0.455806 -0.214239 -0.863911 0.173706 0.089795 -0.980695 -0.294761 0.745624 -0.597629 -0.623826 0.495193 -0.604670 -0.271769 0.520152 -0.809681 -0.985739 -0.115303 -0.122572 -0.906334 0.290867 -0.306519 0.100833 0.378648 -0.920032 -0.070270 -0.006199 -0.997509 -0.614524 -0.302473 -0.728608 -0.070270 -0.006199 -0.997509 -0.642897 -0.325961 -0.693133 -0.810301 -0.541151 -0.224872 -0.806529 -0.264389 -0.528781 -0.706334 -0.325912 -0.628390 -0.408204 -0.251189 -0.877653 0.052117 -0.156254 -0.986341 0.288550 0.717989 0.633428 0.091108 0.887770 0.451181 -0.736509 0.312961 -0.599674 -0.074808 0.984009 0.161650 -0.564789 0.023596 0.824898 -0.954546 -0.156188 -0.253863 -0.314483 -0.181721 0.931707 -0.713493 -0.570056 0.407386 -0.053548 -0.066530 0.996346 -0.089860 -0.526901 0.845163 -0.089860 -0.526901 0.845163 -0.053548 -0.066530 0.996346 0.271699 -0.064161 0.960241 0.545411 -0.181562 0.818268 0.554324 0.111145 0.824847 0.807919 0.200978 0.553963 0.445357 0.229990 0.865310 0.739325 0.638674 -0.213293 0.091108 0.887770 0.451181 -0.038882 0.687571 -0.725075 -0.996331 -0.054436 0.066040 -0.627078 -0.641219 0.442279 0.112157 -0.779901 0.615772 0.112157 -0.779901 0.615772 0.803079 -0.517127 0.296049 0.949932 0.150541 -0.273799 0.503923 0.689019 -0.520879 -0.296040 0.820692 -0.488698 -0.825340 0.503391 -0.255756 0.862314 -0.026396 -0.505686 0.570097 0.707987 -0.416825 -0.147303 0.983608 -0.104007 -0.696918 0.685511 0.210666 -0.862690 0.127820 0.489314 -0.493976 -0.596876 0.632239 0.176090 -0.926176 0.333451 0.176090 -0.926176 0.333451 
						0.638323 -0.757847 -0.134951 0.696510 0.691477 -0.191660 0.085370 0.975341 0.203524 -0.440366 0.699678 0.562608 -0.640851 0.132856 0.756081 -0.338988 -0.711693 0.615288 0.194960 -0.957164 0.214072 0.194960 -0.957164 0.214072 0.711322 -0.688521 -0.141281 0.940091 0.022719 -0.340167 -0.387295 -0.687629 0.614140 0.145899 -0.966882 0.209409 0.145899 -0.966882 0.209409 0.679312 -0.725552 -0.110043 0.958464 -0.002309 -0.285203 0.725411 0.676103 -0.129087 0.118471 0.954264 0.274491 -0.426252 0.698964 0.574246 -0.649786 0.113893 0.751536 0.121673 -0.937141 0.327049 0.611482 -0.778769 -0.140028 0.817709 -0.247094 -0.519901 0.561211 0.503777 -0.656697 -0.102262 0.968670 -0.226320 -0.567970 0.749199 0.340751 -0.700019 0.178171 0.691541 -0.438408 -0.559928 0.703049 0.121673 -0.937141 0.327049 -0.302181 0.686053 -0.661829 -0.769746 0.635883 -0.056067 -0.806863 0.188474 0.559866 -0.392114 -0.532378 0.750213 -0.392114 -0.532378 0.750213 -0.438408 -0.559928 0.703049 0.121673 -0.937141 0.327049 0.335789 -0.838126 0.429873 0.335789 -0.838126 0.429873 0.797506 -0.602680 -0.027579 0.875518 -0.123092 -0.467243 0.446983 0.421766 -0.788872 -0.869749 -0.027263 -0.492740 -0.845174 -0.448585 0.290605 -0.253909 -0.564161 0.785654 -0.253909 -0.564161 0.785654 0.445526 -0.390048 0.805834 0.445526 -0.390048 0.805834 0.865562 0.008852 0.500723 0.888325 0.458975 -0.014856 0.408637 0.710156 -0.573319 -0.298989 0.455937 -0.838288 0.407337 0.498930 0.764948 0.498604 0.834608 0.234144 0.239216 0.823043 -0.515147 -0.209248 0.254713 -0.944106 -0.554345 -0.356679 -0.751985 -0.698827 -0.698721 -0.153070 -0.435891 -0.647196 0.625409 -0.435891 -0.647196 0.625409 0.086089 -0.038904 0.995528 0.086089 -0.038904 0.995528 0.680986 0.714755 0.159322 0.249741 0.779477 -0.574495 -0.631652 0.333630 -0.699791 -0.956819 -0.289499 0.026232 
						-0.381613 -0.435343 0.815382 -0.381613 -0.435343 0.815382 -0.381613 -0.435343 0.815382 0.457535 0.243272 0.855266 0.437757 0.718049 -0.541086 -0.554902 0.617311 -0.557683 -0.987569 0.079109 0.135832 -0.415302 -0.379132 0.826912 -0.415302 -0.379132 0.826912 0.525696 -0.297131 0.797093 0.957943 0.252683 0.136000 -0.268823 -0.544960 0.794199 0.792540 0.108357 0.600116 0.543383 0.713252 -0.442725 -0.482789 0.458842 -0.745908 -0.963389 -0.258824 -0.069949 -0.268823 -0.544960 0.794199 -0.462894 0.254699 -0.849033 -0.891489 -0.433285 -0.132332 -0.210682 -0.598523 0.772906 -0.210682 -0.598523 0.772906 0.771880 0.116680 0.624969 0.586808 0.683047 -0.434860 -0.317864 -0.391307 0.863621 0.759827 -0.313585 0.569497 0.628875 0.314441 -0.711086 -0.532113 0.479881 -0.697546 -0.982124 0.056427 0.179580 -0.317864 -0.391307 0.863621 0.508919 -0.065823 -0.858294 -0.429126 0.643469 -0.633876 -0.761833 0.454813 0.461255 -0.068025 -0.294246 0.953306 -0.068025 -0.294246 0.953306 0.747922 -0.642183 0.167970 -0.884914 0.265426 0.382721 -0.027055 -0.434309 0.900358 -0.027055 -0.434309 0.900358 0.676116 -0.733097 0.073728 0.361977 -0.167682 -0.916982 -0.488683 0.460230 -0.741200 0.171754 -0.509083 0.843407 0.473457 -0.880745 -0.011224 0.028936 -0.151803 -0.987987 -0.320309 0.503031 -0.802722 0.433662 -0.419292 0.797579 0.406219 -0.897362 -0.172419 0.019610 -0.273013 -0.961810 -0.319485 0.744817 -0.585813 -0.564907 0.480118 -0.671094 0.199591 0.632618 0.748303 -0.558443 0.578353 0.594684 0.433662 -0.419292 0.797579 0.359461 -0.193860 0.912801 0.359461 -0.193860 0.912801 0.780602 -0.624870 0.014068 0.321280 -0.255220 -0.911944 0.961091 -0.130426 0.243500 0.643144 0.101106 -0.759041 -0.496911 0.241111 -0.833633 -0.921138 0.167430 0.351386 0.150579 -0.130047 0.980007 0.150579 -0.130047 0.980007 -0.976774 -0.108862 0.184559 
						-0.105615 -0.198760 0.974341 -0.105615 -0.198760 0.974341 0.887350 0.048844 0.458502 0.667766 0.318097 -0.672981 -0.540460 0.218575 -0.812482 0.573060 0.751258 -0.327434 -0.376888 0.792831 -0.478930 -0.793093 0.531867 0.296853 -0.162150 0.397952 0.902963 -0.162150 0.397952 0.902963 0.671771 0.482973 0.561659 -0.932016 -0.038826 0.360332 -0.924911 -0.311509 0.217951 0.156634 -0.056137 0.986060 -0.087149 0.094846 0.991670 -0.087149 0.094846 0.991670 0.156634 -0.056137 0.986060 0.478895 0.869930 0.117815 0.185545 0.933068 0.308152 -0.447126 0.526257 -0.723278 -0.651134 0.694785 -0.305448 0.942660 0.173637 -0.285029 0.852385 -0.296700 0.430591 0.055086 -0.305056 0.950740 -0.758017 0.169351 0.629866 -0.611758 0.778098 -0.142536 0.314446 0.756712 -0.573158 0.942660 0.173637 -0.285029 -0.913171 0.118765 0.389890 -0.673438 0.638166 -0.373128 0.392036 0.651140 -0.649864 0.976054 0.177488 -0.125765 0.976054 0.177488 -0.125765 0.748507 -0.260962 0.609620 -0.242133 -0.309503 0.919554 0.925475 -0.089260 -0.368141 0.739345 -0.412495 0.532181 -0.248776 -0.349184 0.903427 -0.929428 0.019050 0.368511 -0.809069 0.337517 -0.481134 0.168601 0.306427 -0.936844 0.925475 -0.089260 -0.368141 -0.876449 0.378798 -0.297236 -0.181880 0.244741 -0.952377 0.656115 -0.264792 -0.706681 0.656115 -0.264792 -0.706681 0.806925 -0.545385 0.226776 0.002375 -0.420697 0.907198 -0.840180 0.045806 0.540369 -0.616686 0.472741 0.629455 -0.583484 0.781540 -0.220776 -0.104900 0.362436 -0.926086 0.358060 -0.561705 -0.745842 0.358060 -0.561705 -0.745842 0.505411 -0.791086 0.344591 -0.098719 -0.233709 0.967282 0.046784 -0.640150 -0.766824 0.146380 -0.970810 0.190001 0.136301 -0.229129 0.963806 -0.027586 0.677712 0.734810 -0.041831 0.991998 -0.119121 0.017561 0.387015 -0.921906 0.046784 -0.640150 -0.766824 0.236749 0.552607 0.799109 
						0.170777 0.981628 -0.085104 0.066036 0.386175 -0.920058 0.023464 -0.583158 -0.812020 0.023464 -0.583158 -0.812020 0.028608 -0.997287 0.067828 0.155119 -0.433858 0.887527 0.153691 -0.964796 0.213421 0.010743 -0.279080 0.960208 0.118295 0.724833 0.678693 0.170763 0.948936 -0.265255 0.282710 0.285126 -0.915848 0.319165 -0.634125 -0.704286 0.319165 -0.634125 -0.704286 -0.417441 -0.583207 0.696859 -0.701529 0.411088 0.582120 0.037214 0.994621 -0.096664 0.631831 0.505943 -0.587207 0.825807 -0.378746 -0.417844 0.825807 -0.378746 -0.417844 0.419819 -0.868910 0.262198 0.280776 -0.805626 0.521663 -0.754962 -0.583653 0.298967 -0.937203 0.322210 -0.133531 -0.143628 0.942643 -0.301322 0.779848 0.592818 -0.201004 0.970703 -0.173938 0.165773 0.970703 -0.173938 0.165773 -0.328085 0.724235 -0.606502 0.739659 0.592812 -0.318556 0.939659 -0.104350 0.325808 0.939659 -0.104350 0.325808 0.272223 -0.656575 0.703423 -0.670956 -0.565416 0.479710 -0.986443 0.079284 -0.143678 -0.703058 -0.563954 0.433204 -0.965348 0.182582 -0.186460 -0.310472 0.731851 -0.606631 0.604229 0.637573 -0.477920 0.994991 -0.028413 0.095844 0.994991 -0.028413 0.095844 0.356829 -0.708922 0.608360 -0.982293 0.186625 0.016502 -0.387806 0.774142 -0.500311 0.611574 0.481179 -0.628048 0.946220 -0.323329 0.011217 0.946220 -0.323329 0.011217 0.265033 -0.784602 0.560498 -0.651113 -0.574526 0.495955 -0.643590 -0.063011 0.762772 -0.903503 0.428260 0.016628 -0.281932 0.471490 -0.835591 0.626219 -0.112420 -0.771500 0.861516 -0.492644 0.122850 0.861516 -0.492644 0.122850 0.209042 -0.463427 0.861125 0.333662 -0.412109 -0.847842 0.605136 -0.776467 0.175809 0.605136 -0.776467 0.175809 0.150038 -0.220408 0.963799 -0.473237 0.490616 0.731672 -0.656457 0.740386 -0.144544 -0.280078 0.359273 -0.890213 -0.010661 0.986865 -0.161195 0.048525 0.435485 -0.898887 
						-0.025985 -0.563543 -0.825678 -0.031681 -0.980763 0.192611 -0.031681 -0.980763 0.192611 0.055669 -0.215906 0.974826 0.017175 0.704941 0.709058 0.729515 -0.022692 -0.683588 0.411465 -0.727846 -0.548576 0.411465 -0.727846 -0.548576 0.234865 -0.960725 0.147803 0.234865 -0.960725 0.147803 0.473168 -0.491681 0.731001 0.777147 0.211928 0.592561 0.871282 0.481838 -0.093271 0.068078 0.546839 0.834465 -0.604762 0.731338 -0.315290 -0.016558 -0.381320 -0.924295 0.732352 -0.584537 0.349253 0.732352 -0.584537 0.349253 -0.637757 0.751343 -0.169559 -0.061621 -0.448280 -0.891767 0.602792 -0.778271 0.175887 0.602792 -0.778271 0.175887 0.159403 0.517269 0.840847 0.330835 -0.122373 -0.935720 0.481175 -0.871859 0.091277 0.481175 -0.871859 0.091277 -0.030783 0.170564 0.984866 -0.177311 0.981924 -0.066224 0.642669 -0.735750 0.213654 -0.119076 0.087609 0.989012 -0.513420 0.840258 -0.174261 0.296677 -0.127134 -0.946477 0.330835 -0.122373 -0.935720 0.642669 -0.735750 0.213654 0.481175 -0.871859 0.091277 -0.056265 0.116234 0.991627 -0.822120 0.450402 -0.348219 0.437193 0.000325 -0.899368 0.945170 -0.223650 0.237980 0.945170 -0.223650 0.237980 -0.969293 -0.078075 -0.233186 0.250646 0.169853 -0.953062 0.941515 0.253941 0.221501 0.941515 0.253941 0.221501 -0.183681 0.048842 0.981772 0.092690 -0.014039 -0.995596 0.946817 0.195389 0.255657 0.946817 0.195389 0.255657 -0.283473 0.103839 0.953342 -0.987943 -0.048582 -0.147000 0.964443 -0.104114 0.242918 -0.210237 0.309983 0.927206 -0.962525 0.179293 -0.203468 0.148890 -0.266848 -0.952168 0.964443 -0.104114 0.242918 0.063414 0.185083 0.980675 -0.907922 -0.271315 -0.319476 0.218173 -0.423045 -0.879451 0.957460 -0.153038 0.244643 0.957460 -0.153038 0.244643 0.219831 -0.385134 -0.896296 0.983325 -0.049929 0.174868 0.983325 -0.049929 0.174868 0.101425 0.594709 0.797517 
						0.063414 0.185083 0.980675 0.957460 -0.153038 0.244643 -0.024378 -0.737671 -0.674720 0.844309 -0.212070 0.492106 0.844309 -0.212070 0.492106 -0.213841 0.368670 0.904630 -0.960539 -0.226808 -0.161006 -0.916163 0.194819 -0.350272 0.464439 0.676846 0.571118 0.473588 -0.565924 0.674866 0.652815 -0.720664 0.233402 0.853142 0.482325 0.198774 0.473588 -0.565924 0.674866 -0.226333 -0.700870 -0.676428 0.190456 -0.587615 -0.786406 -0.125778 0.650758 -0.748795 0.359314 0.475269 -0.803127 -0.815785 -0.018623 -0.578056 0.089103 0.670310 -0.736713 0.361850 0.451364 -0.815681 -0.758486 -0.420564 -0.497820 0.018086 0.913276 0.406939 0.477437 0.811548 0.336814 0.018086 0.913276 0.406939 -0.796652 0.422175 0.432566 -0.397095 0.216983 0.891759 -0.796652 0.422175 0.432566 -0.397095 0.216983 0.891759 -0.331739 -0.332116 -0.882977 0.152776 0.616715 -0.772219 0.430292 0.819758 0.377949 0.376223 0.388199 0.841283 -0.463540 0.533760 0.707270 -0.631096 -0.437050 0.640862 -0.492593 -0.619034 0.611677 -0.018116 0.531797 0.846678 -0.631096 -0.437050 0.640862 -0.858088 -0.162165 -0.487224 -0.505392 -0.318271 -0.802049 -0.492593 -0.619034 0.611677 -0.400115 0.889637 -0.220122 -0.443627 0.732797 -0.515949 0.117423 0.989881 -0.079670 -0.808874 0.497635 0.313181 -0.677183 0.295297 0.673961 0.423971 0.874130 0.236951 -0.805453 -0.202580 -0.556962 -0.668821 -0.524180 -0.527175 0.110562 0.300797 -0.947258 0.462825 0.076465 -0.883145 0.462825 0.076465 -0.883145 0.838106 0.368631 0.402105 0.890206 0.333618 0.310213 0.918885 -0.257245 -0.299123 0.918885 -0.257245 -0.299123 0.962696 -0.196982 -0.185514 0.990612 0.124581 -0.056282 0.877840 0.153789 -0.453591 0.612321 0.521663 -0.594079 0.007863 -0.297747 -0.954613 0.711795 0.627002 0.316568 0.220246 0.960384 -0.170748 -0.094090 0.620945 -0.778187 0.612321 0.521663 -0.594079 
						-0.250333 0.884088 -0.394616 -0.145231 0.704133 -0.695058 -0.397138 0.729193 -0.557278 0.024103 0.865036 -0.501131 -0.047986 0.408205 -0.911628 -0.360387 0.352653 -0.863572 -0.321988 -0.047307 -0.945561 -0.055517 -0.135544 -0.989215 -0.139602 -0.407513 -0.902466 0.007863 -0.297747 -0.954613 0.163574 -0.626950 -0.761693 0.164875 -0.295996 -0.940852 0.163574 -0.626950 -0.761693 0.507044 -0.667847 -0.544874 0.606793 -0.336210 -0.720254 0.164875 -0.295996 -0.940852 0.787512 -0.569740 -0.234989 0.891569 -0.137240 -0.431589 0.931396 -0.355430 0.078553 0.918885 -0.257245 -0.299123 0.934242 0.087212 0.345812 0.989728 -0.025062 -0.140752 0.026120 -0.240726 -0.970242 0.277627 -0.484118 -0.829791 0.277627 -0.484118 -0.829791 0.563030 -0.603976 -0.564101 0.778136 -0.564211 -0.275990 0.950113 -0.297924 0.092336 0.885818 0.186971 0.424698 0.547111 0.712292 0.439671 0.184638 0.977767 0.099402 -0.009491 0.959513 -0.281503 -0.041954 0.910759 -0.410801 -0.148908 0.765943 -0.625425 -0.246992 0.686644 -0.683751 -0.209655 0.461215 -0.862163 -0.152063 0.097186 -0.983581 -0.075448 0.913364 0.400093 -0.301417 0.952288 0.047901 -0.349769 0.830466 -0.433576 -0.322778 0.509232 -0.797808 -0.158029 0.118608 -0.980285 0.096611 -0.228569 -0.968722 0.368363 -0.450970 -0.812979 0.368363 -0.450970 -0.812979 0.643781 -0.557902 -0.523729 0.872613 -0.471610 -0.127008 0.933031 -0.186747 0.307538 0.765005 0.215289 0.606975 0.358265 0.645735 0.674294 0.704284 -0.014605 0.709768 0.165850 0.355512 0.919840 -0.433360 0.541114 0.720691 -0.828438 0.536564 0.160591 -0.789992 0.226804 -0.569625 -0.341752 -0.195384 -0.919255 0.171934 -0.454872 -0.873802 0.663520 -0.552558 -0.504401 0.663520 -0.552558 -0.504401 0.910157 -0.389596 0.140819 -0.937431 0.037284 -0.346170 -0.574119 -0.470602 -0.670016 0.079235 -0.744277 -0.663155 0.674320 -0.653005 -0.344786 
						0.674320 -0.653005 -0.344786 0.921540 -0.295457 0.251930 0.673150 0.127323 0.728463 0.127532 0.467093 0.874963 -0.468974 0.597487 0.650440 -0.874752 0.449480 0.181045 -0.155130 -0.944783 -0.288650 0.548200 -0.828825 -0.111924 0.548200 -0.828825 -0.111924 0.953481 -0.270195 0.133676 0.864057 0.344416 0.367128 0.428603 0.805657 0.408922 -0.134836 0.969629 0.204055 -0.626269 0.770062 -0.121624 -0.895455 0.157461 -0.416372 -0.713717 -0.529410 -0.458620 0.642299 0.764887 -0.048987 0.207136 0.974269 -0.088847 -0.578795 0.782863 -0.228300 -0.892454 0.009653 -0.451034 -0.748650 -0.525395 -0.404331 -0.405090 -0.908458 -0.102988 0.255225 -0.932850 0.254263 0.255225 -0.932850 0.254263 0.841487 -0.395337 0.368251 0.931186 0.324068 0.166951 -0.672383 -0.727490 -0.136601 -0.043068 -0.763214 0.644709 0.255225 -0.932850 0.254263 -0.405090 -0.908458 -0.102988 -0.043068 -0.763214 0.644709 0.521473 -0.224669 0.823158 0.833981 0.382170 0.398022 0.723078 0.689856 -0.035439 0.620261 0.619334 -0.481354 -0.590862 -0.338490 -0.732329 -0.748650 -0.525395 -0.404331 -0.892454 0.009653 -0.451034 -0.164066 0.197107 -0.966556 -0.754295 -0.568362 -0.328640 0.101308 0.116129 -0.988054 -0.420790 -0.650926 0.631848 -0.420790 -0.650926 0.631848 0.157059 -0.168150 0.973169 0.611486 0.478470 0.630200 0.552407 0.738271 -0.387044 -0.539932 -0.737022 -0.406537 -0.129677 -0.913997 0.384439 -0.129677 -0.913997 0.384439 0.381630 -0.330465 0.863222 0.475876 0.613069 0.630626 0.047675 0.950174 -0.308054 -0.465368 0.111099 -0.878117 0.743444 -0.231344 0.627512 0.232599 0.670806 0.704214 -0.488703 0.871890 -0.031267 -0.599262 0.130248 -0.789886 -0.064430 -0.718772 -0.692254 0.536220 -0.843601 -0.028369 0.536220 -0.843601 -0.028369 0.151784 0.773467 0.615394 -0.529127 0.844889 -0.078661 -0.639835 0.155796 -0.752555 0.040758 -0.620349 -0.783266 
						0.745783 -0.659846 -0.091716 0.745783 -0.659846 -0.091716 0.792485 -0.004234 0.609877 0.750714 0.056548 0.658203 0.356486 0.855467 0.375624 -0.269787 0.892986 -0.360267 -0.568404 0.103609 -0.816199 -0.160655 -0.787327 -0.595236 0.572109 -0.795512 0.199631 0.572109 -0.795512 0.199631 -0.611965 0.006808 -0.790856 -0.333273 -0.866059 -0.372653 0.344399 -0.864475 0.366158 0.344399 -0.864475 0.366158 0.736806 -0.023592 0.675693 0.496209 0.826111 0.267052 -0.171679 0.863688 -0.473887 0.482897 0.827040 0.287776 -0.343524 0.876089 -0.338318 -0.768567 -0.027013 -0.639198 -0.299562 -0.883301 -0.360612 0.464236 -0.851978 0.242114 0.464236 -0.851978 0.242114 0.811135 -0.041515 0.583383 -0.558913 0.806157 -0.194232 -0.856598 -0.084391 -0.509036 -0.264876 -0.882999 -0.387497 0.612399 -0.785333 0.090665 0.612399 -0.785333 0.090665 0.886006 0.039905 0.461953 0.354913 0.881448 0.311586 0.354581 0.827558 0.435224 -0.618959 0.785397 0.006468 -0.901208 -0.064247 -0.428598 -0.251311 -0.825755 -0.504946 0.646391 -0.757761 -0.089312 0.646391 -0.757761 -0.089312 0.928711 0.017649 0.370385 0.120206 -0.198456 -0.972710 0.810949 -0.238716 -0.534206 0.946728 0.313733 -0.072654 0.426840 0.897648 0.109705 -0.218500 0.929941 -0.295749 -0.409810 0.418591 -0.810455 -0.646139 0.763188 -0.006962 -0.403045 0.286613 -0.869142 -0.488154 -0.292246 -0.822374 -0.784052 0.600649 0.156467 -0.403045 0.286613 -0.869142 0.654218 0.359282 -0.665518 0.736125 0.203567 -0.645508 -0.488154 -0.292246 -0.822374 0.366888 0.893477 0.259022 0.528360 0.803584 0.274022 -0.751916 0.218424 -0.622023 -0.077951 0.987295 -0.138464 0.826807 0.380293 0.414448 0.826807 0.380293 0.414448 0.642114 -0.641173 0.420223 -0.622406 -0.710967 -0.327319 0.707040 0.369241 0.603121 0.716149 -0.636369 0.286644 -0.341595 -0.572077 -0.745681 -0.678489 0.286427 -0.676471 
						-0.067879 0.994039 -0.085322 0.707040 0.369241 0.603121 0.094624 0.198602 0.975502 0.287295 -0.451788 0.844600 -0.911256 -0.406625 0.065337 -0.914967 -0.352624 0.196195 -0.278300 -0.299654 -0.912555 -0.231455 -0.307941 -0.922822 0.914716 -0.342082 -0.215115 0.922008 0.191524 -0.336481 0.922008 0.191524 -0.336481 0.914716 -0.342082 -0.215115 0.034343 -0.539573 -0.841238 0.742712 0.603660 -0.289782 0.742712 0.603660 -0.289782 -0.183949 0.394941 0.900102 -0.672586 -0.700936 0.237310 0.367057 0.204111 0.907528 0.128135 -0.826115 0.548740 0.620323 -0.632158 -0.464301 0.893132 0.444128 -0.071174 0.893132 0.444128 -0.071174 -0.487782 -0.714523 -0.501524 -0.601947 0.425369 -0.675811 0.023421 0.998116 0.056706 0.596004 0.215647 0.773483 0.596004 0.215647 0.773483 0.707040 0.369241 0.603121 0.716149 -0.636369 0.286644 0.301845 -0.851416 0.428929 -0.001754 0.983763 0.179467 0.662860 0.169508 0.729304 0.662860 0.169508 0.729304 0.442835 -0.830075 0.338929 -0.380853 -0.814169 -0.438268 -0.726145 0.346896 -0.593614 0.827056 -0.557541 -0.071603 -0.133355 -0.807501 -0.574594 -0.932858 0.079353 -0.351396 -0.249679 0.916292 0.313159 0.811483 0.388589 0.436457 0.811483 0.388589 0.436457 -0.020395 -0.728016 -0.685257 -0.943893 -0.328234 0.036450 -0.424070 0.711622 0.560142 0.659895 0.741053 0.124010 0.659895 0.741053 0.124010 0.830779 -0.062568 -0.553075 0.513634 0.192666 -0.836098 -0.136715 -0.737152 -0.661753 -0.738656 -0.572386 0.356035 -0.398991 0.492181 0.773669 0.403535 0.914905 0.010367 0.403535 0.914905 0.010367 0.347099 0.937548 0.022936 0.193832 0.342047 -0.919474 -0.231185 -0.690871 -0.685019 -0.512860 -0.718459 0.469884 -0.092832 0.373935 0.922797 0.347099 0.937548 0.022936 -0.066421 -0.756063 0.651120 0.342376 0.819453 0.459648 0.342376 0.819453 0.459648 -0.175248 0.464590 -0.868011 
						-0.443956 -0.681889 -0.581317 -0.497478 0.606371 -0.620347 -0.342344 -0.771112 -0.536830 0.488047 -0.483197 0.726863 0.171718 0.862539 0.475961 0.171718 0.862539 0.475961 0.669330 -0.497010 0.552248 0.029488 0.749555 0.661285 0.029488 0.749555 0.661285 -0.688783 0.512091 -0.513167 -0.056998 -0.752432 -0.656199 0.772818 -0.460862 0.436300 0.156641 0.736106 0.658492 0.156641 0.736106 0.658492 -0.282186 0.676463 -0.680271 0.140441 -0.664670 -0.733819 0.909447 -0.341130 0.237772 0.080996 0.540130 0.837674 -0.051509 -0.797203 -0.601510 0.689297 -0.589728 0.420822 -0.006458 0.123402 0.992336 0.080996 0.540130 0.837674 -0.903095 0.016178 0.429136 -0.868669 -0.286171 0.404376 -0.202815 -0.953613 -0.222461 -0.519032 0.508684 0.686911 -0.882469 -0.436399 0.175512 -0.515650 -0.798203 0.311411 -0.325243 0.555788 0.765059 -0.604745 -0.036849 -0.795566 -0.039086 -0.415382 -0.908807 -0.194012 0.902517 -0.384477 0.082763 0.883068 -0.461888 -0.194012 0.902517 -0.384477 0.082763 0.883068 -0.461888 0.473588 -0.565924 0.674866 0.376223 0.388199 0.841283 0.075789 0.856093 -0.511235 -0.165069 0.276861 -0.946626 -0.486650 -0.580186 -0.653112 -0.658792 -0.713053 0.239893 -0.461476 -0.143690 0.875439 -0.461476 -0.143690 0.875439 -0.933582 0.204854 0.294040 -0.414936 0.795274 0.442004 -0.127603 0.537433 0.833596 0.133379 0.974401 0.180976 -0.829747 -0.523313 0.194072 -0.603702 -0.049205 0.795690 -0.603702 -0.049205 0.795690 -0.085551 0.525457 0.846508 0.364268 0.901219 0.234763 0.389274 0.637809 -0.664579 0.043167 -0.134660 -0.989951 -0.522794 -0.606308 -0.599230 -0.956995 -0.278620 -0.080813 -0.816209 0.236630 0.527076 -0.816209 0.236630 0.527076 -0.183892 0.604279 0.775262 0.635309 0.552249 0.539818 0.978288 0.055389 -0.199713 0.456911 -0.449234 -0.767738 -0.399348 -0.588292 -0.703160 0.991005 -0.133818 0.001141 
						0.636757 -0.543899 -0.546548 -0.180900 -0.645314 -0.742190 -0.928469 -0.185807 -0.321590 -0.859744 0.399397 0.318312 -0.859744 0.399397 0.318312 -0.221699 0.612530 0.758721 0.672384 0.351115 0.651627 0.658002 0.475471 0.583918 0.886378 0.395037 -0.241411 0.566090 -0.027793 -0.823875 -0.098344 -0.389680 -0.915684 -0.822911 -0.319082 -0.470110 -0.944225 0.139484 0.298299 -0.944225 0.139484 0.298299 -0.215701 0.247632 0.944538 -0.547592 -0.532397 0.645521 0.191211 -0.179911 0.964920 0.572574 0.546185 0.611425 0.445249 0.854471 -0.267642 0.028061 0.563451 -0.825673 -0.473517 0.068500 -0.878117 -0.870155 -0.381704 -0.311660 -0.547592 -0.532397 0.645521 -0.173796 0.597007 -0.783184 -0.603844 -0.203779 -0.770615 -0.623767 -0.781245 0.023888 -0.169466 -0.666062 0.726390 -0.169466 -0.666062 0.726390 0.271499 -0.088674 0.958345 0.472975 0.656674 0.587430 0.233458 0.948444 -0.214364 0.615545 0.704699 -0.352851 0.490631 -0.218622 -0.843496 -0.176718 -0.787910 -0.589889 -0.631571 -0.762613 0.139785 -0.456650 -0.325405 0.827999 -0.456650 -0.325405 0.827999 -0.011161 0.293100 0.956017 0.363305 0.792025 0.490618 0.753008 -0.473785 -0.456625 0.092953 -0.930005 -0.355599 -0.664481 -0.733258 0.144216 -0.766050 -0.015446 0.642595 -0.766050 -0.015446 0.642595 -0.320086 0.619657 0.716639 0.432676 0.847915 0.306318 0.918226 0.297627 -0.261301 -0.737295 -0.146988 0.659387 -0.349414 0.654036 0.670930 0.297575 0.946542 0.124527 0.691224 0.518034 -0.503835 0.622762 -0.243139 -0.743674 0.141763 -0.858054 -0.493605 -0.478144 -0.874688 0.079360 -0.737295 -0.146988 0.659387 -0.077742 -0.857487 -0.508598 -0.302976 -0.875128 0.377302 -0.400903 -0.090421 0.911647 -0.400903 -0.090421 0.911647 -0.227624 0.645756 0.728826 0.002712 0.993786 -0.111273 0.158352 0.649593 -0.743608 0.127346 -0.072458 -0.989208 -0.785354 -0.167417 0.595979 
						-0.364185 -0.289712 0.885120 -0.113387 0.934493 0.337439 0.019640 0.892977 0.449673 0.146542 0.093587 -0.984767 0.704131 0.386777 -0.595486 -0.207741 -0.945076 -0.252339 -0.349696 -0.833636 -0.427509 -0.364185 -0.289712 0.885120 -0.785354 -0.167417 0.595979 0.762640 0.089549 -0.640595 -0.328156 -0.666945 -0.668953 -0.924498 -0.042270 0.378835 -0.924498 -0.042270 0.378835 0.286706 0.820869 0.493937 -0.792262 -0.082893 0.604524 0.371715 0.675526 0.636783 0.837780 0.135742 -0.528865 -0.343239 -0.677209 -0.650827 -0.792262 -0.082893 0.604524 0.966520 -0.254851 -0.029837 -0.112853 -0.824713 -0.554178 -0.483791 -0.116825 0.867351 -0.483791 -0.116825 0.867351 0.430915 0.578356 0.692688 -0.354104 -0.539037 0.764231 -0.071530 0.752329 0.654893 -0.148943 -0.785534 -0.600627 -0.112853 -0.824713 -0.554178 -0.483791 -0.116825 0.867351 -0.354104 -0.539037 0.764231 -0.149318 0.549396 -0.822112 -0.105637 0.674758 -0.730440 -0.107778 -0.715035 -0.690731 0.014275 -0.449294 0.893270 0.014275 -0.449294 0.893270 -0.125099 0.902429 0.412277 0.564041 -0.517215 0.643697 -0.112914 0.826169 0.551992 -0.683444 0.470705 -0.557979 -0.096530 -0.775901 -0.623426 0.564041 -0.517215 0.643697 -0.994799 0.092489 0.042671 -0.478312 -0.878130 -0.010298 0.257626 -0.550506 0.794086 0.257626 -0.550506 0.794086 -0.342025 0.421387 0.839912 0.358530 0.869426 0.339934 -0.988914 0.075463 0.127886 -0.701733 0.525513 -0.481047 0.326537 0.881108 0.342084 0.011128 -0.886546 -0.462507 0.118940 -0.809937 -0.574330 0.011128 -0.886546 -0.462507 0.965276 -0.079957 -0.248695 0.953538 -0.217979 0.207966 0.118940 -0.809937 -0.574330 -0.975676 0.215383 -0.040817 -0.437813 -0.329191 -0.836632 0.442140 0.395903 -0.804843 -0.167033 0.985875 0.012258 -0.479207 0.479543 0.735119 -0.424462 0.768583 0.478657 0.497928 -0.139606 0.855908 0.715508 -0.227249 0.660611 
						0.658840 -0.539496 -0.524284 0.698616 -0.349813 -0.624152 -0.333901 0.448902 -0.828853 -0.510503 0.248027 -0.823328 -0.424462 0.768583 0.478657 -0.479207 0.479543 0.735119 0.671959 0.115783 -0.731482 -0.635051 0.166861 -0.754233 -0.729396 -0.047825 0.682418 -0.729396 -0.047825 0.682418 0.804794 -0.094372 0.586003 -0.579928 -0.563710 0.588145 0.862647 -0.119517 0.491483 0.556130 0.573975 -0.601059 -0.717682 0.257979 -0.646823 -0.579928 -0.563710 0.588145 0.470808 0.774409 -0.422648 -0.790748 0.085346 -0.606162 -0.322352 -0.792335 0.517972 -0.322352 -0.792335 0.517972 0.766084 0.024560 0.642271 -0.727608 -0.195066 0.657674 0.076567 0.555950 0.827682 -0.002618 0.972063 -0.234707 -0.897587 0.203038 -0.391298 0.755811 0.106674 0.646042 0.678926 0.290588 0.674254 -0.656003 0.238354 0.716133 -0.611380 0.617653 0.494691 -0.612985 -0.566494 -0.550757 -0.632736 -0.424135 -0.647884 -0.632736 -0.424135 -0.647884 -0.612985 -0.566494 -0.550757 0.621225 -0.587016 -0.519126 0.643117 -0.669242 -0.372178 -0.258590 0.954714 0.147149 -0.535909 -0.283960 -0.795091 -0.535909 -0.283960 -0.795091 0.304291 -0.952337 -0.021458 0.618841 -0.013211 0.785405 -0.300843 -0.106325 -0.947728 0.267171 -0.953455 0.139795 0.481252 0.051821 0.875049 0.224038 0.959654 -0.169914 -0.300843 -0.106325 -0.947728 0.253259 0.276897 0.926924 0.490457 0.827039 -0.274695 -0.430742 0.020383 -0.902245 -0.312887 0.496701 0.809561 -0.147742 0.970356 -0.191260 -0.686502 0.107473 -0.719141 -0.430742 0.020383 -0.902245 -0.909891 -0.329491 0.252060 -0.867495 -0.367128 0.335663 -0.349884 -0.910689 -0.219605 0.288512 -0.850341 -0.440092 0.292929 -0.426409 0.855785 -0.242883 -0.534600 0.809451 -0.684154 0.306808 0.661666 -0.754914 0.396284 0.522555 -0.647489 0.047238 -0.760610 -0.784144 0.047788 -0.618736 0.288512 -0.850341 -0.440092 0.385981 -0.045807 0.921369 
						-0.287322 -0.407738 0.866716 -0.795813 -0.588260 -0.143640 -0.537801 -0.093410 -0.837881 0.242402 0.533089 -0.810591 0.719734 0.611073 0.329505 0.359735 0.136402 -0.923031 0.993429 0.111154 0.027275 0.336188 0.232281 0.912701 -0.506436 0.048511 0.860912 -0.991582 0.058523 0.115499 -0.795813 -0.588260 -0.143640 -0.991582 0.058523 0.115499 -0.628437 0.230841 -0.742818 0.776237 -0.518364 -0.358824 0.779984 -0.186679 0.597307 -0.118133 0.381375 0.916841 -0.688040 0.684590 0.240702 -0.688040 0.684590 0.240702 -0.486317 0.479189 -0.730667 0.344389 -0.204725 -0.916233 0.262711 0.413347 0.871853 0.597331 0.733996 0.323179 0.561065 0.692237 -0.453888 0.164223 0.298357 -0.940220 -0.411657 -0.243572 -0.878186 -0.787319 -0.589350 -0.181096 -0.787319 -0.589350 -0.181096 -0.688660 -0.473931 0.548759 -0.293921 -0.077741 0.952663 -0.952503 0.303326 0.027036 -0.463297 0.442135 -0.768032 -0.340889 -0.145370 -0.928796 -0.882708 -0.469412 -0.021868 0.303971 0.769873 -0.561157 0.416630 0.858646 0.298574 0.698908 0.527254 0.483250 0.561892 0.436682 -0.702557 -0.358782 0.572456 0.737272 -0.270828 -0.086934 0.958694 -0.952503 0.303326 0.027036 -0.882708 -0.469412 -0.021868 -0.674680 -0.139325 0.724842 0.183459 -0.658887 0.729528 0.903291 -0.426440 0.047057 0.903291 -0.426440 0.047057 0.920726 -0.172891 0.349818 0.891196 0.337999 -0.302533 0.747891 0.299383 -0.592477 -0.087532 0.812531 -0.576309 -0.800589 0.593358 0.083565 -0.257797 0.853806 -0.452278 -0.831841 0.486754 0.266667 -0.531170 -0.311768 0.787819 0.358954 -0.733362 0.577350 0.924012 -0.354815 -0.142503 0.924012 -0.354815 -0.142503 0.617849 0.433613 -0.655929 -0.892839 0.267254 0.362510 -0.411065 -0.472370 0.779674 0.507924 -0.745171 0.432127 0.920915 -0.233484 -0.312090 0.920915 -0.233484 -0.312090 0.467847 0.506349 -0.724382 -0.482118 0.773620 -0.411186 
						-0.643442 0.643104 -0.415210 -0.889677 0.051624 0.453663 -0.338804 -0.524299 0.781231 0.523138 -0.810351 0.263927 0.870850 -0.079474 -0.485082 0.870850 -0.079474 -0.485082 0.376613 0.546512 -0.747989 0.655166 0.685485 0.317597 0.514763 0.395378 0.760720 0.760610 -0.177795 0.624389 0.995071 0.097017 -0.020532 -0.016990 0.293349 0.955854 -0.684264 0.257114 0.682404 -0.751744 -0.216426 0.622929 0.062344 -0.363295 0.929586 -0.662349 0.707913 -0.245262 -0.746993 0.422501 -0.513316 0.356478 0.877807 -0.319967 0.574374 0.434178 -0.693963 0.775725 -0.552498 0.304952 0.490648 -0.869433 -0.057885 0.790122 0.297427 -0.535952 0.872823 0.456175 -0.173446 0.872823 0.456175 -0.173446 0.790122 0.297427 -0.535952 0.193807 0.817777 0.541922 0.060702 0.838338 0.541761 -0.350531 -0.424930 0.834603 -0.051174 -0.213091 0.975691 -0.087431 0.481473 -0.872089 0.462214 0.621560 -0.632472 0.374091 0.927352 -0.008585 -0.341778 0.935690 0.087595 0.483749 0.551658 0.679455 -0.019203 0.275874 0.961002 0.912271 0.085979 0.400461 0.505129 -0.662306 0.553349 -0.045626 0.256970 0.965342 0.484660 -0.677427 0.553351 0.508850 -0.550947 -0.661459 0.498173 -0.646824 -0.577445 0.498173 -0.646824 -0.577445 0.508850 -0.550947 -0.661459 -0.088065 0.322079 -0.942608 -0.447571 0.893463 0.037475 0.664559 -0.593976 -0.453381 -0.038430 0.142279 -0.989080 -0.675952 0.723292 -0.141198 -0.208039 0.313225 0.926612 0.568005 -0.526109 0.632914 0.664559 -0.593976 -0.453381 0.283226 0.566532 -0.773838 -0.280976 0.948343 -0.147304 0.045050 0.716443 0.696189 0.800814 0.159157 0.577378 0.942502 0.081816 -0.324031 0.942502 0.081816 -0.324031 0.406543 -0.831327 -0.378970 0.053022 -0.963249 -0.263324 -0.329334 0.142480 -0.933402 -0.080218 0.055266 -0.995244 0.336108 0.818889 -0.465244 0.505123 0.804308 -0.312954 0.767287 -0.177463 0.616261 
						0.978123 -0.072848 0.194852 0.978123 -0.072848 0.194852 0.767287 -0.177463 0.616261 0.053022 -0.963249 -0.263324 0.406543 -0.831327 -0.378970 0.880046 -0.458441 0.123899 0.592677 0.618817 0.515558 -0.476542 0.874577 0.089570 -0.822982 -0.030750 -0.567235 0.012647 -0.841355 -0.540335 0.880046 -0.458441 0.123899 0.935330 0.228413 -0.270159 0.503485 0.574592 0.645249 -0.586173 0.784862 0.200981 -0.839109 -0.045025 -0.542097 0.099463 -0.788677 -0.606708 0.902308 -0.401419 0.157173 0.902308 -0.401419 0.157173 0.925084 0.227909 -0.303771 0.514647 0.829302 0.217709 0.405196 0.602670 0.687463 0.966098 -0.229825 0.117623 -0.330378 0.935865 -0.122502 -0.622890 0.734572 0.269094 -0.420845 0.379564 -0.823906 -0.804883 0.018646 -0.593141 0.374851 -0.087318 -0.922964 0.210838 -0.642895 -0.736365 0.925084 0.227909 -0.303771 0.966098 -0.229825 0.117623 0.985519 0.032549 0.166414 0.372374 0.617028 0.693263 0.392129 0.608496 0.689905 0.912911 -0.212900 0.348235 -0.594925 0.745645 0.300127 -0.592959 0.751082 0.290304 -0.828044 0.213418 -0.518455 -0.890657 0.076096 -0.448263 -0.083582 -0.849702 -0.520597 0.912911 -0.212900 0.348235 0.056886 0.864257 -0.499823 -0.902971 -0.125325 -0.411019 -0.769456 -0.292309 -0.567884 0.065590 0.799437 -0.597159 0.030067 -0.851237 0.523919 0.228509 -0.969720 0.086173 0.030067 -0.851237 0.523919 0.917212 0.261844 0.300268 0.966724 -0.012389 0.255520 0.228509 -0.969720 0.086173 0.959323 0.136885 0.246905 0.055375 0.633480 -0.771775 -0.936899 -0.195932 -0.289537 -0.129749 -0.688848 0.713199 -0.129749 -0.688848 0.713199 -0.360372 -0.145349 0.921415 0.699435 -0.308932 0.644478 0.233480 -0.889489 -0.392806 -0.649181 -0.738308 -0.182935 -0.795813 -0.588260 -0.143640 -0.649181 -0.738308 -0.182935 -0.309508 0.028518 0.950469 0.290687 -0.381048 0.877670 0.418222 -0.907006 -0.049294 
						-0.105376 -0.504808 -0.856776 -0.300843 -0.106325 -0.947728 -0.105376 -0.504808 -0.856776 -0.761422 -0.130922 -0.634898 -0.940129 0.064492 0.334662 -0.112049 0.963075 0.244810 -0.389847 0.638921 -0.663174 0.482827 0.641324 0.596307 0.906476 -0.408814 0.105698 0.292302 -0.676929 -0.675520 -0.160426 -0.256330 -0.953183 0.292302 -0.676929 -0.675520 0.003691 -0.075434 -0.997144 -0.261490 -0.722242 -0.640305 -0.698010 -0.587890 0.408861 -0.371624 0.564570 0.736991 0.156641 0.736106 0.658492 -0.061258 0.965649 0.252527 -0.061258 0.965649 0.252527 0.770946 0.474945 -0.424346 -0.838038 -0.066778 -0.541509 -0.307386 -0.271644 -0.911989 -0.650466 0.754363 -0.088492 -0.838038 -0.066778 -0.541509 0.318621 0.945171 0.071636 0.384913 0.110229 0.916347 -0.826048 0.286451 -0.485376 -0.507622 0.548285 -0.664608 0.113579 0.927109 -0.357167 -0.018313 -0.202306 0.979151 0.171754 -0.509083 0.843407 0.171754 -0.509083 0.843407 -0.018313 -0.202306 0.979151 -0.488385 -0.276285 0.827736 -0.027055 -0.434309 0.900358 -0.488385 -0.276285 0.827736 0.870346 0.012357 -0.492286 0.495813 -0.863331 0.093965 -0.197476 -0.507007 0.839015 -0.392850 -0.198368 0.897953 0.941109 0.286092 -0.180180 0.789336 0.454836 -0.412400 0.436864 0.547975 -0.713354 0.870346 0.012357 -0.492286 -0.866177 -0.030434 0.498810 -0.081131 -0.307374 0.948124 0.774073 0.017050 0.632867 -0.675678 0.588945 -0.443399 0.941109 0.286092 -0.180180 0.995071 0.097017 -0.020532 0.870346 0.012357 -0.492286 0.789336 0.454836 -0.412400 0.655166 0.685485 0.317597 0.655166 0.685485 0.317597 0.283226 0.566532 -0.773838 0.985519 0.032549 0.166414 0.344029 -0.140174 -0.928437 -0.132833 -0.960978 -0.242646 0.760834 -0.583333 0.284348 0.912911 -0.212900 0.348235 0.760834 -0.583333 0.284348 0.993723 0.106579 -0.034001 0.487478 0.476089 -0.731918 -0.513448 0.213913 -0.831031 
						-0.731951 -0.281714 -0.620391 0.018771 -0.952778 0.303086 0.878301 -0.436632 -0.194782 -0.667266 -0.561185 -0.489721 0.018771 -0.952778 0.303086 0.200069 0.002482 -0.979779 -0.859790 0.489044 0.146961 -0.474266 -0.252591 -0.843368 0.159770 0.985541 -0.056417 0.369445 0.257719 -0.892800 0.369445 0.257719 -0.892800 0.541205 0.687993 -0.483491 0.210270 0.674298 -0.707890 0.121778 0.467063 -0.875798 0.610013 0.517388 -0.600161 -0.463297 0.442135 -0.768032 0.677808 0.455930 0.576805 0.217463 0.570698 0.791842 -0.986373 0.161873 -0.029425 -0.942737 0.220196 0.250520 -0.718998 0.598448 -0.353415 -0.720475 0.445859 -0.531154 -0.772028 0.632979 0.057542 -0.940862 0.169064 -0.293590 -0.986373 0.161873 -0.029425 -0.816966 0.260250 -0.514623 -0.837015 0.346615 0.423396 -0.786475 0.481282 0.387071 -0.655824 -0.395589 -0.642965 -0.562996 -0.357921 -0.744935 -0.562996 -0.357921 -0.744935 0.989728 -0.025062 -0.140752 0.957980 0.064851 -0.279409 0.975972 0.060863 -0.209224 0.004157 0.094191 -0.995545 0.067912 -0.699209 -0.711685 0.724279 0.108382 -0.680936 0.724279 0.108382 -0.680936 0.067912 -0.699209 -0.711685 0.616956 -0.782012 -0.088439 0.983073 -0.170865 -0.066122 0.667929 -0.738865 0.089161 0.952332 0.019109 -0.304465 0.952332 0.019109 -0.304465 0.208138 0.266059 -0.941218 0.406543 -0.831327 -0.378970 -0.557744 -0.694213 0.454960 -0.993430 0.113421 0.015207 -0.851869 0.092339 0.515551 -0.747293 -0.241047 0.619233 0.264335 -0.250860 0.931234 -0.329175 -0.050770 0.942903 0.489145 -0.393069 0.778610 -0.404686 -0.806251 0.431496 -0.557744 -0.694213 0.454960 -0.747293 -0.241047 0.619233 
					</float_array>
					<technique_common>
						<accessor count="2040" offset="0" source="#meshId0-normals-array" stride="3">
							<param name="X" type="float" />
							<param name="Y" type="float" />
							<param name="Z" type="float" />
						</accessor>
					</technique_common>
				</source>
				<source id="meshId0-tangents" name="meshId0-tangents">
					<float_array id="meshId0-tangents-array" count="6120"> 
						-0.958500 0.269385 -0.093321 -0.926997 0.355819 -0.118617 -0.887135 0.372387 -0.272616 -0.879039 0.394203 -0.268132 -0.893237 0.420528 -0.159011 -0.938939 0.337351 0.067727 0.035154 0.961209 -0.273572 0.069171 0.981463 -0.178733 0.047708 0.962207 -0.268107 0.138892 0.962649 -0.232415 0.778183 -0.577407 -0.247047 0.680044 -0.493213 -0.542477 0.632711 -0.505298 -0.586814 0.831681 -0.544888 -0.106788 -0.325833 0.855735 -0.401933 -0.583253 0.700951 -0.410469 -0.746756 0.555445 -0.365837 -0.615006 0.706074 -0.351037 0.683713 -0.430593 -0.589174 0.823204 -0.355850 0.442387 0.844244 -0.309146 0.437814 -0.014528 0.813059 -0.582000 0.055934 0.884381 -0.463402 0.118462 0.899707 -0.420113 0.060231 0.898949 -0.433893 -0.778377 -0.508553 0.368108 -0.349765 -0.896937 0.270496 -0.201698 -0.976840 -0.071431 -0.708826 -0.685140 0.167777 0.007284 0.897858 -0.440225 0.069052 0.922491 -0.379792 -0.954051 0.274431 0.120312 -0.877473 0.472050 0.084907 0.199071 0.823751 0.530854 0.246745 0.435725 0.865599 0.334292 0.500380 0.798667 0.251976 0.827258 0.502149 0.244021 0.964219 0.103609 0.192010 0.977334 0.089168 0.165872 0.952023 0.257176 0.083187 0.797253 0.597886 0.431250 -0.020712 0.901995 0.514350 0.010402 0.857517 0.503758 0.103837 0.857581 0.310099 0.109608 0.944365 0.051625 0.165554 0.984848 0.115913 0.051202 0.991939 0.590591 0.017987 0.806771 0.554447 0.033255 0.831554 0.380923 0.887620 -0.258897 0.238961 0.948486 -0.208018 0.224476 0.962244 -0.153941 0.137527 0.989232 0.050063 0.259532 0.941881 -0.213315 0.223221 0.941548 -0.252309 0.279409 -0.100425 -0.954906 0.445060 0.093710 -0.890584 0.381260 -0.291431 -0.877330 0.365362 -0.421584 -0.829926 0.017496 -0.980696 0.194756 -0.457053 -0.785589 0.417077 -0.023826 -0.887819 0.459576 -0.476004 0.876858 -0.067385 -0.248395 0.966064 -0.070860 
						-0.451219 0.877352 -0.163264 -0.541877 0.836048 -0.085983 0.160870 0.980940 0.108979 0.190591 0.971806 -0.138809 0.203030 0.948485 -0.243216 0.057748 0.181513 -0.981691 0.078705 0.089228 -0.992897 -0.074111 0.003820 -0.997243 0.426822 0.217123 -0.877884 -0.137874 -0.362653 0.921669 -0.145690 -0.218018 0.965009 0.218148 -0.356978 0.908283 0.319889 -0.421640 0.848464 0.227872 -0.457009 0.859777 -0.211681 -0.479429 0.851669 0.716841 0.373663 -0.588655 0.336720 0.191388 -0.921949 0.219334 0.165114 -0.961577 0.093063 0.146095 -0.984884 0.760886 0.635767 -0.129816 0.783267 0.620605 -0.036628 0.786274 0.615056 0.058975 0.617588 0.729439 0.294116 -0.582261 0.576983 -0.572768 -0.754680 0.484911 -0.441950 -0.583342 0.427147 -0.690838 -0.299081 0.537190 -0.788656 0.832610 0.550417 -0.061664 0.385698 0.552259 0.739086 0.188947 0.349507 0.917684 0.276878 0.475891 0.834785 0.198173 0.865471 -0.460094 0.442224 0.779413 -0.443795 0.453272 0.708256 -0.541220 0.004983 0.835592 -0.549328 -0.518279 0.736920 -0.433976 0.100620 0.805117 -0.584518 -0.374334 0.755605 -0.537526 -0.600332 0.638037 -0.482192 -0.774531 0.549228 -0.313767 -0.815827 0.499381 -0.291624 -0.877550 0.461115 -0.131451 -0.889732 0.435947 -0.135379 -0.316237 -0.638239 -0.701886 -0.433353 -0.362573 -0.825073 0.107137 -0.856332 -0.505190 0.629934 -0.718255 -0.295454 -0.918338 0.394199 -0.035530 -0.804247 0.496953 -0.325922 -0.821033 0.492295 -0.289050 -0.827932 0.526798 -0.192388 -0.856928 0.515435 0.001213 -0.882257 0.458818 0.105396 -0.881295 0.472021 -0.022710 -0.796451 0.179341 0.577496 -0.822606 0.191823 0.535279 -0.904110 0.427205 0.008994 -0.888481 0.402255 0.220891 -0.103405 -0.159615 0.981749 -0.464588 0.285634 0.838195 -0.384860 0.254467 0.887203 -0.306716 0.046123 0.950683 -0.841756 -0.537402 0.051434 -0.639501 -0.208314 0.740030 
						-0.728944 -0.288427 0.620847 -0.738796 -0.652216 -0.169691 0.342869 0.211315 0.915307 0.505639 0.386709 0.771224 0.596565 -0.269505 0.755961 0.498001 -0.025560 0.866800 0.604693 0.051585 0.794787 0.922176 0.087149 0.376824 0.856138 0.478360 0.195444 0.598713 0.305301 0.740496 -0.803820 0.339932 0.488180 -0.837545 0.510997 0.193389 -0.882396 0.461204 0.093104 0.470116 -0.229294 0.852300 0.348042 0.020069 0.937264 0.430467 -0.135611 0.892361 0.290879 -0.173000 -0.940989 0.302369 -0.161428 -0.939422 -0.085198 -0.436567 -0.895629 -0.164205 -0.544305 -0.822659 -0.176809 -0.015558 -0.984122 -0.858290 -0.108608 -0.501540 0.140021 0.891606 -0.430619 0.050911 0.200426 -0.978385 0.875287 0.028254 0.482778 0.904681 -0.375134 0.202056 0.784559 0.191390 -0.589777 0.870708 0.449254 0.200096 0.748671 -0.403333 0.526131 0.867231 -0.048885 0.495500 0.568738 0.787542 0.237308 0.202822 0.893533 -0.400578 0.591356 0.671902 -0.445922 0.239142 -0.968863 -0.064149 0.519455 -0.847997 -0.105207 0.231161 -0.972805 -0.014674 -0.287933 -0.581006 -0.761266 -0.248997 -0.753376 -0.608626 0.031363 -0.994654 0.098384 0.677663 -0.432944 0.594417 0.829522 -0.219602 0.513486 0.483029 -0.850442 -0.208401 -0.235324 -0.470687 -0.850339 0.654458 0.746592 0.119518 0.614240 -0.341425 0.711433 0.686013 0.041983 0.726377 0.582521 0.797240 0.158359 0.762006 0.619102 0.189893 0.253754 0.937964 -0.236288 -0.113652 0.886554 -0.448448 -0.006147 0.836500 -0.547933 0.186612 0.964948 -0.184528 0.118074 -0.972717 0.199702 0.109361 -0.977063 0.182725 0.339786 -0.777521 0.529157 0.415188 -0.807496 0.419010 0.792692 -0.513536 0.328512 0.719070 -0.506399 0.475919 0.926188 0.008486 0.376966 0.848539 -0.529122 0.003434 0.340396 -0.842113 -0.418302 0.252859 -0.937174 -0.240346 0.279284 -0.920286 -0.273998 0.383985 -0.824679 -0.415284 
						0.199868 -0.978297 0.054652 0.228651 -0.972085 -0.052621 0.334682 -0.939704 -0.070314 0.212580 -0.976310 0.040364 0.212302 -0.972656 -0.094175 0.201651 -0.978174 -0.050131 0.698156 -0.519289 0.492866 0.921491 -0.008798 0.388299 -0.228512 0.770566 -0.594988 -0.723569 0.633314 -0.274522 -0.823476 0.479722 -0.302909 -0.981781 0.160941 -0.101016 -0.955411 0.136942 0.261605 -0.939031 0.308771 -0.151268 -0.079654 -0.623236 -0.777967 -0.785569 -0.210332 0.581929 -0.525719 -0.472531 0.707343 -0.979317 0.103847 0.173650 0.062833 -0.443166 0.894235 -0.940293 0.117477 0.319449 -0.581976 -0.605408 0.542941 0.049643 -0.738670 0.672237 -0.777294 0.562724 -0.281348 -0.701234 0.628245 -0.337015 -0.541873 0.805546 -0.239726 -0.646827 0.717619 -0.258142 -0.826130 0.537154 -0.170220 -0.910512 0.380926 -0.160823 -0.444118 0.755707 -0.481318 -0.436110 0.890350 -0.130707 -0.371635 0.927412 -0.042367 -0.206132 0.977180 0.051264 -0.971860 0.178811 -0.153345 -0.630630 0.743949 -0.221011 0.773363 -0.570397 0.276690 0.636112 0.042896 0.770404 0.470807 0.414394 0.778858 0.434822 0.069440 0.897835 -0.384746 0.318952 -0.866164 -0.317754 0.166203 -0.933493 -0.421935 0.169397 -0.890660 -0.693195 0.350683 -0.629684 -0.865313 0.461645 -0.195239 -0.570374 0.397276 -0.718920 -0.447247 0.286610 0.847245 -0.372291 0.208935 0.904293 -0.365014 0.205862 0.907957 -0.450979 0.267863 0.851392 -0.268769 0.229527 0.935457 -0.379304 0.191747 0.905186 -0.093495 0.129329 0.987184 -0.119358 0.039465 0.992067 0.696375 0.523077 -0.491379 0.865946 0.462390 -0.190610 0.738797 0.363393 -0.567560 0.425001 0.239727 -0.872872 0.670491 -0.114388 -0.733046 -0.948969 -0.288230 -0.127991 0.301680 0.040290 -0.952558 0.618571 0.473926 -0.626709 -0.842627 0.139344 -0.520157 -0.038415 -0.076431 -0.996334 0.716829 0.276103 0.640252 0.827413 0.524828 0.199858 
						0.769747 0.333845 0.544093 0.738616 0.274180 0.615851 0.309926 0.743178 0.592985 0.364114 0.513047 0.777305 0.386968 0.662858 0.640995 0.332795 0.851099 0.406051 0.691462 0.545899 0.473154 0.663096 0.218863 0.715824 0.250054 0.954471 0.162659 0.268270 0.890271 0.368033 -0.300924 -0.002574 -0.953645 0.506765 0.529489 -0.680317 -0.900968 0.432782 -0.030918 -0.899971 0.434083 0.040304 0.026376 0.887199 -0.460632 0.101730 0.920579 -0.377074 0.024729 0.879513 -0.475232 -0.918187 0.376052 0.124569 -0.889652 0.338292 0.306721 -0.913626 0.339152 0.224195 0.490748 0.721994 0.487741 0.390651 0.592669 0.704369 0.460747 0.399616 0.792477 0.467747 0.511557 0.720779 0.266934 0.648003 0.713329 0.366971 0.711293 0.599496 -0.789209 0.241974 -0.564445 -0.010951 -0.173731 -0.984732 0.233789 -0.364866 -0.901230 -0.279674 -0.005134 -0.960081 -0.698380 0.676520 0.233638 -0.780252 0.515161 0.354706 -0.812620 0.438606 0.383761 -0.686892 0.676880 0.264598 0.403078 0.480402 0.778937 0.436068 0.458156 0.774556 0.155831 0.291304 0.943853 0.275965 0.349695 0.895297 -0.845571 0.296333 0.444069 -0.865719 0.266939 0.423407 -0.877014 0.125963 0.463659 -0.889628 0.085961 0.448522 -0.834747 0.291785 0.466968 -0.392744 0.486216 0.780606 -0.766395 0.340954 0.544416 -0.654278 0.305918 0.691618 -0.211611 0.480245 0.851226 -0.154231 0.413839 0.897190 -0.411767 0.415412 0.811099 -0.756626 0.378476 0.533173 0.719772 0.516358 -0.464007 0.699638 0.495361 -0.514902 0.650335 0.562045 -0.511048 0.652661 0.600955 -0.461396 0.811617 0.473705 -0.341879 0.863515 0.333989 -0.377881 -0.768933 -0.512902 0.381672 -0.841848 -0.331125 0.426201 -0.846125 -0.317134 0.428367 -0.767234 -0.511489 0.386950 -0.056630 0.764191 -0.642499 -0.222332 0.804437 -0.550863 0.449359 0.644054 -0.619089 0.729008 0.437726 -0.526253 
						0.692257 0.504356 -0.516145 0.052710 0.614704 -0.786995 -0.348286 0.710990 -0.610892 -0.574257 0.644552 -0.504759 -0.672718 0.657990 -0.338378 -0.723198 0.604960 -0.333180 -0.532402 0.694432 -0.484059 -0.735781 0.609095 -0.296021 -0.752447 0.560224 -0.346371 -0.780544 0.533580 -0.325645 -0.723771 0.577653 -0.377455 -0.806343 0.514439 -0.291828 -0.727660 0.553081 -0.405725 -0.670363 0.560161 -0.486655 -0.745075 0.531400 -0.403086 -0.626123 0.580256 -0.520839 -0.737220 0.536396 -0.410836 -0.590170 0.622768 -0.513672 -0.685654 0.573485 -0.448324 -0.520317 0.660001 -0.541913 -0.344116 0.738666 -0.579618 -0.420426 0.707963 -0.567478 -0.482777 0.658509 -0.577315 -0.205537 0.804604 -0.557105 -0.288180 0.743957 -0.602893 -0.350145 0.707665 -0.613685 -0.132563 0.774825 -0.618121 0.132397 0.883973 -0.448401 -0.091049 0.853575 -0.512952 -0.213973 0.732367 -0.646416 -0.438636 0.638463 -0.632427 -0.796033 0.533162 -0.286479 -0.701782 0.555193 -0.446388 -0.821812 0.500199 -0.272811 -0.908044 0.361861 0.210983 -0.854141 0.332883 0.399539 -0.878914 0.362668 0.309811 -0.764601 0.135001 0.630207 -0.863543 0.308475 0.398918 -0.895487 0.435578 0.091508 -0.724799 0.511706 -0.461328 -0.885767 0.463425 -0.025578 -0.877291 0.454355 0.154670 -0.878178 0.385468 0.283226 -0.917474 0.397647 0.010860 -0.899823 0.407553 0.155623 -0.887753 0.406214 0.216527 -0.907854 0.400855 0.122949 -0.858232 0.361880 0.363979 -0.842379 0.371753 0.390124 -0.870472 0.384624 0.307152 -0.890980 0.421226 0.169481 -0.734312 0.366027 0.571673 -0.733352 0.377836 0.565186 -0.776009 0.398035 0.489264 -0.888137 0.455681 0.059733 -0.480224 0.351714 0.803544 -0.330280 0.332774 0.883276 -0.383871 0.346270 0.856002 -0.460309 0.288152 0.839693 -0.448307 0.259566 0.855363 -0.615449 0.229466 0.754034 -0.464154 0.253992 0.848557 -0.394002 0.230258 0.889800 
						-0.455998 0.221909 0.861871 -0.496202 0.215008 0.841163 -0.596944 0.197497 0.777594 -0.512186 0.204977 0.834056 -0.711019 0.250784 0.656931 -0.542659 0.201731 0.815368 -0.756901 0.259043 0.599999 -0.852953 0.350935 0.386413 -0.895946 0.407883 0.175818 -0.614436 0.225672 0.756003 -0.809674 0.271397 0.520358 -0.648607 0.251488 0.718375 -0.863152 0.291074 0.412607 -0.582322 0.200902 0.787743 -0.906858 0.221920 0.358273 0.680869 0.426493 -0.595417 0.378095 0.209517 -0.901747 0.465131 0.173863 -0.868001 0.628376 0.365442 -0.686728 0.558229 0.319243 -0.765809 0.731309 0.204136 -0.650780 -0.531890 0.237547 0.812813 -0.696099 0.158513 0.700229 -0.416201 0.218244 0.882692 -0.730794 0.134462 0.669223 -0.433272 0.216008 0.874995 -0.219317 0.202546 0.954398 -0.098127 0.250317 0.963178 0.239455 0.270325 0.932516 0.032169 0.293742 0.955343 -0.366362 0.168305 0.915124 -0.328462 0.843376 -0.425241 -0.046832 0.946730 -0.318605 0.080903 0.973980 -0.211701 -0.182935 0.906123 -0.381412 0.603396 0.341877 -0.720439 -0.164763 0.923294 -0.346960 -0.124192 0.930994 -0.343260 -0.217989 0.903496 -0.369021 -0.564498 0.714840 -0.412730 -0.590271 0.674923 -0.442785 -0.687476 0.592677 -0.419656 0.219492 -0.952756 -0.209953 0.278541 -0.899287 -0.337190 0.258415 0.406815 0.876198 0.385818 0.325189 0.863364 -0.398979 0.852763 0.337061 -0.111547 0.989217 0.094901 -0.077039 0.995306 0.058567 -0.222850 0.938700 0.263021 -0.006518 0.999444 -0.032691 -0.029025 0.994040 0.105082 0.146861 0.968708 -0.200094 0.097504 0.981189 -0.166617 0.080264 0.980777 -0.177857 0.089969 0.967751 -0.235293 0.044144 0.990752 -0.128300 0.176412 0.945719 -0.272936 0.162193 0.941416 -0.295684 0.146376 0.933557 -0.327177 0.114459 0.908551 -0.401789 0.087707 0.942440 -0.322667 0.237846 0.919568 -0.312769 0.193376 0.913288 -0.358483 
						0.166115 0.902656 -0.397012 0.186284 0.924396 -0.332852 0.152479 0.925438 -0.346864 0.176631 0.937338 -0.300333 0.151004 0.958511 -0.241774 0.136486 0.954531 -0.265034 0.056392 0.907138 -0.417037 0.182960 0.967925 -0.172181 0.172100 0.971158 -0.165029 0.118258 0.934168 -0.336668 -0.035819 0.861293 -0.506844 -0.094943 0.829369 -0.550575 0.227176 0.966970 -0.115582 0.178659 0.951485 -0.250513 0.103627 0.911600 -0.397802 -0.008881 0.875518 -0.483104 -0.132596 0.821406 -0.554717 0.280021 0.959989 0.002922 0.318233 0.911146 -0.261802 0.261455 0.882291 -0.391413 0.559455 0.826566 0.061628 0.593513 0.738727 -0.319412 0.905182 0.344554 -0.248852 0.496814 0.548831 0.672280 0.361201 0.813398 0.455980 0.422909 0.499820 0.755862 0.385108 0.225319 0.894943 0.458886 0.205028 0.864516 0.950375 0.157232 -0.268450 -0.883489 -0.119760 0.452884 -0.903242 0.030687 0.428034 -0.898483 0.019744 0.438565 -0.891136 -0.092325 0.444244 -0.892545 -0.068716 0.445693 -0.858362 -0.282347 0.428363 -0.810913 -0.423360 0.403963 -0.891698 -0.045618 0.450326 -0.875066 -0.226042 0.427977 -0.846453 -0.347534 0.403408 -0.878335 -0.227568 0.420405 -0.837524 -0.408727 0.362624 -0.428273 -0.006818 -0.903624 -0.501784 0.305398 -0.809286 -0.535548 0.519264 -0.665998 -0.270245 0.018855 -0.962607 0.839745 0.347389 -0.417312 0.779954 0.399788 -0.481499 -0.420168 0.242773 -0.874368 -0.533483 0.493007 -0.687270 -0.664019 0.652255 -0.365571 -0.446729 0.431786 -0.783578 -0.599643 0.529234 -0.600283 -0.803510 -0.497795 0.326452 -0.883591 -0.215780 0.415579 -0.894380 -0.200776 0.399717 -0.837582 -0.433084 0.333008 -0.890243 -0.052743 0.452422 -0.894099 -0.074141 0.441689 -0.904965 -0.126691 0.406187 -0.901160 -0.259268 0.347406 -0.875781 -0.412447 0.250790 -0.889599 0.333834 -0.311718 -0.963331 0.264522 -0.044970 -0.978932 0.046430 0.198837 
						-0.994184 -0.058958 0.090120 -0.987186 0.015636 0.158807 -0.882889 0.465555 -0.061361 -0.918384 0.383837 -0.096127 -0.934228 0.353554 0.047096 -0.937064 0.261766 0.231064 -0.900124 0.318458 0.297256 -0.873665 0.059148 0.482919 -0.858104 0.128084 0.497245 -0.674214 0.487084 0.555144 -0.708400 0.390349 0.588045 -0.863038 0.113631 0.492192 -0.795735 0.282933 0.535495 -0.406776 0.253964 0.877517 -0.684188 0.148840 0.713956 -0.745550 0.159743 0.647022 -0.283364 0.394772 0.873991 -0.762578 0.145897 0.630229 -0.784461 0.102583 0.611635 -0.623715 0.141954 0.768654 -0.401654 0.239860 0.883822 -0.187556 0.206721 0.960255 -0.057707 0.225543 0.972523 -0.010106 0.194766 0.980798 -0.274426 0.235330 0.932368 -0.012935 0.167922 0.985715 -0.240985 0.215994 0.946189 0.108687 -0.839540 -0.532315 0.147642 -0.978720 -0.142508 0.300256 -0.947977 0.105764 0.152005 -0.913371 -0.377688 0.655081 0.671742 -0.345878 0.535464 0.207798 -0.818595 0.515356 -0.010462 -0.856912 0.702568 0.524526 -0.480906 0.212093 0.169209 0.962489 0.191118 0.127743 0.973219 0.275228 0.089302 0.957222 -0.002927 0.161557 0.986859 0.539109 0.113272 0.834584 0.450201 -0.003559 0.892920 0.230456 0.220719 0.947720 0.542175 0.237337 0.806050 0.596224 0.211779 0.774381 0.716336 0.081644 0.692963 0.367497 0.221369 0.903295 0.495780 0.137866 0.857435 0.184860 0.953539 -0.237884 0.229105 0.936296 -0.266198 0.209602 0.934854 -0.286556 0.214159 0.967926 -0.131360 0.036132 0.991479 0.125154 0.055819 0.991797 0.114995 0.434045 0.328720 0.838777 0.204847 0.175607 0.962912 -0.205841 0.879399 0.429287 -0.052620 0.939320 0.338982 0.302077 0.320953 0.897629 0.083857 0.108908 0.990508 -0.322349 0.684944 0.653409 -0.123557 0.784462 0.607745 -0.472305 0.437916 0.764956 -0.175335 0.464184 0.868211 0.072510 0.605463 0.792564 
						0.104996 0.882388 0.458659 0.122980 0.975773 0.180948 0.184442 0.982836 0.003712 0.189341 0.974308 -0.121957 0.177096 0.956081 -0.233549 0.198884 0.974070 -0.107857 -0.743533 0.587843 0.318746 -0.684313 0.618123 0.386834 -0.846501 0.355354 0.396435 -0.880760 0.229608 0.414176 0.134378 0.186258 0.973268 0.283210 0.191932 0.939656 -0.899472 0.159980 0.406641 -0.904879 0.073767 0.419228 -0.016844 0.037661 0.999149 0.214861 0.263332 0.940474 0.511759 0.356310 0.781758 0.215100 0.285574 0.933905 -0.334918 0.172065 0.926404 -0.780479 0.084071 0.619504 -0.683606 0.259012 0.682346 0.092736 0.037597 0.994981 -0.851397 0.150602 0.502437 -0.877929 0.057942 0.475272 -0.890757 -0.045085 0.452238 0.301275 0.787723 0.537332 0.266076 0.953891 0.138907 -0.185069 0.823518 -0.536253 -0.167232 0.801294 -0.574423 -0.284770 0.767028 -0.574955 -0.218004 0.771863 -0.597246 -0.087424 0.814663 -0.573308 0.071902 0.977762 -0.197006 0.067846 0.979867 -0.187772 0.106752 0.993627 0.036186 0.063398 0.995538 0.069883 0.041494 0.998736 -0.028369 0.286765 -0.931687 0.222992 0.208696 -0.952878 0.220157 0.168567 -0.985593 0.013832 0.105662 -0.964380 -0.242502 0.003418 -0.904938 -0.425529 0.236482 -0.665805 -0.707658 0.207249 -0.875451 -0.436616 0.027974 -0.248735 -0.968168 -0.619576 0.535045 -0.574328 -0.548906 0.226933 -0.804490 0.123600 0.768832 -0.627392 -0.435299 0.226023 -0.871452 0.036958 0.850720 -0.524318 0.648737 0.739239 0.180740 -0.131350 0.937298 -0.322832 0.461080 0.846826 0.265122 -0.343917 0.386372 -0.855826 0.094877 0.424513 -0.900437 -0.528647 0.391164 -0.753341 -0.240160 -0.583726 -0.775620 -0.400375 -0.681230 -0.612883 -0.851516 0.294771 -0.433624 0.307561 0.391472 -0.867269 -0.506253 0.361347 -0.783030 -0.305447 0.196919 -0.931625 0.610163 -0.732930 -0.300856 0.736902 -0.642133 -0.211282 
						0.315472 -0.363135 -0.876704 -0.184514 -0.279904 -0.942130 0.671666 -0.546344 0.500373 0.772384 -0.440187 0.457885 0.549143 -0.007155 0.835698 0.606510 0.011731 0.794989 0.537345 -0.588679 0.603918 0.402939 0.059863 0.913267 0.383388 0.749191 0.540117 0.031401 0.119028 0.992394 0.071562 0.810389 0.581505 0.456264 0.889059 -0.037389 0.528522 0.789968 -0.310828 -0.056568 0.841986 -0.536526 -0.260389 0.699153 -0.665870 0.529397 0.031622 -0.847785 0.297951 -0.051423 -0.953195 0.800576 -0.596678 -0.055253 0.605551 -0.758045 -0.242232 0.462709 -0.494020 0.736101 0.314082 0.696475 0.645194 0.431546 0.794703 0.426866 0.357494 0.902844 0.238893 0.389054 0.780692 0.489037 0.413230 0.600420 0.684643 0.158471 -0.965470 0.206772 -0.038051 -0.931994 -0.360470 -0.051338 -0.958836 -0.279279 -0.245709 0.749205 -0.615076 -0.073308 0.822513 -0.564002 -0.701570 -0.023572 -0.712210 -0.047064 -0.849860 -0.524903 -0.134014 -0.688166 -0.713070 -0.841077 0.068765 -0.536526 -0.411139 0.911319 0.021483 -0.213723 0.907210 -0.362344 0.761260 0.643927 0.076423 0.819401 -0.379731 -0.429402 0.870375 -0.480665 -0.106809 0.787621 0.615902 -0.017801 -0.914952 0.029878 -0.402456 -0.578663 0.752483 0.314513 0.586767 0.776182 0.230751 0.825629 -0.037938 -0.562936 -0.129886 -0.494716 -0.859294 -0.520401 0.839251 0.157605 -0.659523 0.273664 0.700098 0.328738 0.723969 0.606465 0.864035 0.294047 -0.408632 -0.738922 0.670318 0.068321 -0.774362 0.613787 -0.153719 -0.785455 0.602864 -0.140052 0.565357 0.142017 0.812528 0.546721 0.118793 0.828845 0.668537 0.228110 0.707831 0.668303 0.261022 0.696591 0.610592 0.318555 0.725052 0.416880 0.115554 0.901587 0.850103 0.403364 0.338559 0.826914 0.529419 0.189549 0.762040 0.636700 0.117935 0.801407 0.315100 0.508389 0.906933 0.343166 0.244355 0.588047 0.108370 0.801534 
						-0.956467 0.200275 0.212277 -0.889159 0.395499 0.230166 0.451352 0.723314 0.522587 0.401566 0.683991 0.609016 0.233249 0.674166 0.700782 0.169299 0.709830 0.683724 0.337502 0.634639 0.695216 0.151825 0.544784 0.824718 -0.335860 0.937816 -0.087747 -0.598421 0.085372 -0.796620 -0.470523 0.855374 -0.216665 0.865040 -0.478547 0.150661 0.716188 -0.458181 0.526446 -0.625313 0.688663 -0.367051 0.859531 -0.445759 0.250012 0.657949 -0.423535 0.622673 0.843188 -0.524261 0.119098 0.715411 -0.380676 0.585896 -0.002891 -0.361337 0.932431 0.623896 -0.665479 0.409745 -0.164396 -0.269186 0.948954 0.637669 -0.679119 0.363558 -0.245820 0.061378 0.967370 0.314939 -0.760421 -0.567956 0.084656 -0.471205 -0.877952 0.609583 0.389108 0.690655 0.803597 0.287577 0.521087 0.976816 0.210460 0.039213 -0.906104 0.403294 -0.127786 -0.913567 0.406264 0.018560 0.252792 0.238569 -0.937647 0.566353 0.573080 -0.592304 0.542724 0.837073 -0.068993 -0.071465 0.745631 -0.662516 -0.064499 0.953798 0.293445 0.410055 -0.332545 -0.849275 -0.013066 -0.323540 -0.946124 -0.227377 -0.217240 -0.949266 0.327087 -0.341549 -0.881112 -0.802544 0.514349 -0.302272 0.648177 -0.717365 0.255448 0.779743 -0.625401 -0.029557 -0.748372 0.127605 0.650889 -0.742342 0.193130 0.641583 -0.796228 0.188530 0.574872 -0.740784 0.645395 0.186293 -0.731121 0.289212 -0.617914 -0.886719 0.331513 -0.322225 -0.217108 0.827711 -0.517455 0.108978 0.891524 -0.439668 -0.679498 0.019101 -0.733429 -0.517395 0.389432 -0.762001 -0.791062 0.353782 -0.499059 -0.345307 0.755527 -0.556725 -0.904088 0.384940 0.185595 -0.887035 0.461702 0.000886 -0.937821 0.345825 0.029943 -0.857144 0.288804 0.426494 -0.882863 0.325504 0.338527 -0.883899 0.443363 0.148836 -0.256554 0.210421 0.943346 0.291858 0.659331 0.692894 0.580849 0.778542 0.237670 0.664528 0.732659 0.147013 
						0.319514 0.579858 0.749450 0.239735 -0.968347 0.069502 0.298493 -0.948942 0.102032 0.546053 -0.777825 0.311150 0.275710 -0.424820 -0.862271 0.273018 -0.553716 -0.786676 -0.167604 0.520413 0.837305 -0.263432 0.208589 0.941857 0.275150 0.153828 0.949015 -0.361616 0.219502 0.906120 -0.883787 -0.006271 0.467848 -0.970575 -0.153024 -0.185925 -0.044679 0.613978 0.788057 0.107595 0.820713 0.561117 0.401476 0.825916 0.395827 -0.146725 0.232219 0.961533 -0.110865 0.536293 0.836719 0.785450 0.537298 0.307213 0.914445 0.399143 -0.066899 -0.689252 -0.243451 0.682396 -0.902152 -0.426309 0.066202 -0.102061 0.933315 -0.344248 -0.415435 0.801104 -0.430867 0.469474 0.257181 -0.844661 0.554759 0.296542 -0.777370 0.729612 0.488052 -0.479032 0.783640 0.618631 -0.056596 -0.525809 0.671709 -0.521855 -0.605703 0.409025 -0.682511 -0.637902 -0.616267 0.461839 -0.995902 -0.081984 0.038177 0.516178 -0.769810 0.375436 0.002243 -0.855451 0.517879 0.790306 -0.593832 0.150934 0.692428 -0.662551 0.285605 0.764192 -0.644985 -0.001997 0.923036 -0.362784 -0.128031 0.302106 0.794194 0.527245 0.233804 0.969207 0.077283 0.108080 0.993497 0.035802 0.189385 0.977704 0.090705 -0.072106 0.993730 -0.085444 -0.167367 0.979592 -0.111302 -0.250131 0.959926 -0.126401 -0.672208 0.718494 -0.178612 -0.784092 0.343259 -0.517082 -0.992531 0.057394 0.107650 0.076816 -0.909025 0.409602 0.744607 -0.660181 0.098594 0.946757 -0.104326 -0.304576 0.736615 0.481173 0.475259 0.527653 0.847993 0.049899 -0.167877 0.984960 -0.040885 -0.773109 0.628722 0.083732 -0.921200 -0.110067 0.373196 -0.560708 -0.677362 0.476222 0.101584 0.987357 0.121686 -0.637437 0.701248 0.319256 -0.871731 -0.079423 0.483505 -0.526227 -0.688394 0.499198 0.023400 -0.956409 0.291092 0.692431 -0.709835 -0.129127 0.882651 -0.001410 -0.470028 0.948034 0.250755 0.195842 
						0.767594 0.639830 0.037641 -0.561198 0.691398 0.455000 -0.818170 -0.047949 0.572974 -0.534588 -0.707787 0.461793 0.005784 -0.984047 0.177816 0.633325 -0.656256 -0.410155 0.749995 0.004833 -0.661426 0.977108 0.208490 0.042332 0.698990 0.714043 0.039449 0.050261 0.977639 0.204196 0.584147 -0.698379 -0.413568 0.698066 -0.049375 -0.714329 0.987483 0.129511 -0.090019 0.724279 0.687011 -0.058622 0.058910 0.980007 0.190042 -0.532490 0.670067 0.517170 -0.728995 -0.104105 0.676557 -0.447254 -0.714624 0.537844 0.047867 -0.980617 0.189996 0.962002 0.030198 -0.271366 0.706786 0.617141 -0.345817 0.195673 0.968716 -0.152646 -0.432776 0.854932 0.286001 -0.668500 0.101559 0.736745 -0.323273 -0.583805 0.744759 0.197452 -0.882334 0.427200 0.637733 -0.744994 -0.195656 0.690929 -0.156594 -0.705759 -0.823947 0.161163 0.543265 -0.347687 -0.343974 0.872236 0.364320 -0.587283 0.722751 0.896532 -0.403867 0.181992 0.919791 -0.213443 0.329280 0.898774 -0.271347 0.344350 0.988373 0.144663 0.046817 0.940692 0.321845 -0.107304 0.937147 0.251292 -0.242092 0.527368 0.718593 -0.453329 -0.087804 0.910376 -0.404359 -0.705411 0.708490 -0.020903 -0.437238 -0.420398 0.795040 0.447608 -0.296889 0.843507 0.953534 -0.009804 0.301125 0.965674 -0.101837 0.238962 0.894116 0.239528 -0.378396 0.508911 0.850872 0.130484 0.172620 0.933297 -0.314895 -0.417564 0.793869 -0.442053 -0.905828 0.392485 -0.159474 -0.948679 -0.047181 0.312701 -0.302082 0.864046 -0.402706 -0.664719 0.541507 -0.514704 -0.943966 0.072886 -0.321895 -0.930707 -0.348076 0.112370 -0.584296 -0.476651 0.656812 0.060381 -0.270858 0.960724 0.641973 0.263436 0.720050 0.892097 -0.218818 0.395324 0.996208 -0.009278 -0.086510 -0.074662 0.996176 0.045385 -0.586062 0.662393 -0.466655 -0.968211 0.192408 -0.159835 -0.773569 -0.330701 0.540582 0.123313 -0.322523 0.938495 
						0.861332 0.152587 0.484586 0.921860 -0.114915 0.370092 0.037038 0.874230 0.484097 -0.055405 0.967777 -0.245636 -0.881505 0.461223 -0.101102 -0.795284 -0.196892 0.573374 0.099131 -0.357184 0.928759 0.897106 -0.020058 0.441359 0.305606 0.798032 0.519375 0.319526 0.937373 0.138691 -0.207562 0.937398 -0.279648 0.407097 0.682999 0.606453 -0.006669 0.985568 -0.169146 -0.838700 0.484048 -0.249560 -0.868194 -0.139226 0.476294 -0.017500 -0.199637 0.979714 0.761023 0.385252 0.521944 -0.883693 -0.057612 0.464507 -0.128354 -0.038572 0.990978 0.575795 0.562964 0.592901 0.637243 0.515485 0.572884 0.145109 0.924735 -0.351865 -0.809533 0.483170 -0.333470 0.847387 0.291353 0.443901 0.574834 0.733249 -0.363196 -0.624202 0.749464 -0.220623 -0.686254 0.238086 0.687292 0.177081 -0.046579 0.983093 0.871183 0.238921 0.428903 -0.277167 0.931444 -0.235777 -0.326650 0.543722 0.773089 0.499530 -0.040853 0.865333 0.996678 -0.062933 0.051696 0.996228 -0.071630 0.048979 0.569715 0.491176 -0.658916 0.442071 0.219963 0.869591 0.952880 0.261027 0.154546 0.768658 -0.584867 -0.259027 0.380507 0.261729 -0.886968 -0.348805 0.887866 -0.300048 -0.350217 0.674623 0.649794 0.433104 -0.729934 -0.528788 0.162493 0.099860 -0.981643 -0.535313 0.832363 -0.143570 -0.465992 0.654090 0.595833 0.371718 -0.723070 -0.582233 -0.279385 0.057683 -0.958445 -0.714247 0.669334 -0.204555 -0.542961 0.362776 0.757356 -0.739717 0.065734 0.669699 -0.383166 -0.652475 0.653805 0.005563 -0.714255 0.699864 -0.670334 -0.741624 -0.025400 -0.077048 -0.981009 -0.178005 0.613701 -0.687769 -0.387744 -0.180510 -0.246932 -0.952072 -0.892598 0.240038 -0.381642 0.224574 -0.144346 -0.963707 -0.740276 -0.171431 -0.650079 -0.832541 -0.403501 0.379556 0.128839 -0.720716 0.681153 0.516545 -0.834879 -0.190156 0.960422 -0.215740 -0.176199 0.175488 -0.900661 0.397509 
						0.625294 -0.775142 -0.090345 0.932218 0.321277 0.166587 0.394543 0.434189 -0.809824 -0.701450 -0.033659 -0.711924 -0.626401 -0.749229 0.215122 -0.761404 0.340311 -0.551773 -0.923668 -0.360340 0.130356 -0.474655 -0.845091 0.246015 -0.653160 -0.729200 0.204080 0.847230 0.525265 -0.079352 -0.157937 0.834171 -0.528407 0.259230 0.623397 0.737683 0.002421 0.568439 0.822722 0.585919 0.809005 -0.047015 0.937965 0.343164 0.049608 -0.949129 -0.310267 -0.053736 -0.981874 -0.116726 0.149324 -0.471220 0.141501 0.870591 -0.105272 -0.292917 0.950325 -0.414442 0.594688 0.688901 0.111657 0.485769 0.866926 -0.324637 0.278782 -0.903820 0.498036 0.209663 -0.841428 0.953592 -0.266221 -0.140671 0.552276 -0.347102 0.757966 -0.106294 0.097695 0.989524 -0.279625 0.650831 0.705853 -0.025971 0.889583 0.456035 0.368452 -0.168420 0.914264 -0.236446 0.292281 0.926642 -0.402094 0.756646 0.515565 -0.127988 0.936063 0.327727 -0.173996 0.290031 -0.941067 0.660628 0.213713 -0.719651 0.969377 -0.117209 0.215802 -0.252416 0.579336 -0.775020 0.656151 0.264007 -0.706941 0.968447 -0.075393 0.237541 0.365518 -0.089395 0.926502 -0.353527 0.374488 0.857191 -0.491522 0.849984 0.189559 0.001919 0.972934 -0.231073 -0.155316 0.361904 0.919186 -0.444688 0.843362 0.301650 -0.137455 0.878826 -0.456914 -0.246315 0.809998 -0.532195 0.465569 0.351020 -0.812422 0.988083 -0.138633 -0.066875 0.533072 -0.113351 0.838443 0.564740 -0.291378 0.772119 0.077446 0.324158 0.942828 -0.226924 0.897934 0.377122 -0.066629 0.781396 -0.620468 0.205221 0.826615 -0.524015 0.593413 0.028737 -0.804385 0.891500 -0.452647 -0.018382 0.531006 0.666152 -0.523712 0.497782 -0.093694 -0.862227 0.650955 -0.712661 -0.261481 0.518957 -0.618557 0.589975 0.295103 0.126174 0.947098 0.098099 0.916933 0.386796 0.036069 0.768246 -0.639138 0.404432 -0.803898 0.436099 
						0.239775 0.042373 0.969903 0.199966 0.898244 0.391372 0.186890 0.800483 -0.569473 0.629666 0.639510 -0.441074 0.633109 -0.034432 -0.773297 0.557820 -0.703009 -0.441152 0.813429 0.000909 -0.581663 0.648925 -0.728642 -0.219037 0.156323 -0.688563 0.708127 -0.054289 0.277861 0.959086 0.174321 0.923627 0.341358 0.424563 0.760080 -0.491960 0.551152 0.728753 -0.406386 0.763306 -0.641147 -0.079336 0.092441 -0.757455 0.646310 -0.253998 0.102969 0.961708 -0.059072 0.786810 0.614362 0.457843 0.882856 0.104613 0.179059 0.878674 -0.442572 0.819142 0.238339 -0.521730 0.959640 0.244718 -0.138580 0.640202 -0.557240 0.528796 -0.295489 -0.530105 0.794780 -0.620278 0.151502 0.769612 -0.391489 0.712458 0.582357 0.093092 0.908269 0.407898 0.239133 0.766711 -0.595793 -0.827171 0.089832 0.554724 -0.588948 0.799236 0.119841 0.054665 0.985907 0.158109 0.266516 0.820387 -0.505900 0.904194 0.424595 0.046397 0.689237 -0.236993 0.684680 -0.163911 -0.433806 0.885971 0.626753 -0.203575 0.752155 -0.247188 -0.410641 0.877651 -0.873580 0.031942 0.485631 -0.734778 0.677859 -0.024669 0.048842 0.974706 -0.218090 0.055198 0.955504 -0.289768 0.838385 0.530272 0.126178 -0.056715 -0.380149 0.923185 -0.666272 0.139642 0.732518 -0.547560 0.830401 0.103015 0.319667 0.929040 -0.186273 0.281507 0.805749 -0.521079 0.955759 0.290686 -0.045022 0.731779 -0.301835 0.611060 0.752671 -0.232897 0.615828 0.009751 -0.018247 0.999786 -0.536745 0.644371 0.544693 -0.188687 0.938279 -0.289879 0.491637 0.748984 -0.444202 0.381639 0.468737 -0.796641 0.976012 0.044077 -0.213210 0.146294 0.911123 -0.385295 0.640568 0.343747 -0.686666 0.110270 -0.136956 -0.984420 0.712343 -0.651905 -0.259975 0.668617 -0.340749 0.660940 0.224362 0.374565 0.899646 -0.069353 0.917331 0.392037 0.469869 0.147242 0.870369 0.541440 0.744782 0.390054 
						0.705080 0.575181 -0.414764 0.726280 -0.154982 -0.669700 0.189419 -0.195107 -0.962317 0.302349 -0.926854 -0.222547 0.444989 -0.640447 0.625949 0.669551 0.227789 0.706975 0.625381 -0.212383 0.750861 -0.911320 -0.319395 -0.259775 0.746257 0.080783 -0.660738 -0.695247 -0.059768 0.716281 -0.880960 -0.259635 0.395601 -0.474960 -0.420208 0.773200 0.164033 -0.106782 0.980658 0.606406 -0.686852 0.400633 -0.199766 0.243933 0.948994 -0.913242 0.382133 -0.141290 -0.194704 -0.671259 -0.715193 -0.033600 -0.543306 -0.838862 -0.043531 0.184627 0.981844 -0.975079 0.217821 -0.042118 -0.573399 -0.575821 -0.582789 0.187212 -0.076329 -0.979349 0.732821 -0.632709 0.250304 -0.943305 -0.014613 -0.331606 -0.733948 -0.457609 -0.501910 0.573115 0.234082 -0.785331 0.851741 -0.511155 0.115147 0.592060 0.160179 0.789815 0.643936 0.367629 -0.670966 0.978154 -0.160598 0.131995 0.438123 0.431273 0.788702 0.255361 0.965570 -0.049655 0.631838 0.765228 0.123318 0.727472 0.498542 -0.471424 0.772856 0.372771 -0.513552 0.939486 0.342333 0.013180 0.048013 0.664319 0.745906 -0.221926 0.969116 -0.107531 0.311653 0.835478 -0.452603 0.322324 0.521597 -0.789964 -0.222272 0.683823 0.694969 -0.615391 0.787931 -0.021418 -0.172505 0.927894 -0.330537 0.102137 0.411348 -0.905738 0.736628 0.668163 0.104577 -0.673123 0.735914 -0.073045 -0.046104 0.868708 -0.493175 0.141289 0.461386 -0.875877 0.647734 0.753811 0.110496 -0.129458 0.779976 0.612273 0.260168 0.535700 -0.803329 0.732907 0.677645 -0.060368 0.060211 0.872832 0.484292 -0.553866 0.775181 -0.303854 0.258106 0.568697 -0.781003 0.568618 0.800851 -0.187914 -0.356632 0.900521 0.248747 -0.689821 0.570598 -0.445606 0.275814 0.236091 -0.931766 0.287486 0.579187 -0.762820 -0.898113 0.278814 -0.340082 0.164865 -0.161092 -0.973072 0.002061 -0.958450 -0.285253 0.592208 -0.680235 0.431937 
						0.433501 -0.890215 0.139979 -0.096066 -0.968471 -0.229861 -0.996966 -0.031966 0.070970 -0.175142 -0.977129 -0.120596 0.346981 -0.483460 -0.803661 0.943925 -0.160483 0.288533 -0.231534 0.331224 0.914704 -0.282211 0.307011 0.908901 -0.858798 0.501683 0.103826 -0.215682 0.668393 0.711851 0.240338 -0.095153 -0.966014 -0.267271 0.731339 -0.627464 -0.800318 -0.596414 0.061487 -0.967334 0.243141 0.071745 -0.804529 0.365615 -0.468038 -0.942136 0.158067 0.295626 -0.924052 0.301509 -0.234989 -0.551141 -0.277953 0.786756 -0.995946 0.050826 -0.074212 -0.873293 0.470308 -0.127159 -0.623383 0.245533 0.742366 -0.999540 0.006606 0.029597 -0.856899 0.514836 -0.025827 -0.987488 0.080084 -0.135843 -0.601768 -0.486784 -0.633180 -0.872526 0.212084 -0.440135 0.041354 -0.675905 0.735828 0.917128 0.130362 0.376672 -0.940142 0.193769 0.280334 -0.939930 0.332046 0.079224 -0.870888 0.487150 -0.065110 -0.815074 0.570435 0.101283 0.207445 -0.710649 0.672268 0.682929 -0.704844 0.191838 0.642570 -0.732731 -0.224073 0.276369 -0.811161 0.515401 -0.731276 0.610794 -0.303588 -0.499788 0.481567 0.719934 -0.700222 0.694439 0.165660 -0.633932 0.736780 0.235127 -0.349331 0.074005 0.934072 -0.427754 0.332763 0.840414 0.911303 -0.075526 0.404749 0.491072 0.278819 0.825293 0.653425 -0.179802 0.735328 0.626125 -0.471933 0.620683 -0.538422 0.642866 0.544817 -0.657932 0.087193 0.748013 0.350206 0.880180 0.320372 -0.879368 -0.086070 -0.468298 0.846201 -0.334903 0.414467 -0.345346 0.929147 -0.131994 -0.212117 0.906180 -0.365846 -0.113247 0.554294 -0.824581 0.386603 0.738286 0.552695 0.269739 0.752869 0.600358 -0.046625 0.694920 0.717574 0.255619 0.650457 0.715238 -0.069383 0.783977 0.616900 0.784370 0.593966 -0.178799 0.142455 -0.570205 0.809056 0.228266 0.119441 0.966245 0.029766 0.783060 0.621234 0.556972 0.248666 0.792431 
						0.022824 0.412870 0.910504 -0.017061 0.700619 0.713332 -0.093917 0.571739 0.815043 -0.015935 0.501545 0.864985 -0.287496 0.868413 0.403987 -0.312832 0.826475 0.468055 -0.463849 0.878549 0.113998 -0.508406 0.856524 -0.088830 -0.560554 0.783818 -0.267225 -0.574613 0.779946 -0.248001 -0.550000 0.583014 -0.597992 -0.543587 0.768689 -0.337091 -0.571095 -0.689745 0.445087 -0.518524 -0.741325 0.426111 -0.303085 -0.935546 0.181367 -0.548979 -0.820030 0.161781 -0.465222 -0.799638 0.379669 -0.044195 -0.974796 0.218676 -0.354969 -0.839082 0.412236 -0.145492 -0.925700 0.349160 -0.129224 -0.820970 0.556157 0.060431 -0.818901 0.570745 -0.564010 0.797792 -0.213123 -0.535487 0.639138 -0.552047 -0.494608 -0.812503 0.308548 -0.505545 -0.791671 0.343046 -0.470100 -0.814570 0.339825 -0.310667 -0.877580 0.365157 -0.056698 -0.864765 0.498966 0.181840 -0.613849 0.768195 0.201072 -0.136583 0.970008 0.036112 0.281661 0.958834 -0.034894 0.409577 0.911608 -0.134203 0.610971 0.780195 -0.154684 0.668626 0.727332 -0.318174 0.801589 0.506182 -0.477027 0.864358 0.159155 0.247464 -0.371533 0.894832 0.125361 -0.010222 0.992059 -0.136466 0.412708 0.900583 -0.403400 0.688512 0.602677 -0.624555 0.756944 0.192268 -0.716408 0.659686 -0.227100 -0.628916 0.523132 -0.575151 -0.517567 -0.825902 0.223627 -0.524808 -0.820005 0.228402 -0.441461 -0.872842 0.207990 -0.261787 -0.938722 0.224207 -0.024665 -0.931986 0.361654 0.206008 -0.759111 0.617504 -0.059666 -0.997469 0.038680 0.299626 -0.906828 0.296459 0.417654 -0.588041 0.692657 0.150395 -0.063083 0.986611 -0.430141 0.457037 0.778522 -0.843938 0.494173 0.208717 -0.905037 0.277356 -0.322462 -0.610767 -0.010682 -0.791738 -0.592817 -0.799583 0.096095 -0.393035 -0.919516 -0.003670 -0.292696 0.454052 0.841526 -0.811586 0.435263 0.389710 -0.984867 0.044419 -0.167526 -0.696405 -0.407079 -0.591022 
						-0.677961 -0.732527 0.061432 -0.297747 -0.954176 -0.029897 0.146329 -0.988523 0.037560 0.528884 -0.778308 0.338405 0.598906 -0.326135 0.731401 0.269987 0.141833 0.952361 -0.987683 0.154374 0.025531 -0.824942 -0.513834 -0.235467 -0.825745 -0.557623 0.084863 -0.288125 -0.947224 0.140536 0.239724 -0.922827 0.301533 0.580852 -0.592380 0.558298 0.620666 -0.077880 0.780198 0.340911 0.410805 0.845588 -0.199115 0.694884 0.691006 -0.695195 0.615353 0.371544 0.586129 -0.448998 0.674428 0.580774 -0.049376 0.812566 0.224091 0.421874 0.878525 -0.314777 0.702862 0.637887 -0.652681 0.691104 0.310455 -0.911754 0.393040 0.119266 -0.965635 -0.259275 0.018052 -0.927217 -0.310689 -0.209143 -0.482559 -0.856489 0.183204 0.191606 -0.824702 0.532122 0.469617 -0.276614 -0.838418 0.322759 -0.621335 -0.713982 0.327492 -0.164024 -0.930508 0.507503 -0.129732 -0.851828 -0.625292 -0.482700 -0.613197 -0.457331 -0.888035 0.047345 0.132331 -0.838798 0.528116 0.541847 -0.534626 0.648519 0.754666 -0.303831 0.581520 0.800330 -0.131441 -0.584974 0.544270 -0.138845 -0.827340 0.445310 -0.141321 -0.884153 0.978121 0.159560 -0.133490 0.467559 -0.113630 -0.876628 0.994854 -0.010266 0.100799 -0.005217 -0.694765 -0.719218 -0.019758 -0.689772 -0.723757 -0.112214 -0.982055 -0.151575 0.256599 -0.873324 0.414079 0.782568 -0.299384 0.545854 0.449722 0.155667 -0.879499 0.247702 -0.405281 -0.879995 -0.105853 -0.372736 -0.921880 0.071106 -0.920640 -0.383882 0.558198 -0.764627 0.322118 0.897196 0.094824 0.431332 0.800539 0.476048 -0.364026 0.214771 -0.805989 -0.551593 0.852582 -0.489041 0.184237 0.824286 0.473170 0.310908 0.512311 0.820575 -0.253366 0.394104 0.618980 -0.679371 0.443772 0.310347 -0.840685 -0.476703 -0.274929 -0.834966 0.942655 -0.300523 0.145216 0.812610 0.531229 0.239708 0.431061 0.883446 -0.183603 0.320047 0.750719 -0.577919 
						0.391194 0.545199 -0.741434 -0.492220 -0.453009 -0.743304 0.362739 -0.800612 -0.476907 0.371573 -0.859937 -0.349918 0.895066 -0.427983 0.125249 0.928843 0.339990 0.147161 0.572015 0.762813 -0.301521 0.306091 0.533594 -0.788407 0.454148 0.104581 -0.884767 -0.334972 -0.448804 -0.828474 0.587576 0.673253 -0.448871 0.194493 0.323597 -0.925990 0.217048 -0.306135 -0.926915 -0.174091 -0.442060 -0.879929 0.311530 -0.875131 -0.370262 0.844218 -0.530909 0.073700 0.976103 0.214180 0.036735 0.873588 -0.477676 -0.093114 0.937983 0.337970 -0.077228 0.427242 0.721999 -0.544225 -0.024124 0.384861 -0.922659 0.060238 -0.242352 -0.968317 -0.279915 -0.400471 -0.872508 0.314922 -0.809524 -0.495474 0.827539 0.527323 -0.192641 0.214474 0.839040 -0.500014 -0.187004 0.441259 -0.877679 -0.082028 -0.177191 -0.980752 -0.322745 -0.353059 -0.878171 0.350900 -0.708948 -0.611770 0.926436 -0.286847 -0.243795 0.892247 -0.160288 -0.422141 0.750133 0.593570 -0.291505 0.192992 0.825989 -0.529619 -0.161793 0.550188 -0.819217 -0.113579 0.020190 -0.993324 -0.448776 -0.282908 -0.847681 0.311103 -0.580612 -0.752399 -0.220846 0.949917 -0.221098 0.547724 0.630853 0.549566 0.322018 -0.919936 0.223655 0.852066 -0.439845 0.283761 0.776058 0.349332 0.525072 0.263553 0.904933 0.334121 0.257133 0.226268 0.939513 -0.693207 0.524436 0.494400 -0.857033 -0.017548 0.514963 0.176163 -0.026378 0.984008 0.907633 0.246896 -0.339477 0.754523 -0.249674 0.606925 0.647632 -0.489006 0.584334 0.687487 -0.709232 -0.156048 0.595793 -0.439523 0.672198 0.387370 -0.515366 0.764423 -0.048871 -0.959391 -0.277815 -0.726315 -0.151379 -0.670485 -0.226273 0.899440 -0.373909 0.179550 0.519832 -0.835187 0.763298 0.483832 -0.428115 0.727314 -0.679873 0.093741 0.394667 0.501656 -0.769791 0.622595 0.396850 -0.674452 0.113631 -0.812726 0.571459 -0.307886 -0.946950 -0.092147 
						-0.838743 -0.103166 -0.534665 -0.353546 0.923193 -0.150730 0.918511 -0.395301 -0.008617 0.920987 -0.111951 -0.373162 0.407148 -0.865585 0.291535 0.387973 -0.635026 0.667996 0.090095 -0.954044 0.285802 -0.024254 -0.946459 0.321912 -0.172637 -0.812120 0.557367 0.237431 -0.966176 0.100651 -0.032830 -0.827273 -0.560840 -0.032936 0.467449 -0.883406 0.335709 -0.786598 0.518231 0.646978 -0.758494 0.078147 0.586241 -0.795319 -0.154233 0.963523 -0.108643 0.244580 0.594937 -0.321458 0.736692 0.681172 0.605419 -0.411670 0.931982 0.289487 0.218191 0.639499 0.064887 0.766049 0.443977 -0.845104 0.297799 -0.211920 0.275923 -0.937527 0.141944 -0.631778 0.762042 -0.527810 -0.847022 -0.063010 -0.920239 0.043689 -0.388911 -0.502641 0.851393 0.149940 -0.469710 0.874898 0.118011 -0.591635 0.776040 0.218471 -0.047788 0.365024 0.929771 0.164917 0.489763 0.856116 -0.973103 0.039663 -0.226929 -0.577520 0.735672 0.353916 -0.450428 0.868350 0.207565 0.302756 0.494249 0.814897 0.406902 -0.573205 0.711244 -0.410677 -0.911282 -0.030170 0.358002 0.424238 0.831779 0.731396 -0.471425 0.492766 -0.046804 -0.993867 -0.100185 -0.968313 -0.238095 -0.075370 -0.563939 0.716527 0.410562 -0.580516 0.450329 0.678385 0.975371 -0.165050 0.146320 0.302450 -0.903476 -0.303736 -0.811906 -0.572754 0.112970 -0.693604 0.537360 0.479747 -0.244089 0.055340 0.968172 0.532119 0.380748 0.756227 0.707146 0.456823 0.539683 0.938434 0.117568 -0.324838 0.342669 -0.773686 -0.532906 -0.488564 -0.828107 0.274853 -0.565290 0.240389 0.789088 0.210765 -0.103976 0.971991 0.450309 -0.188067 0.872842 0.764869 0.534224 0.359973 0.762179 0.308998 -0.568862 0.279019 -0.657135 -0.700230 -0.204790 -0.914155 0.349831 -0.103087 0.013833 0.994576 0.044852 -0.654164 -0.755022 0.546649 -0.571623 0.611900 0.666730 -0.556592 0.495658 0.798905 0.582350 0.150398 
						0.366250 0.453996 -0.812249 0.669115 0.723345 0.170462 0.064990 0.550552 -0.832267 0.219328 -0.738162 -0.637975 0.820871 -0.392402 0.414959 0.907428 -0.326572 0.264433 0.343171 -0.452448 -0.823119 0.932656 -0.258611 0.251541 0.951891 -0.222936 0.210247 0.431701 0.858385 0.277146 -0.228776 0.649622 -0.725019 0.442123 -0.102224 -0.891110 0.976724 -0.016531 -0.213862 0.573887 -0.610455 0.545892 0.302569 0.735653 0.606025 -0.217934 0.702234 -0.677770 0.320010 0.209060 -0.924060 0.935402 0.249025 -0.251016 -0.144838 0.601905 -0.785323 -0.196762 -0.711415 -0.674665 -0.912324 -0.407023 0.044678 -0.472093 0.760973 -0.445026 -0.361468 0.510900 -0.779950 -0.491496 0.395670 -0.775807 -0.295214 0.276158 -0.914650 -0.668604 0.259053 -0.697037 -0.330408 0.309537 -0.891638 -0.723759 0.211269 -0.656915 -0.807149 0.258348 -0.530817 0.363687 0.875915 -0.317025 -0.415435 0.833927 -0.363290 -0.220423 0.341797 0.913558 -0.325380 0.462023 0.825023 -0.185025 -0.418555 -0.889144 -0.839422 -0.188038 -0.509914 0.620445 -0.329473 -0.711685 0.894927 -0.387374 -0.221464 0.572492 0.382424 0.725262 0.749372 0.659228 0.062133 0.510088 0.418219 -0.751600 -0.244030 -0.099092 -0.964692 -0.817259 -0.315060 -0.482520 0.065962 -0.989622 -0.127661 -0.125813 -0.955638 0.266321 -0.100195 -0.522783 0.846557 -0.035520 -0.842404 0.537674 0.235318 -0.208522 0.949286 -0.130222 -0.156603 -0.979039 -0.724215 -0.383374 -0.573181 -0.062283 -0.992131 -0.108609 -0.249797 -0.833799 0.492322 0.036572 -0.265731 0.963353 0.585156 0.385971 0.713176 0.850198 0.525339 -0.034387 0.583245 0.258251 -0.770150 0.119935 -0.126335 -0.984711 -0.573030 -0.215106 -0.790801 -0.248981 -0.967283 0.048699 -0.517533 -0.730060 0.446287 -0.418741 -0.340989 0.841655 0.182444 0.226998 0.956653 0.858803 0.447619 0.249188 0.772105 0.197746 -0.603946 0.016400 0.129902 0.991391 
						0.761561 0.332680 0.556192 0.939253 0.110454 -0.324968 0.351401 -0.159111 -0.922606 -0.392238 -0.117191 -0.912368 -0.417080 -0.908766 0.013747 -0.675866 -0.657389 0.333234 -0.557050 -0.339690 0.757830 -0.265074 -0.579552 0.770620 0.270819 -0.019508 0.962432 0.793241 0.290307 0.535248 0.950072 0.237043 -0.202914 0.517832 -0.080709 -0.851667 -0.320559 -0.182019 -0.929576 -0.222317 -0.938275 -0.264980 -0.588275 -0.805014 0.076710 -0.215779 -0.655524 -0.723691 -0.377802 -0.920810 -0.096820 -0.065573 -0.712876 0.698218 0.492328 0.016046 0.870262 0.841811 0.432104 0.323483 0.799780 0.451073 -0.396087 0.294875 0.103396 -0.949925 -0.463350 -0.449449 -0.763743 0.771712 0.576611 0.268290 0.683400 0.365269 -0.632094 0.216440 -0.202018 -0.955166 -0.132268 -0.715011 -0.686486 -0.256863 -0.681726 -0.685034 -0.271447 -0.962377 -0.012146 0.020005 -0.674551 0.737957 0.451949 0.089356 0.887557 0.307516 0.197466 0.930828 0.730330 0.631178 0.261214 0.810276 0.223780 -0.541642 0.360557 -0.448508 -0.817826 -0.173474 -0.880271 -0.441621 -0.057198 -0.918041 -0.392338 -0.259256 -0.924231 0.280328 -0.076362 -0.499514 0.862934 0.635534 0.703491 0.318115 0.912107 0.222756 -0.344152 0.518001 -0.591030 -0.618351 -0.239234 -0.921039 -0.307333 0.065767 -0.996348 0.054454 -0.317997 -0.782823 0.534851 -0.261656 -0.207039 0.942693 0.101658 0.460541 0.881798 0.258511 -0.963143 0.074354 -0.191262 -0.750775 0.632262 -0.250951 -0.048297 0.966794 0.064362 0.650311 0.756937 0.545839 0.815991 0.190310 0.852797 0.359053 -0.379233 0.707940 -0.437311 -0.554599 0.060080 -0.986442 -0.152716 0.733668 0.296209 -0.611548 0.621309 -0.481589 -0.618099 0.262613 -0.964698 0.019803 0.194006 -0.980927 -0.011977 -0.007581 -0.749626 0.661818 -0.003339 0.111282 0.993783 0.224963 0.709567 0.667762 0.587182 0.809290 0.016312 0.359212 -0.907323 0.218476 
						0.365035 -0.918745 -0.150523 0.034533 -0.335718 0.941329 -0.150246 -0.442016 0.884335 0.467122 0.870980 0.152285 0.326229 0.568670 0.755109 0.831632 -0.034822 -0.554234 0.890650 -0.154267 -0.427720 0.396054 -0.908345 -0.134356 -0.078039 -0.928281 -0.363599 0.579408 0.345648 0.738115 0.937567 -0.143565 -0.316792 -0.200006 -0.792250 -0.576488 0.150991 -0.953150 0.262121 -0.301446 -0.412095 0.859830 -0.137510 -0.940988 -0.309245 -0.516969 -0.419110 0.746385 0.501529 0.191607 0.843656 0.937172 -0.292979 -0.189400 -0.043485 -0.980540 -0.191443 0.085211 0.209110 0.974173 0.944242 -0.262638 0.198564 0.364907 -0.927722 0.078582 -0.825486 -0.268301 -0.496576 -0.820458 -0.068494 0.567589 -0.807062 -0.236740 -0.540930 -0.981737 -0.169145 0.087082 -0.965473 -0.015757 0.260025 -0.938986 -0.093863 0.330900 -0.715848 0.622976 -0.315376 -0.749620 0.652205 0.112688 -0.988726 -0.092355 0.117862 -0.991805 -0.124577 0.028356 -0.916973 -0.196942 0.346951 -0.947393 0.279606 0.155776 -0.950057 -0.284628 -0.127979 -0.964376 -0.208225 0.163159 -0.804467 -0.520020 0.287076 -0.812424 -0.396600 0.427406 -0.729157 -0.476962 0.490752 -0.604953 -0.451648 0.655779 -0.791191 -0.115361 0.600590 -0.051846 -0.820382 0.569460 0.294738 -0.171566 0.940050 -0.858868 0.246057 0.449224 -0.383657 -0.812547 -0.438834 -0.196071 -0.906146 0.374774 -0.226358 -0.272309 0.935206 0.053869 -0.620248 0.782554 -0.712141 -0.497829 0.494997 -0.638925 -0.060941 0.766852 0.275078 -0.441975 0.853809 -0.691058 -0.482869 0.537843 0.747408 -0.299893 0.592828 0.256855 0.116956 0.959347 -0.169519 0.182451 0.968491 0.489439 -0.455450 0.743649 -0.201010 -0.804704 0.558611 -0.898984 0.147712 0.412322 -0.029162 0.903186 0.428258 -0.576045 -0.107672 0.810295 -0.835387 -0.506118 -0.214411 -0.873273 -0.487167 0.007849 -0.809114 -0.429972 0.400573 -0.679384 -0.446633 0.582200 
						-0.223592 -0.805860 0.548266 0.183209 -0.755792 0.628659 0.299653 -0.783154 -0.544866 0.321137 -0.833221 -0.450127 -0.394245 0.319019 -0.861857 -0.835613 0.006988 -0.549274 0.518423 -0.778886 0.352951 0.540224 -0.601974 -0.588035 -0.597457 -0.441353 -0.669517 -0.497198 -0.648107 -0.576846 -0.412032 -0.799472 0.437119 -0.398523 -0.433365 -0.808316 -0.171292 -0.983297 0.061535 0.738755 -0.672718 0.041127 0.618216 -0.191507 -0.762322 -0.450263 -0.379871 -0.808060 0.849651 -0.526998 -0.019141 0.609117 0.208013 -0.765315 -0.373771 -0.396185 -0.838649 -0.011025 -0.544001 -0.839012 0.224151 -0.946743 -0.231158 0.665011 0.034730 0.746026 0.891653 -0.409667 0.192687 0.954436 0.072467 0.289482 0.088005 0.952284 0.292250 -0.083968 -0.962704 0.257197 0.237455 -0.955893 0.172868 0.216901 -0.849266 0.481354 -0.002497 -0.626635 0.779309 0.336267 -0.817848 0.466957 -0.252789 -0.677693 0.690528 -0.722630 0.022719 0.690861 -0.783242 0.344084 0.517821 -0.755509 -0.624537 -0.197887 -0.706136 -0.706316 0.049890 -0.320820 -0.228564 0.919148 -0.832483 0.020874 0.553657 -0.844183 0.194189 0.499645 -0.947870 -0.304947 0.092465 -0.594082 -0.662009 0.456957 -0.939090 0.206152 0.274973 -0.958946 -0.248740 0.136203 -0.795645 -0.393132 0.460864 -0.530970 0.266389 0.804430 -0.610018 0.785328 0.105536 -0.857435 -0.379430 0.347618 -0.356788 0.478146 0.802545 -0.226205 0.965392 0.129802 -0.304425 -0.859835 0.409889 -0.733812 0.022105 0.678992 -0.504136 -0.783061 0.364229 0.811480 -0.428737 -0.397096 -0.056766 -0.502993 -0.862424 0.279111 -0.917774 -0.282467 -0.428563 0.364058 -0.826920 -0.906000 -0.391134 0.161797 -0.912863 -0.390940 0.117674 -0.839871 -0.301660 -0.451241 -0.704914 -0.510971 -0.491940 -0.640659 -0.275254 -0.716792 0.465608 -0.765607 -0.443909 0.599898 -0.196878 -0.775475 0.869466 0.040184 0.492355 0.048168 -0.996403 -0.069716 
						0.204183 -0.910145 -0.360481 0.161684 0.022173 -0.986593 0.788331 0.296562 -0.539059 0.964386 -0.041255 0.261261 0.342957 -0.725613 0.596545 0.863869 -0.422521 0.274239 0.044081 -0.591522 0.805083 -0.303266 -0.890791 0.338410 -0.239902 -0.966923 -0.086639 -0.085975 -0.964586 -0.249363 0.601934 -0.742633 -0.293552 -0.111938 0.060851 -0.991850 0.742896 -0.104972 -0.661125 0.141122 -0.411852 0.900257 -0.571093 -0.602610 0.557416 -0.639729 -0.735396 0.223472 -0.663215 -0.727847 0.174312 -0.141921 0.198347 -0.969803 0.564845 -0.465598 -0.681299 0.523639 -0.768141 0.368458 0.836549 0.352687 -0.419283 0.539220 -0.069272 -0.839311 0.113578 -0.607518 -0.786144 -0.110523 -0.941594 -0.318097 -0.015094 -0.961668 0.273802 0.399868 -0.711674 0.577604 -0.121040 -0.140263 0.982688 0.467686 0.288010 0.835656 0.817901 0.495307 0.292762 -0.214960 -0.732581 0.645846 -0.642394 -0.764566 -0.052632 -0.287922 -0.924352 0.250349 0.318587 -0.631999 0.706456 0.290450 -0.635877 -0.715052 0.799666 -0.189943 -0.569611 0.629477 -0.132704 -0.765604 -0.181468 -0.763549 -0.619727 0.826738 0.561575 -0.033716 0.929262 0.236325 0.283943 0.296636 0.904072 0.307670 0.067961 -0.173566 0.982475 0.008588 -0.983439 -0.181037 0.103597 -0.725032 -0.680879 -0.188171 -0.492361 -0.849807 0.323695 0.605421 -0.727109 0.238355 0.958988 -0.153392 -0.406086 0.891672 -0.200038 -0.605113 0.674446 -0.423039 -0.990784 -0.010980 0.135004 -0.563474 -0.792924 0.231879 -0.966124 -0.233625 0.109654 -0.451252 -0.872874 0.185641 0.140857 -0.949392 -0.280738 0.210753 -0.538914 -0.815571 -0.215015 -0.173986 -0.960988 0.029706 0.438180 -0.898396 -0.781700 0.428805 -0.452849 -0.240927 -0.963475 0.116917 0.315154 -0.876177 -0.364680 0.316039 -0.305466 -0.898226 -0.290796 0.121567 -0.949031 -0.265645 0.209947 -0.940933 -0.859782 0.070939 -0.505709 -0.860619 -0.506051 0.056980 
						-0.692690 -0.720025 -0.041774 -0.039799 -0.998574 0.035580 0.468433 -0.814110 -0.343214 0.432748 -0.014213 -0.901403 -0.364416 0.557892 -0.745626 -0.485257 0.018394 -0.874178 -0.818817 -0.181236 -0.544694 0.750113 -0.640279 -0.165451 0.099300 -0.908835 0.405165 -0.008251 -0.964338 -0.264546 0.091377 -0.977479 -0.190224 0.362424 -0.889171 0.279326 -0.038910 -0.947321 0.317913 0.136533 -0.975224 -0.174058 0.137579 -0.919378 -0.368533 -0.739790 -0.566287 0.363359 -0.444750 -0.891465 -0.086535 -0.890664 0.215835 -0.400167 -0.549941 -0.423283 -0.719997 0.245073 -0.181561 -0.952352 0.501888 0.336286 -0.796881 -0.538868 0.753759 -0.376122 -0.486716 0.787516 -0.378056 0.400674 -0.466892 0.788335 0.587648 -0.118947 0.800326 0.415724 -0.568807 0.709671 0.288594 -0.534321 0.794490 0.661470 -0.743197 -0.100576 0.248580 -0.948942 -0.194211 0.288024 0.850269 0.440550 -0.024494 0.721910 0.691554 0.347887 -0.131744 0.928234 0.542540 0.120344 0.831365 0.660270 -0.739618 0.130415 0.806748 -0.563486 0.177880 0.399100 -0.406423 -0.821912 0.507882 -0.290270 -0.811049 0.850790 -0.496435 0.172361 0.554617 -0.251194 -0.793286 -0.319555 0.592586 -0.739409 -0.097045 0.620190 -0.778426 0.353748 0.759638 -0.545722 0.541156 0.802292 -0.251948 0.160405 0.938520 0.305696 0.480731 0.205058 0.852555 0.244597 0.746235 -0.619117 -0.088517 0.985436 0.145194 0.341011 0.476844 0.810143 0.927934 -0.236350 0.288230 0.641088 -0.199418 -0.741107 -0.139596 0.497376 -0.856230 -0.440916 0.793467 0.419527 0.832444 0.317208 0.454330 0.992869 -0.109106 0.048032 0.552009 -0.570135 -0.608467 -0.132029 -0.799549 -0.585910 -0.214939 0.890840 -0.400256 -0.546201 0.111357 -0.830219 -0.733973 0.141209 -0.664338 -0.430526 0.857149 0.282743 -0.155546 0.985536 0.067264 -0.176573 0.540012 0.822927 -0.126108 0.427508 0.895172 -0.634590 -0.071412 0.769543 
						-0.128431 0.525378 0.841120 0.154013 -0.376052 -0.913709 0.563650 -0.271741 -0.780035 0.378150 0.263425 -0.887474 0.270034 0.505598 -0.819422 0.455519 0.888667 0.052656 -0.481033 0.785350 -0.389658 -0.597240 -0.247284 -0.762991 0.275556 -0.894799 -0.351288 0.781269 -0.328944 0.530485 0.126923 0.478473 0.868881 0.353337 -0.641216 0.681172 -0.647024 0.745675 -0.159151 -0.613432 -0.267900 -0.742921 0.351064 -0.806064 -0.476461 0.910441 -0.173896 0.375309 0.184065 0.688432 0.701557 0.311857 0.859531 0.404909 -0.378839 0.609580 -0.696343 -0.768909 0.558751 -0.310768 -0.799555 0.598234 -0.053182 0.191386 0.943307 0.271187 -0.839526 -0.350689 -0.414985 -0.769180 -0.512310 -0.381969 -0.581390 -0.810048 -0.076210 -0.143126 -0.976100 0.163535 -0.436293 -0.895036 -0.092520 -0.085899 -0.762569 0.641178 0.370688 -0.715734 0.591875 -0.244751 -0.670290 0.700577 -0.106015 0.884219 0.454882 -0.864660 0.502049 0.017596 -0.800950 0.594709 -0.069289 -0.018687 0.830488 0.556723 -0.778886 -0.442593 -0.444351 -0.685466 -0.281640 -0.671428 -0.129641 -0.972540 -0.193284 0.225101 -0.782795 -0.580139 0.967663 -0.193979 0.161248 0.056647 0.911015 0.408463 0.380610 -0.481600 -0.789429 0.393058 -0.627409 -0.672208 0.622198 -0.543853 -0.563110 0.332776 -0.581712 -0.742207 0.655639 -0.378846 -0.653156 0.965535 0.214411 -0.147550 0.309013 -0.490563 -0.814775 0.396962 -0.536651 -0.744599 0.185708 -0.652976 -0.734258 0.045926 -0.077679 -0.995920 0.263851 -0.745794 -0.611697 0.221253 -0.761530 -0.609196 0.316172 -0.828285 -0.462579 0.561480 -0.643889 -0.519757 0.146659 -0.724700 -0.673276 0.301970 -0.952774 -0.032193 -0.339221 -0.937204 -0.081103 -0.965730 -0.165022 -0.200335 -0.760184 0.638028 0.122641 -0.604497 0.785697 0.131392 0.757889 -0.648267 -0.073171 -0.843583 -0.469520 -0.260614 -0.897086 -0.427560 0.111488 -0.907853 -0.419165 0.010153 
						-0.976145 -0.111960 0.186024 0.840606 -0.498916 -0.210866 0.927250 -0.361183 0.098763 0.575478 -0.587387 -0.569036 -0.319039 -0.511922 -0.797590 -0.928967 -0.188987 0.318283 -0.919293 -0.312272 0.239554 -0.809106 0.066209 0.583922 -0.059661 0.123805 0.990511 0.513597 -0.484739 0.707987 -0.929009 -0.287049 0.233550 -0.841313 -0.517875 0.154913 -0.249676 0.965501 -0.073964 -0.391888 0.685690 -0.613394 -0.615325 0.200367 -0.762383 -0.674977 0.380737 -0.632016 -0.706725 0.549279 -0.445906 -0.737797 0.126590 -0.663047 -0.028477 -0.254590 0.966630 0.610205 -0.359934 0.705760 0.534973 -0.295600 -0.791470 0.928927 -0.293553 -0.225657 0.176738 0.263638 0.948292 -0.519921 0.398696 0.755462 0.463041 -0.221145 0.858305 -0.824616 -0.404868 0.395083 -0.303446 0.499681 0.811320 -0.369816 0.558052 0.742842 -0.279059 0.374791 0.884114 -0.845805 -0.519102 -0.123073 -0.838522 -0.524919 -0.146084 0.912764 0.404325 0.058174 0.819849 0.557505 0.130522 0.678672 0.475997 0.559313 0.848833 0.465727 0.250161 -0.790448 -0.261791 -0.553766 -0.370176 0.675697 -0.637498 0.461340 0.170176 -0.870750 0.539719 -0.770706 -0.338697 0.289520 -0.953481 -0.083971 -0.184814 -0.010960 -0.982712 -0.472246 0.020540 -0.881228 -0.701441 -0.288947 -0.651528 -0.492353 0.002912 -0.870391 0.019834 -0.999451 -0.026539 0.236631 -0.930002 -0.281251 0.013664 -0.999854 0.010225 -0.617719 -0.780580 -0.095488 0.332584 -0.879234 0.341080 -0.007461 -0.133211 -0.991060 0.480878 -0.236698 0.844234 0.609555 -0.500225 0.614994 0.220078 0.228985 -0.948225 -0.079864 -0.355191 0.931376 0.702453 -0.671887 -0.234793 0.027034 -0.999011 0.035300 0.002048 -0.988680 0.150028 0.969188 -0.177176 0.171122 0.552008 0.812127 0.189041 0.091587 -0.724577 -0.683082 -0.112886 -0.550457 -0.827196 0.084736 -0.915518 -0.393251 0.207178 -0.877395 -0.432731 0.200519 -0.911712 -0.358570 
						0.597691 -0.702625 -0.386114 -0.984616 -0.070286 -0.159971 -0.476447 -0.833257 -0.280502 0.486337 -0.826266 0.284186 0.739621 -0.190744 -0.645428 -0.162499 -0.986063 -0.035680 0.196576 0.051361 0.979142 -0.880032 0.163005 0.446063 0.598158 -0.051189 0.799742 0.892679 0.168464 0.418024 -0.928375 0.060623 -0.366666 -0.836612 0.498478 -0.227157 -0.955054 0.296430 -0.001323 -0.952209 0.303998 0.029719 0.764112 -0.584627 0.272660 0.884646 0.282101 -0.371243 0.221225 -0.874627 0.431378 -0.815867 -0.339040 0.468415 0.078271 0.619002 0.781479 0.333091 0.660341 0.673053 0.168525 -0.343209 -0.924017 -0.021099 -0.779664 -0.625842 0.342818 0.490935 -0.800911 -0.144031 -0.983981 -0.105055 -0.162166 -0.986732 0.007854 -0.096192 -0.941375 -0.323358 0.501014 0.796557 0.338352 0.472660 0.872422 -0.124385 -0.192635 0.911205 -0.364138 -0.134993 0.929077 -0.344374 0.667112 0.335250 -0.665259 0.110548 0.758439 0.642299 0.182169 0.614874 0.767297 0.113094 0.679247 0.725143 -0.122991 0.988044 0.092967 -0.278805 0.671613 -0.686444 -0.135018 0.990743 0.014080 -0.643013 0.462676 -0.610299 -0.009372 0.712853 -0.701251 0.096553 0.186739 -0.977653 -0.032026 0.195087 -0.980263 0.176834 0.041190 -0.983378 -0.299035 -0.138957 -0.944070 0.195423 0.728157 0.656961 0.119033 0.948250 0.294369 0.889320 0.455128 -0.044365 -0.235343 -0.393372 -0.888748 -0.009982 0.046496 -0.998868 -0.491544 0.198920 -0.847830 -0.609247 -0.123480 -0.783308 0.905871 0.395921 -0.150481 0.853189 0.411882 0.320033 0.871381 0.258970 -0.416689 0.913336 -0.333017 0.234346 0.806194 -0.322735 0.495876 0.623895 0.066222 0.778697 
					</float_array>
					<technique_common>
						<accessor count="2040" offset="0" source="#meshId0-tangents-array" stride="3">
							<param name="X" type="float" />
							<param name="Y" type="float" />
							<param name="Z" type="float" />
						</accessor>
					</technique_common>
				</source>
				<source id="meshId0-bitangents" name="meshId0-bitangents">
					<float_array id="meshId0-bitangents-array" count="6120"> 
						0.280287 0.950272 -0.135730 0.374987 0.885855 -0.273213 0.431054 0.879610 -0.201191 0.338606 0.912146 0.230943 0.328614 0.852063 0.407434 0.343953 0.925615 0.157901 -0.894663 0.152257 0.419996 -0.829422 0.156131 0.536361 -0.884880 0.165229 0.435529 -0.721204 0.259157 0.642419 0.442818 0.783394 -0.436127 0.492961 0.855280 -0.159639 0.350008 0.862560 -0.365356 0.493434 0.813479 -0.307856 0.032996 -0.414582 -0.909414 0.113017 -0.430380 -0.895544 -0.072958 -0.615139 -0.785035 -0.199121 -0.569820 -0.797280 0.268259 0.899135 -0.345822 0.537397 0.739732 -0.404971 0.528159 0.341018 -0.777660 -0.975960 0.115059 0.185102 -0.992162 0.101178 0.073335 -0.991706 0.128448 -0.004557 -0.994618 0.090761 0.049972 0.569183 -0.324273 0.755564 0.924978 -0.284833 0.251567 0.670847 -0.190918 0.716600 0.158420 0.077152 0.984353 -0.914705 0.183868 0.359872 -0.977530 0.138572 0.158852 0.231010 0.417906 0.878629 -0.022229 -0.216863 0.975949 -0.920270 -0.029064 0.390203 -0.962706 0.007935 0.270432 -0.937109 0.086216 0.338222 -0.923763 0.050978 0.379556 -0.952129 0.217925 0.214380 -0.923891 0.149368 0.352298 -0.971654 0.202325 -0.122281 -0.991159 0.128420 -0.033337 0.442131 0.876321 -0.191263 0.277831 0.943976 -0.178097 0.145364 0.968403 -0.202645 0.220223 0.958033 -0.183509 0.267590 0.947810 -0.173355 0.624930 0.772474 -0.112900 0.224079 0.956780 -0.185368 0.249563 0.946572 -0.204253 -0.639722 0.050845 -0.766922 -0.774986 0.057216 -0.629383 -0.500479 -0.021707 -0.865476 -0.505377 0.113549 -0.855395 -0.902309 0.157769 -0.401182 -0.871687 0.076965 -0.483981 -0.610546 0.748979 -0.257416 -0.627535 0.742113 -0.235517 -0.853438 -0.475754 -0.212841 -0.918569 -0.307723 -0.248069 0.920313 -0.060336 -0.386502 0.885435 -0.446315 0.129642 0.901642 -0.217653 -0.373723 -0.211609 -0.039827 0.976542 -0.533320 -0.075327 0.842553 
						-0.580498 -0.149604 0.800400 -0.333585 -0.120045 0.935046 -0.930465 0.187558 -0.314734 -0.971910 0.166911 -0.165924 -0.970427 0.161787 -0.179153 -0.395245 -0.898829 -0.189442 -0.330243 -0.937415 -0.110419 -0.017563 -0.999843 -0.002524 -0.097146 -0.954125 -0.283211 0.374892 0.842213 0.387470 0.570303 0.778535 0.261989 0.844154 0.536042 0.007932 0.417711 0.866551 0.273143 0.149964 0.888945 0.432767 0.265417 0.810467 0.522204 0.193181 -0.917656 -0.347257 -0.042153 -0.975080 -0.217812 -0.112072 -0.974788 -0.192946 -0.581214 -0.795176 -0.172874 0.646506 -0.759887 0.067838 0.619752 -0.774833 0.124664 0.617487 -0.785582 -0.039624 0.785037 -0.548897 -0.287105 0.197164 0.783692 0.589027 0.285173 0.849089 0.444661 0.539921 0.839350 0.063064 0.340081 0.832221 0.437896 0.553811 -0.825886 0.105852 0.787324 -0.614637 0.048396 0.891770 -0.452347 -0.011331 0.960603 -0.158873 -0.228039 0.213711 0.419958 0.882022 0.482205 0.210602 0.850368 0.474081 0.322627 0.819243 0.085959 0.546943 0.832745 0.454760 0.667234 0.589908 0.153110 0.567971 0.808682 -0.046578 0.563618 0.824721 0.048433 0.630827 0.774411 0.167286 0.656245 0.735770 0.152234 0.671951 0.724780 0.293206 0.732983 0.613812 0.281775 0.757825 0.588476 -0.925084 0.371447 0.079036 -0.893248 0.051271 0.446630 -0.869978 -0.326720 0.369314 -0.767042 -0.515715 -0.381687 0.317358 0.787012 0.529052 0.234463 0.769255 0.594369 0.144597 0.669144 0.728929 0.387275 0.785148 0.483281 0.389504 0.646018 0.656465 0.448330 0.750586 0.485407 0.418630 0.802102 0.425888 0.425574 0.844699 0.324608 0.403668 0.860006 0.312157 0.377541 0.788792 0.485047 0.452007 0.850261 0.269715 -0.132763 0.980422 0.145416 0.148461 0.958276 -0.244266 0.157687 0.965238 -0.208446 0.290660 0.955651 0.047410 -0.532497 0.810824 -0.242925 -0.561281 0.784303 -0.264258 
						-0.576483 0.747736 -0.329480 -0.551898 0.730030 -0.403070 0.200038 0.935598 -0.290933 0.631745 0.442832 -0.636238 0.774158 0.441624 -0.453484 0.266573 0.955678 -0.124973 0.335737 -0.921417 -0.195633 0.001450 -0.975056 0.221955 0.486676 -0.873561 0.006217 0.590862 -0.792520 -0.150980 0.529164 0.783510 0.325725 0.546363 0.781851 0.300327 0.459576 0.802444 0.380622 0.720002 -0.458887 -0.520596 0.878561 -0.355823 -0.318624 0.860887 0.358785 -0.360760 0.041632 -0.980296 0.193096 0.033754 -0.983124 0.179802 0.910478 -0.399211 0.107981 0.891993 -0.438015 0.111765 -0.276970 -0.958683 0.064916 0.238116 -0.950050 -0.201757 -0.918019 0.279851 0.280933 -0.978023 -0.188325 -0.089472 -0.165025 0.955820 0.243258 0.064553 0.589406 0.805254 -0.060748 0.970320 0.234070 0.437573 -0.521956 -0.732183 0.575824 0.002364 -0.817570 0.455779 0.478559 -0.750497 0.414747 -0.025436 -0.909581 0.744151 -0.406544 -0.530059 0.671175 -0.716615 -0.189701 0.838718 0.239404 -0.489120 0.714270 0.498486 -0.491253 0.667182 0.169479 -0.725358 0.921031 0.049715 -0.386304 0.964738 -0.248300 -0.087333 0.793359 -0.035097 -0.607741 0.366558 -0.501869 -0.783430 0.484341 -0.174867 -0.857225 0.612528 0.498269 -0.613627 0.773085 0.439593 -0.457272 0.457172 -0.264838 -0.849031 0.754306 -0.010792 -0.656435 0.538118 0.642660 -0.545359 0.084498 0.134375 -0.987321 0.638650 -0.669973 -0.378500 0.189247 -0.287706 -0.938835 0.115329 -0.436549 -0.892258 0.437424 -0.490490 -0.753711 0.160759 -0.215288 -0.963228 0.952744 0.054288 -0.298883 0.989632 0.124243 0.072057 0.939442 0.253872 -0.230211 0.903531 0.419716 -0.086434 0.600324 0.751326 -0.274080 0.467073 0.859263 0.208590 0.369566 0.177919 -0.912012 0.524581 0.840372 -0.136343 0.599522 -0.148336 0.786492 0.792570 0.058173 0.606999 0.847796 0.102361 0.520350 0.644610 -0.082590 0.760037 
						0.973521 0.204590 0.101976 0.972035 0.224998 0.067265 0.888306 0.289713 0.356340 0.977108 0.212038 -0.017309 0.959624 0.189314 0.208043 0.934790 0.176922 0.308002 0.439990 0.854273 0.276815 0.354408 0.428053 -0.831364 -0.255237 0.542362 0.800436 -0.618140 -0.417539 0.666007 -0.268725 0.140418 0.952927 0.029327 0.653589 0.756281 0.182131 0.970650 0.157059 0.338923 0.905318 -0.255988 0.665442 0.547838 -0.507011 0.079961 0.898063 0.432538 0.129006 0.777619 0.615359 0.202014 0.549991 0.810370 0.070990 0.895720 0.438914 0.333238 0.126693 0.934292 0.699380 -0.031950 0.714036 0.354909 0.642185 0.679440 -0.310000 0.046569 0.949595 -0.584792 -0.236484 0.775947 -0.726943 -0.306062 0.614719 -0.345518 0.026002 0.938052 0.069709 0.397193 0.915084 -0.007752 0.373152 0.927738 -0.882291 -0.275365 0.381755 -0.343598 -0.030507 0.938621 -0.752641 -0.274255 0.598595 -0.721597 -0.187184 0.666528 -0.116677 0.200103 0.972803 0.061861 0.332057 0.941228 0.614481 0.567068 -0.548494 0.635484 0.537175 -0.554620 0.761504 0.254898 -0.595936 0.876958 -0.259216 -0.404663 0.770817 0.627237 -0.111422 0.697194 0.708201 -0.111228 0.844683 0.430339 -0.318307 0.697827 0.545133 -0.464616 0.501123 0.804941 -0.317719 0.527990 0.847801 0.049601 0.529986 0.847977 -0.007086 0.446551 0.894467 -0.022823 0.405821 0.912901 -0.043836 0.359423 0.927642 -0.101468 0.640941 0.767579 -0.004185 0.426986 0.904170 -0.012610 -0.358398 0.920685 -0.154561 -0.402614 0.911443 -0.084697 0.387582 -0.850350 -0.355929 0.399850 -0.868990 -0.291507 0.407040 -0.911815 -0.053963 0.360781 -0.929252 -0.079547 -0.120198 -0.991738 0.044814 -0.246855 0.426306 0.870245 0.095497 -0.995359 -0.011855 0.285265 -0.878648 -0.382885 -0.358667 -0.865729 0.349102 0.347331 -0.935922 0.058405 0.425312 -0.900785 -0.087727 0.561100 -0.757644 -0.333379 
						0.601105 -0.665957 -0.441785 0.401688 -0.912664 -0.075438 0.948588 -0.283850 -0.140038 0.930172 -0.242366 -0.275752 0.822123 0.066788 -0.565379 0.858224 -0.094926 -0.504421 0.719551 -0.578687 -0.383885 0.411715 -0.905291 -0.104595 0.907175 -0.172243 -0.383884 0.963056 -0.238510 -0.125046 -0.194601 -0.978789 0.064048 0.605262 -0.780474 -0.156583 0.207007 0.491386 0.845984 0.211408 0.353706 0.911152 -0.901571 0.220164 0.372422 -0.987427 0.139539 0.074272 -0.915321 0.211064 0.342987 0.390612 0.807045 0.442833 0.437690 0.823219 0.361577 0.399468 0.851388 0.339947 0.629824 -0.680762 0.374012 0.904444 -0.389575 -0.173818 0.883553 -0.122071 -0.452143 0.871735 -0.401631 -0.280661 0.653188 -0.665885 0.360476 0.871023 -0.488989 0.046995 0.121080 0.962372 0.243267 0.724756 0.677102 -0.127518 0.123754 0.930545 -0.344631 -0.063696 0.997882 0.013219 -0.575373 -0.336521 -0.745453 -0.517361 -0.212881 -0.828866 -0.386101 0.088078 -0.918242 -0.423740 -0.077218 -0.902486 -0.810134 0.583215 0.059529 -0.719087 0.694892 -0.006195 -0.697617 0.708937 -0.103625 -0.894594 0.434077 0.106202 -0.511412 -0.210929 -0.833046 -0.421479 0.067485 -0.904323 -0.467282 0.000885 -0.884108 -0.448115 0.025061 -0.893624 -0.463442 0.085671 -0.881976 -0.085483 0.825834 -0.557396 -0.021102 0.833692 -0.551826 -0.423669 0.609274 -0.670291 -0.366811 0.768258 -0.524624 -0.104624 0.896109 -0.431326 0.108365 0.906061 -0.409035 0.231535 0.917690 -0.322856 0.547483 -0.011250 0.836741 0.516548 0.147219 0.843507 0.476737 0.221799 0.850604 0.548784 0.044902 0.834758 0.240645 0.262161 0.934538 0.385783 0.045156 0.921484 -0.475974 0.060690 -0.877363 -0.431019 -0.062798 -0.900155 -0.438218 -0.043537 -0.897814 -0.409471 -0.073722 -0.909339 0.172049 0.641374 0.747688 -0.263626 0.494356 0.828320 0.296134 0.546426 0.783405 0.303589 0.482296 0.821720 
						0.518398 0.150025 0.841877 0.565986 0.630897 0.530687 0.269051 0.700097 0.661419 0.706685 0.701542 0.091849 0.533727 0.748278 0.393974 0.357706 0.740773 0.568597 0.132919 0.633329 0.762382 0.550863 0.792553 0.261554 0.389146 0.802406 0.452449 0.274046 0.760308 0.588924 0.201349 0.699995 0.685176 0.216108 0.715562 0.664281 0.086295 0.660602 0.745760 -0.047279 0.622263 0.781379 0.024811 0.626007 0.779422 -0.206123 0.521040 0.828270 0.027322 0.631228 0.775116 -0.159979 0.533457 0.830560 0.103451 0.686408 0.719820 -0.072145 0.598337 0.797990 -0.292715 0.502155 0.813731 -0.372443 0.435660 0.819443 -0.489480 0.343739 0.801407 -0.514765 0.395263 0.760779 -0.531292 0.399585 0.747034 -0.565382 0.362686 0.740812 -0.033397 0.619779 0.784066 -0.395326 0.461938 0.793934 -0.737032 0.288635 0.611125 -0.734531 0.315608 0.600713 0.192341 0.754131 0.627926 0.292912 0.753555 0.588521 0.284766 0.792989 0.538587 0.379130 0.837511 0.393492 0.416788 0.830764 0.368942 0.497015 0.748618 0.438803 0.468761 0.776823 0.420488 0.378794 0.885238 0.269941 0.397301 0.903368 0.161489 0.442387 0.893651 0.075379 0.403412 0.858017 0.317908 0.464068 0.883394 -0.065241 0.422487 0.883954 -0.200326 0.396583 0.917793 -0.019452 0.394230 0.912559 -0.108716 0.425610 0.898434 0.108040 0.424305 0.904510 0.042739 0.376488 0.908417 -0.181755 0.265314 0.919846 -0.288951 0.349389 0.927940 -0.129821 0.396526 0.917673 -0.025373 0.452985 0.850119 0.268518 0.293039 0.930582 -0.219419 0.293006 0.925824 -0.238741 0.142022 0.866071 -0.479324 0.454176 0.890121 -0.037526 0.189172 0.936059 -0.296661 0.063895 0.941526 -0.330828 -0.144635 0.893034 -0.426111 0.020450 0.949048 -0.314468 0.175466 0.963848 -0.200522 0.076620 0.969569 -0.232519 0.201681 0.963146 -0.177973 0.337535 0.936714 -0.092938 
						0.337584 0.939171 -0.063204 0.433001 0.901044 0.025114 0.504479 0.846037 0.172399 0.455320 0.888214 0.061321 0.478344 0.857269 0.190465 0.448524 0.890341 0.078229 0.473077 0.850589 0.229557 0.474637 0.829505 0.294350 0.443817 0.837733 0.318166 0.360832 0.932512 0.014902 0.401070 0.903180 0.153001 0.174793 0.967826 -0.180997 0.286991 0.955116 -0.073418 -0.102037 0.943259 -0.315993 0.104775 0.942155 -0.318381 0.525222 -0.850918 -0.008907 0.362921 -0.929632 -0.063826 0.302021 -0.952859 -0.029018 0.408064 -0.906427 -0.108964 0.508208 -0.861158 0.011463 0.384996 -0.911164 0.146823 0.140323 0.971303 -0.192041 -0.128605 0.932017 -0.338830 0.054973 0.975032 -0.215154 -0.193375 0.899461 -0.391887 0.330519 0.941295 -0.068713 0.303619 0.943810 -0.130529 -0.095473 0.961017 -0.259482 -0.202676 0.953215 -0.224282 -0.600543 0.769738 -0.216451 -0.457373 0.823911 -0.334635 0.426250 -0.269409 -0.863557 0.281135 -0.293570 -0.913663 0.530810 -0.221874 -0.817932 0.746788 -0.124247 -0.653353 0.471801 -0.881402 -0.023108 0.910416 0.007027 -0.413634 0.696900 -0.164415 -0.698068 0.723834 -0.103953 -0.682099 -0.133458 -0.572477 -0.808986 0.115181 -0.472504 -0.873770 -0.051705 -0.616353 -0.785770 0.855622 0.084587 0.510643 0.583350 -0.120491 0.803234 -0.639154 0.752104 -0.160694 -0.268744 0.934850 -0.232018 -0.562238 0.062870 -0.824582 -0.456767 0.033775 -0.888945 -0.657338 -0.006537 -0.753568 -0.801526 -0.022860 -0.597523 -0.855424 -0.022504 -0.517438 -0.955852 0.003151 -0.293831 -0.503323 -0.100957 -0.858180 -0.622441 -0.070512 -0.779484 -0.779894 -0.049328 -0.623965 -0.938840 0.003562 -0.344336 -0.966001 0.009584 -0.258359 -0.650090 -0.096262 -0.753735 -0.782066 -0.060085 -0.620292 -0.920144 0.007061 -0.391516 -0.992272 0.085053 -0.090344 -0.995964 0.089165 -0.010289 -0.781714 -0.009898 -0.623558 -0.894656 0.014159 -0.446531 
						-0.982453 0.116868 -0.145357 -0.975361 0.133241 -0.175835 -0.985797 0.167411 0.013306 -0.976820 0.204423 0.063519 -0.987525 0.157312 0.006887 -0.982463 0.164733 0.087347 -0.919289 0.210140 0.332789 -0.973159 0.203176 0.108080 -0.981475 0.183364 0.055529 -0.921489 0.229565 0.313302 -0.710646 0.334633 0.618872 -0.740110 0.311071 0.596215 -0.973788 0.224174 -0.038512 -0.912855 0.255295 0.318622 -0.658438 0.362643 0.659507 -0.387146 0.442434 0.808931 -0.525307 0.416356 0.742092 -0.892163 0.259110 0.370010 -0.566514 0.404201 0.718111 -0.258245 0.454677 0.852396 -0.505911 0.281633 0.815314 -0.040511 0.423790 0.904854 0.079390 0.438131 0.895399 -0.760812 -0.097265 0.641643 -0.901852 0.180408 0.392577 -0.900895 0.142019 0.410145 -0.920285 0.021212 0.390673 -0.866486 -0.111960 0.486484 0.241167 0.172770 0.954981 -0.425231 -0.200571 -0.882582 -0.423542 -0.224225 -0.877688 -0.438993 -0.031838 -0.897926 -0.440836 -0.055637 -0.895862 -0.446518 -0.003695 -0.894767 -0.424553 -0.077862 -0.902049 -0.321999 -0.253589 -0.912145 -0.452229 0.047872 -0.890616 -0.443184 0.018794 -0.896233 -0.427974 -0.006695 -0.903766 -0.456050 0.135191 -0.879626 -0.500139 0.306202 -0.810001 0.846302 0.347531 -0.403727 0.836539 0.409328 -0.364215 0.817270 0.517339 -0.253832 0.821537 0.525858 -0.220340 0.440990 0.012059 0.897431 0.391070 0.289327 0.873701 0.834338 0.482260 -0.267030 0.775238 0.609947 -0.164227 0.701457 0.712707 -0.002500 0.503745 0.845199 0.178549 0.330971 0.846952 0.416090 -0.476479 0.209078 -0.853964 -0.451771 0.159395 -0.877779 -0.445142 0.311670 -0.839470 -0.435861 0.162250 -0.885268 -0.454086 0.180576 -0.872467 -0.438688 0.343638 -0.830341 -0.386571 0.643664 -0.660500 -0.431225 0.617945 -0.657411 -0.447761 0.500036 -0.741265 0.454596 0.581060 -0.675064 0.200979 0.600318 -0.774097 0.040300 -0.910715 0.411064 
						0.088532 -0.923906 0.372236 0.050373 -0.913768 0.403101 0.444500 0.786432 -0.428888 0.390911 0.842465 -0.370730 0.295213 0.840570 -0.454193 -0.038660 0.579918 -0.813757 0.129487 0.847099 -0.515419 -0.341016 0.633505 -0.694536 -0.434859 0.333678 -0.836395 -0.408199 0.380660 -0.829742 -0.325184 0.558953 -0.762776 -0.459001 0.230418 -0.858036 -0.350457 0.506004 -0.788124 -0.675073 0.563609 -0.476048 -0.536564 0.560302 -0.631000 -0.204887 0.868893 -0.450607 -0.402683 0.778134 -0.482031 -0.036968 0.962815 -0.267622 -0.258861 0.842046 -0.473233 -0.044893 0.975242 -0.216535 0.115309 0.970656 -0.211024 -0.140257 0.961949 -0.234481 0.096421 0.970851 -0.219434 0.195199 0.962362 -0.189093 0.217218 0.959702 -0.178295 0.292566 0.943293 -0.156856 0.334681 0.933614 -0.127884 -0.903514 -0.306736 0.299291 -0.749031 -0.204740 0.630106 -0.763277 -0.172284 0.622677 -0.984124 -0.175286 0.027824 -0.669782 0.304440 -0.677280 -0.836917 0.000470 -0.547330 -0.775404 0.420083 -0.471465 -0.704758 0.606465 -0.368125 0.164544 0.964651 -0.205848 0.272968 0.945468 -0.177705 0.188405 0.971359 -0.144793 0.164499 0.973497 -0.158882 0.118476 0.970863 -0.208299 0.311007 0.938001 -0.153068 0.003018 0.973769 -0.227519 -0.159511 0.970908 -0.178587 -0.195634 0.973828 -0.115698 0.100553 0.970685 -0.218310 -0.096933 0.975086 -0.199527 0.152435 0.958176 -0.242204 -0.604017 -0.080703 -0.792875 -0.594046 -0.082153 -0.800225 -0.545722 -0.131328 -0.827611 -0.472409 -0.015074 -0.881250 -0.378345 0.129485 -0.916564 -0.401904 0.127751 -0.906727 -0.495339 0.864765 -0.082580 -0.368531 0.925216 -0.090332 -0.367977 0.336929 -0.866644 -0.536777 0.259638 -0.802782 -0.649358 0.758652 -0.052734 -0.529191 0.847125 -0.048341 -0.427980 0.510228 -0.745990 -0.637725 0.406455 -0.654294 -0.578626 0.500636 -0.643860 -0.851444 0.371244 -0.370432 -0.954479 0.272651 -0.120962 
						-0.840241 0.325417 -0.433703 -0.842078 0.199085 -0.501267 -0.973482 0.183204 -0.136998 -0.942497 0.215170 0.255736 -0.964540 0.215788 0.151979 -0.970848 0.210849 0.114000 -0.450398 -0.087921 -0.888489 -0.299326 0.245624 -0.921994 -0.335713 0.221643 -0.915517 -0.447524 -0.117540 -0.886514 -0.978754 0.178448 0.100985 -0.958992 0.045151 0.279815 -0.398582 0.081075 -0.913542 -0.425519 -0.182852 -0.886283 -0.746724 0.664069 -0.037619 -0.777953 0.628320 0.001802 -0.473772 0.876121 -0.089176 -0.294436 0.930756 -0.216795 -0.583456 0.734145 -0.347290 -0.526914 0.444855 -0.724200 -0.666532 0.159344 -0.728248 -0.950253 0.301769 0.077164 -0.402380 0.426946 -0.809820 -0.463526 0.145800 -0.874006 -0.454475 0.092655 -0.885927 -0.946456 0.315588 0.068017 -0.957699 0.277978 -0.074434 -0.543756 0.368724 0.753904 -0.612185 0.372308 0.697579 -0.626611 0.304958 0.717189 -0.615397 0.366249 0.697960 -0.753353 0.322480 0.573120 -0.976965 0.108829 0.183564 -0.997552 0.069818 0.003897 -0.956443 0.092676 0.276817 -0.996551 0.066909 -0.049091 -0.992960 0.038068 -0.112166 0.773808 0.362495 0.519440 0.976893 0.192498 -0.092871 0.969958 0.168357 0.175603 0.892981 -0.015276 0.449836 0.962851 -0.111921 0.245747 0.599585 -0.473110 0.645496 0.541771 -0.268910 0.796349 0.804212 -0.569635 0.169583 0.177626 -0.617136 -0.766545 0.588424 -0.578666 -0.564715 0.726828 -0.500586 -0.470249 0.859625 -0.183271 -0.476925 0.785847 -0.348854 -0.510633 0.637535 -0.398237 -0.659512 0.698757 -0.143463 -0.700826 0.400597 0.067952 -0.913731 0.938251 0.105004 -0.329634 0.994058 -0.088876 0.062841 0.847163 0.187351 -0.497206 0.823357 0.300749 -0.481282 0.808223 0.052661 -0.586517 0.516848 0.332687 -0.788789 0.947427 -0.210524 0.240961 0.861570 0.172445 -0.477452 0.913861 -0.214238 -0.344907 0.697945 0.676957 -0.233671 0.478807 0.716429 -0.507419 
						0.128223 0.931722 -0.339784 -0.115903 0.958097 -0.261948 0.735982 0.414732 -0.535096 0.635115 0.527071 -0.564646 0.835650 0.018404 -0.548954 0.771352 0.233752 -0.591926 0.834027 0.477171 -0.276959 0.911449 0.064331 -0.406353 0.915299 -0.386374 -0.113766 0.916875 0.391870 -0.076013 0.970915 -0.190141 0.145498 0.589973 -0.270784 0.760662 0.804358 -0.348935 0.480887 0.960795 0.192004 0.200018 0.698887 0.612319 0.369625 0.675960 0.588140 0.444039 0.939101 0.194890 0.283031 0.575768 0.740403 0.346834 0.795202 0.564511 0.221319 0.701394 0.711821 0.036833 0.531638 -0.692065 0.488269 0.805641 -0.552414 0.213965 0.933773 -0.350007 -0.074582 0.920042 -0.302510 -0.249017 0.896114 -0.134430 -0.422975 0.566584 -0.082588 -0.819855 0.388351 0.318583 -0.864690 0.985012 -0.002505 -0.172469 -0.586972 0.389973 0.709496 -0.731576 0.340001 0.590929 -0.712565 0.013271 0.701481 -0.604759 -0.393990 0.692126 -0.290784 -0.660578 0.692157 -0.515508 -0.402321 0.756564 -0.358527 -0.183326 0.915341 -0.402313 0.256261 0.878905 0.066822 -0.195129 0.978499 0.127373 -0.609761 0.782284 -0.153311 -0.470686 0.868879 -0.009357 0.040843 0.999122 -0.244092 -0.835131 0.492924 -0.255624 -0.533548 0.806215 0.169010 -0.396078 0.902528 0.419139 -0.626677 0.656962 0.192908 -0.862683 0.467508 -0.359691 -0.382833 0.850918 0.381043 -0.681121 0.625205 0.462500 -0.683293 0.564982 0.482933 -0.713388 0.507793 -0.184821 -0.299150 0.936136 0.199187 0.467054 0.861502 0.198165 0.459337 0.865875 0.731445 -0.541634 -0.414271 0.597750 -0.748548 -0.287003 0.552465 -0.789491 -0.267370 0.666733 -0.625468 -0.405286 0.769135 -0.456681 -0.447072 0.906317 -0.128450 -0.402604 0.493773 -0.834018 -0.246177 0.561689 -0.761570 -0.323291 0.633475 -0.695288 -0.339535 0.403014 -0.912535 -0.069706 0.372762 -0.383471 -0.844984 0.551858 -0.778242 -0.299651 
						0.288046 0.530894 0.796983 0.453066 0.690265 0.564150 0.887372 -0.302066 -0.348322 0.904242 -0.190664 -0.382092 0.948384 -0.316941 -0.010757 0.974806 -0.018375 -0.222298 0.916477 -0.390109 -0.088799 0.792020 -0.566229 0.228229 -0.939362 -0.326645 0.104411 -0.797681 -0.156329 0.582465 -0.881099 -0.468717 0.062998 0.499433 0.849913 -0.167969 0.332099 0.887180 0.320345 -0.779994 -0.566234 0.266437 0.510504 0.772125 -0.378430 0.388904 0.899160 0.200663 0.441228 0.548248 -0.710452 0.473846 0.880584 -0.006448 0.141584 0.922894 0.358080 0.672961 0.724046 0.151264 0.208827 0.930738 0.300196 0.730267 0.683145 -0.004765 0.481225 0.874046 0.066828 -0.134822 0.556496 -0.819838 0.664824 0.683020 -0.302478 0.792166 -0.331640 -0.512336 0.434039 -0.882220 -0.182476 0.194776 -0.949706 0.245194 0.387773 0.912505 0.130256 0.397095 0.881236 0.256395 -0.805204 -0.485429 -0.340594 -0.818401 0.475889 -0.322101 -0.766139 0.459718 -0.449099 -0.741107 -0.484241 -0.465049 -0.661357 0.179349 -0.728314 0.075273 0.940323 -0.331852 -0.136079 0.937977 -0.318875 0.146687 0.956036 -0.253925 0.320096 0.917324 -0.236760 0.079181 0.594013 0.800549 -0.715281 -0.688643 -0.118926 -0.512855 -0.610919 -0.603123 0.372256 0.892999 0.252938 0.362278 0.921210 0.141869 0.300423 0.947986 0.105209 -0.191203 -0.468440 0.862557 -0.570541 0.237433 0.786198 0.009390 0.709762 0.704379 -0.847851 0.102803 0.520174 -0.394823 0.444738 0.803942 -0.495358 0.725466 0.477828 -0.568299 0.509378 0.646198 -0.045882 0.779197 0.625098 0.076949 0.614009 0.785539 0.426240 0.843485 0.326883 0.411787 0.790267 0.453773 0.346038 0.924616 0.159191 0.335800 0.941185 0.037542 0.333694 0.942012 -0.035515 0.446294 0.704497 0.551821 0.221264 0.962881 -0.154603 -0.415705 0.739876 -0.528936 -0.540604 0.587232 -0.602416 -0.687362 0.676491 -0.264373 
						-0.671962 0.696300 -0.252256 -0.470144 -0.053163 0.880987 -0.034616 0.096071 0.994772 -0.256336 0.198467 0.945993 -0.952303 -0.242764 -0.184894 -0.912640 0.109517 -0.393820 -0.249409 0.799307 -0.546720 -0.542666 0.775172 -0.323454 0.458895 0.846395 -0.270242 0.091996 0.975548 -0.199607 -0.105649 0.976761 -0.186484 -0.166765 0.984134 0.060572 0.954526 0.258990 -0.147664 0.774122 0.284980 -0.565262 0.874619 -0.217494 -0.433288 -0.082404 0.965805 -0.245825 0.407758 0.792329 -0.453814 0.610657 -0.753616 -0.243231 0.398563 -0.916868 -0.022379 -0.383787 0.921543 -0.058873 -0.425658 0.904556 0.024364 0.759122 -0.150574 -0.633293 0.413310 -0.255713 -0.873949 0.359311 -0.929492 -0.083301 0.439698 -0.897688 -0.028655 0.548667 -0.835889 -0.015954 0.619025 -0.769987 0.154688 -0.800165 -0.182481 0.571346 -0.790457 -0.211099 0.574991 -0.225022 0.722682 0.653525 0.050819 -0.158132 0.986109 0.643873 0.637837 0.422601 -0.298054 0.493770 0.816918 0.525849 0.783799 0.330366 0.107103 0.485863 0.867448 0.642762 0.761293 0.085379 0.374071 0.768612 0.518948 -0.949029 0.302708 0.087814 -0.970808 0.237088 -0.036344 -0.956294 0.094056 0.276867 -0.816493 0.105496 0.567636 -0.829172 -0.012113 0.558863 -0.565026 -0.002792 0.825068 -0.859704 -0.160147 0.485037 0.039175 0.275430 0.960523 -0.613921 -0.306657 0.727367 0.115631 0.723845 0.680204 0.037734 0.413172 0.909871 0.228764 0.391150 0.891442 0.301780 0.617147 0.726677 -0.666948 0.400283 0.628454 -0.276851 0.116138 0.953869 0.263526 0.084803 0.960918 0.385181 0.360502 0.849514 0.252490 0.560669 0.788606 0.066486 0.536450 0.841309 0.496080 -0.156301 0.854093 0.518327 0.083693 0.851077 0.467319 0.161887 0.869141 0.487227 0.237042 0.840488 0.505192 0.262572 0.822093 0.525858 0.373996 0.763937 0.435799 0.377088 0.817242 -0.264999 0.281637 0.922202 
						0.057820 -0.127615 0.990137 0.447135 -0.209353 0.869621 0.568604 -0.215432 0.793901 0.721314 -0.097405 0.685725 0.767644 0.118327 0.629859 0.695691 0.250640 0.673197 0.632059 0.289505 0.718810 -0.085151 0.200919 0.975900 0.073719 -0.126815 0.989183 0.337200 -0.209060 0.917927 0.713285 0.198575 0.672155 0.701011 0.250402 0.667744 0.059917 0.219922 0.973676 0.118134 -0.039879 0.992197 0.279062 -0.198950 0.939438 0.436157 -0.306423 0.846092 0.674190 -0.280254 0.683320 0.786304 -0.027577 0.617225 0.758609 0.159430 0.631739 0.244432 0.347640 0.905207 0.355729 0.112491 0.927795 0.541354 0.023089 0.840478 0.705512 0.123696 0.697820 0.736647 0.226636 0.637171 0.756905 0.312846 0.573779 0.686285 0.435594 0.582470 0.633320 0.362581 0.683696 0.712610 0.311840 0.628445 0.479371 0.709477 0.516571 0.535354 0.690894 0.485861 0.465020 0.787131 0.405192 0.206098 0.743952 0.635656 -0.015174 0.819155 0.573371 -0.002042 0.782848 0.622209 -0.091186 0.317550 0.943847 -0.048418 0.440410 0.896490 0.094880 0.484146 0.869828 0.293031 0.346988 0.890916 0.475140 0.395050 0.786243 0.550092 0.565822 0.614202 -0.228822 0.906930 0.353720 -0.292108 0.842988 0.451713 -0.162180 0.825606 0.540436 -0.054805 0.819360 0.570653 -0.045427 0.889094 0.455464 -0.736557 0.351965 0.577585 -0.470111 0.358996 0.806298 -0.191098 0.398890 0.896866 0.111768 0.584495 0.803663 0.103021 0.888760 0.446645 -0.861872 -0.067040 0.502675 -0.556366 0.100993 0.824777 -0.227387 0.563283 0.794360 -0.299999 0.902200 0.309897 -0.592705 0.803483 0.055823 -0.712738 0.662137 0.231472 -0.630769 0.715359 0.300653 -0.119001 0.730244 0.672743 0.012602 0.999200 0.037957 -0.993486 -0.078235 0.082855 -0.439077 0.224413 0.869971 -0.014051 0.596150 0.802750 -0.051067 0.882796 0.466973 -0.263232 0.901204 0.344296 
						-0.335378 0.887239 0.316746 -0.067417 0.892900 0.445179 -0.923580 0.214938 -0.317493 -0.887464 0.065001 0.456271 0.176965 0.521229 0.834868 0.244146 0.761683 0.600193 0.121990 0.930678 0.344902 -0.150747 0.925125 0.348452 -0.856814 0.468406 -0.215559 -0.788383 0.181782 0.587714 -0.198149 0.239658 0.950422 -0.872930 0.486345 0.038246 -0.609784 0.130053 0.781825 0.036301 0.506921 0.861228 0.114694 0.877542 0.465580 -0.267538 0.945069 0.187798 -0.590405 0.744714 0.311163 0.069395 0.965303 0.251744 -0.434480 0.900431 -0.021227 -0.789983 0.569949 0.226020 -0.741306 0.613225 0.272801 -0.618987 0.362286 0.696853 -0.017664 0.547717 0.836477 -0.425321 0.872921 0.238978 -0.303690 0.603332 0.737403 0.463560 0.582606 0.667594 0.495894 0.844411 0.202631 0.063838 0.997320 0.035754 -0.374170 0.888704 0.264956 0.814972 0.357882 0.455786 0.842111 0.538808 -0.023136 0.412408 0.889650 -0.196070 0.044783 0.953655 0.297549 0.053873 0.953042 0.298009 0.340642 0.588513 0.733223 0.146627 0.938704 -0.311986 -0.302138 0.862114 0.406782 0.639087 0.685059 0.349659 0.630937 0.627748 0.455908 0.864470 0.428458 0.262899 0.799085 0.577124 -0.168497 0.884829 0.456104 0.095117 0.865699 0.462943 0.190395 0.844158 0.533036 -0.057177 0.824775 0.564913 0.024898 0.820831 0.548966 -0.157710 0.870018 0.437509 -0.227277 0.699619 0.690982 -0.181873 0.776610 0.560038 0.288505 0.365649 0.874738 0.318018 0.901858 -0.417218 0.112169 0.829524 0.394142 0.395653 0.602154 -0.523629 -0.602680 0.929974 -0.006344 -0.367571 0.702964 0.699566 -0.128254 0.598395 0.740650 -0.305551 0.316304 0.936613 -0.150689 0.160841 0.980894 -0.109439 -0.195850 0.979994 -0.035409 -0.244857 0.882640 0.401239 0.367295 0.672708 0.642307 0.842916 0.534851 -0.058540 0.234341 0.967752 0.092414 0.122952 0.420664 0.898846 
						0.773210 0.599707 0.206150 -0.346144 0.925892 0.151356 -0.238632 0.899496 0.366007 -0.249112 0.947460 0.200653 -0.561715 0.625205 0.541844 -0.303094 0.565509 0.767029 -0.069228 0.491502 0.868120 0.381715 0.054210 0.922689 0.739655 -0.556687 0.378166 -0.505873 0.752151 -0.422329 -0.723726 0.266262 0.636651 -0.253271 0.780941 -0.570951 -0.380177 0.761472 -0.525001 -0.795088 0.585115 0.159609 -0.335600 0.934475 -0.118869 0.302586 -0.945906 0.117061 0.106716 -0.991576 -0.073402 0.740683 -0.472439 0.477693 0.976981 -0.208767 0.043877 0.792664 0.607782 -0.047797 0.750705 0.530380 -0.393878 -0.077476 0.944527 0.319166 0.159372 0.931671 0.326481 0.296019 0.914367 0.276234 0.346989 0.922410 0.169580 0.783871 0.620500 0.022941 0.907157 -0.061684 0.416247 0.332742 -0.422484 0.843084 0.174247 0.978535 0.110037 0.700410 0.712261 -0.045941 0.827423 0.059186 0.558452 0.175891 -0.303783 0.936364 -0.130552 0.940415 0.313968 0.057517 0.941396 0.332364 0.040988 0.943647 0.328405 0.282455 0.810187 0.513631 0.151110 0.871865 0.465851 -0.014833 0.934016 0.356922 0.050593 0.995814 0.076123 0.469495 0.863621 -0.183666 0.854388 0.428520 0.293924 0.378803 0.213146 0.900598 0.455756 0.851785 -0.258357 0.877025 0.478375 -0.044558 0.742037 0.396925 0.540214 0.713332 0.523248 0.466229 0.363480 0.761144 0.537162 0.153902 0.896546 0.415355 0.099657 0.992499 0.070817 0.548422 0.831634 -0.087287 0.808424 0.533027 -0.249668 0.968247 0.249711 -0.011948 0.931318 0.271859 0.242361 0.910866 0.034567 0.411252 0.626436 0.611029 0.483964 0.442134 0.860518 0.253036 0.846076 -0.382686 0.371089 0.854860 0.220792 0.469537 0.746780 0.663034 0.052016 0.854355 0.397610 -0.334640 0.954549 0.004465 -0.298019 0.995022 -0.097231 -0.021864 0.998254 0.002243 0.059031 0.883394 0.219939 -0.413814 
						0.955690 -0.186042 -0.228133 0.977575 -0.209825 -0.017905 0.982101 -0.138396 0.127769 0.776511 -0.500952 0.382201 0.773534 0.065065 0.630406 0.815337 0.563511 0.132964 0.560992 0.262999 0.784933 0.760777 0.625456 0.173274 0.980597 0.022327 -0.194761 0.983815 -0.149376 0.098965 0.943232 -0.256157 0.211415 0.847278 -0.141998 0.511817 0.770951 -0.258465 0.582092 0.493058 0.498799 0.712807 0.706620 0.507217 0.493375 0.966489 -0.011236 0.256463 0.772852 -0.353485 0.527018 0.329275 -0.277697 0.902476 0.534771 0.290661 0.793433 0.390844 0.433809 0.811819 -0.016017 0.539518 0.841821 -0.142037 0.590621 0.794350 0.185300 0.784327 0.592025 0.771120 0.297441 0.562940 0.488439 -0.375459 0.787691 -0.221516 -0.380516 0.897852 -0.023469 0.617980 0.785843 0.456234 0.683677 0.569593 0.325645 0.098972 0.940298 -0.337716 -0.130759 0.932121 -0.214498 0.562207 0.798695 -0.329133 0.623400 0.709256 -0.273442 0.790025 0.548717 0.007915 0.897511 0.440921 -0.335991 0.800321 0.496585 0.083675 0.893330 0.441544 0.374787 0.680716 0.629414 0.308235 0.366071 0.878057 -0.087223 0.221679 0.971211 -0.083346 0.293607 0.952286 -0.412047 0.465017 0.783567 0.178562 0.905902 0.384001 0.636937 0.617418 0.461635 0.571100 0.280893 0.771326 0.049806 0.179841 0.982434 0.159442 0.496213 0.853435 -0.127604 0.547633 0.826931 -0.201374 0.760799 0.616955 0.138844 0.970458 0.197317 0.428471 0.903472 0.012310 0.795248 0.602066 0.071401 0.756470 0.327100 0.566356 0.126821 0.443085 0.887464 0.334876 0.733203 0.591837 0.060852 0.885038 0.461524 0.931272 0.004525 0.364297 0.472740 0.528144 0.705394 0.788448 0.615095 0.002744 0.685606 0.725562 0.059196 0.573584 0.801989 -0.166779 0.720226 0.558148 -0.412001 0.957469 0.171540 -0.232008 0.882672 -0.066462 -0.465267 0.839338 -0.505621 -0.199648 
						0.708652 -0.592946 0.382397 0.686669 0.118673 0.717219 0.981385 0.005998 0.191956 0.951570 0.307127 0.013682 0.895371 0.304772 -0.324690 0.139671 -0.973446 0.181369 -0.663019 -0.652023 0.367793 -0.013864 -0.606817 0.794721 0.622847 0.265483 0.735921 -0.679316 -0.270989 -0.681979 -0.004716 -0.831168 -0.556001 0.412861 -0.882333 -0.225906 0.462559 -0.869729 -0.172074 0.792236 0.478750 -0.378366 0.770945 0.636900 -0.001425 0.407080 0.841766 -0.354565 0.652496 0.455772 -0.605410 0.680097 0.602608 -0.417532 0.769006 0.633559 -0.085040 0.213126 0.866948 -0.450531 0.554848 0.250447 -0.793360 0.775625 0.623272 0.099691 0.661486 0.576291 -0.479921 0.026906 0.992377 -0.120270 0.479364 0.174515 -0.860090 0.663332 0.430194 0.612310 0.523059 0.842395 -0.129541 0.786146 0.100834 -0.609759 0.415118 0.568788 0.710040 0.170398 0.983124 -0.066571 0.737867 0.328588 -0.589561 0.920203 -0.226962 0.318928 0.700948 -0.632022 0.330485 0.240335 0.458397 0.855635 0.413720 0.317652 0.853190 -0.337935 0.932361 -0.128461 0.567285 0.596505 -0.567775 0.871557 0.246605 0.423763 -0.097602 0.501954 0.859370 0.052546 0.823357 0.565086 0.105198 0.725459 -0.680178 0.747309 0.591874 0.302018 -0.289466 0.272996 0.917432 -0.321118 0.875390 0.361353 -0.650876 0.742410 -0.158708 0.733698 0.676929 0.058762 -0.318452 0.455159 0.831515 -0.289093 0.865417 0.409242 -0.707166 0.648835 -0.280945 0.084911 0.623921 -0.776861 -0.046494 0.837965 0.543740 -0.647030 0.666864 -0.369655 0.264424 0.453892 -0.850919 0.819185 0.572614 -0.032381 -0.056834 0.815931 0.575348 -0.820154 0.569546 -0.054457 0.220207 0.339778 -0.914363 0.690324 0.703883 -0.167336 0.084838 0.959604 0.268257 -0.024954 0.800701 0.598544 0.380877 0.879736 -0.284602 0.076755 0.985676 -0.150174 0.181845 0.280857 -0.942365 0.799376 0.428487 -0.421184 
						0.898919 0.416247 -0.136686 0.272107 0.196581 -0.941973 -0.073920 0.674403 -0.734654 0.506426 0.015632 -0.862142 0.408346 0.849289 -0.334605 0.251551 0.915602 -0.313678 -0.154133 0.915887 -0.370667 0.284609 0.931552 -0.226292 -0.216246 -0.538696 0.814275 -0.853930 -0.482680 0.194483 0.718380 0.686724 0.111086 -0.448012 0.482189 0.752847 0.367702 -0.569228 -0.735374 0.114183 0.670570 -0.733006 0.562548 0.721827 -0.403120 0.310740 0.742650 0.593221 0.130467 0.826566 0.547509 -0.175325 0.960414 0.216486 -0.012300 0.740339 0.672121 0.326227 0.758341 0.564353 -0.189981 0.873407 -0.448406 0.024341 -0.407287 0.912976 -0.194364 -0.276285 0.941217 0.156651 0.399391 -0.903298 -0.056746 -0.764729 0.641849 -0.284629 -0.952858 0.105106 0.603021 0.604087 0.521003 -0.034520 0.967432 -0.250767 0.077990 0.923121 -0.376517 0.305271 0.713729 0.630398 -0.237492 -0.301135 0.923534 -0.440579 -0.723813 0.531022 0.861451 0.458343 0.218688 0.367865 0.558732 0.743299 0.586903 0.282669 0.758711 0.960881 0.243332 -0.132277 -0.258752 -0.660241 -0.705074 0.117882 0.861276 -0.494275 0.504250 0.645335 -0.573825 -0.596223 -0.271939 -0.755359 0.847275 0.450632 0.281168 0.787541 0.593530 0.165834 0.394637 -0.120130 -0.910950 0.323373 0.821352 -0.469904 0.338319 0.938334 -0.071196 0.654382 -0.114791 -0.747400 0.247683 0.738705 -0.626872 -0.346128 0.847132 -0.403191 0.930125 -0.367156 -0.008027 -0.111821 0.993350 0.027405 -0.264076 -0.939145 -0.219706 -0.422272 -0.028241 0.906029 -0.403162 0.259877 0.877453 0.377921 0.791570 0.480200 0.078660 -0.623505 0.777852 0.021408 -0.628002 0.777917 0.128508 -0.708213 0.694205 0.405037 -0.743811 0.531686 0.787558 -0.336522 0.516241 0.620244 -0.747363 0.238214 0.687789 -0.530786 -0.495189 0.948360 -0.251788 -0.192916 0.995119 0.035289 -0.092161 0.561110 -0.816108 -0.138288 
						0.967891 0.218923 -0.123533 0.989251 0.115456 -0.089738 0.912941 0.376022 -0.158576 0.999582 -0.012863 0.025873 0.956579 0.281475 0.075685 0.878782 0.438834 -0.187530 0.825329 0.475304 -0.304825 0.859326 0.497991 -0.116463 0.816266 0.468576 -0.337855 0.818388 0.550482 -0.164957 0.818989 0.516748 -0.249457 0.823000 0.567012 -0.034162 -0.804422 0.362194 -0.470873 -0.688505 0.066474 -0.722179 -0.734808 0.108246 -0.669582 -0.819413 0.489835 -0.297698 -0.404219 -0.189672 -0.894780 -0.450723 -0.175891 -0.875164 -0.080608 -0.411839 -0.907684 -0.366717 -0.277318 -0.888039 0.332404 -0.564272 -0.755714 -0.129566 -0.573388 -0.808974 0.825355 0.552792 -0.114933 0.797607 0.597605 -0.081797 -0.823581 0.324760 -0.465021 -0.653774 0.092033 -0.751072 -0.416546 -0.134687 -0.899082 -0.027757 -0.375626 -0.926356 0.460556 -0.466073 -0.755423 0.817070 -0.340338 -0.465366 0.962018 -0.159114 -0.221820 0.999303 -0.001065 -0.037323 0.998510 0.052581 0.014597 0.979702 0.200112 0.011813 0.956592 0.285411 -0.058932 0.924559 0.380442 -0.021311 0.865634 0.493397 -0.085077 0.965955 0.166522 -0.197994 0.945215 0.305029 -0.116299 0.926844 0.374164 -0.031022 0.856203 0.516366 -0.016812 0.764826 0.642626 -0.045542 0.690960 0.715940 -0.100016 0.684671 0.723160 -0.090920 -0.772291 0.338396 -0.537639 -0.556887 0.127817 -0.820695 -0.208948 -0.125426 -0.969850 0.246822 -0.289701 -0.924744 0.643552 -0.291638 -0.707664 0.910608 -0.082320 -0.404989 0.707407 -0.069590 -0.703372 0.939531 0.226440 -0.256918 0.798602 0.601169 0.028835 0.539510 0.841499 -0.028436 0.436911 0.860045 -0.263498 0.413491 0.847124 -0.333777 0.389033 0.846265 -0.363989 0.432093 0.833406 -0.344572 -0.456409 0.235257 -0.858105 0.130915 -0.052006 -0.990029 0.188554 0.890195 -0.414730 0.108235 0.767515 -0.631827 0.154142 0.666393 -0.729494 0.245585 0.638648 -0.729257 
						-0.292680 0.192326 -0.936669 0.249219 -0.047461 -0.967283 0.724884 0.081312 -0.684055 0.839057 0.419596 -0.346297 0.649135 0.732560 -0.204890 0.402388 0.881959 -0.245422 0.020439 0.289055 -0.957094 0.137650 0.221414 -0.965416 -0.132748 0.045899 -0.990086 0.088649 -0.172514 -0.981010 0.442649 -0.172532 -0.879940 0.692034 -0.001765 -0.721863 0.772394 0.231849 -0.591315 0.701119 0.488103 -0.519797 0.398137 0.701671 -0.590885 0.085514 0.584008 -0.807231 0.493867 -0.461897 -0.736714 0.787271 -0.219912 -0.576058 0.784079 0.457326 -0.419611 0.323172 0.711261 -0.624234 0.116323 0.496321 -0.860311 -0.067869 0.142213 -0.987507 0.049084 -0.250133 -0.966966 0.274096 -0.182379 -0.944251 0.242976 -0.331866 -0.911497 0.310129 -0.463515 -0.830044 0.572155 -0.627888 0.527632 0.945501 0.177336 0.273094 0.909730 0.320759 0.263638 0.760488 -0.397334 0.513598 0.779202 -0.429540 -0.456443 0.720356 -0.401145 -0.565835 0.535690 -0.387768 -0.750115 0.428438 -0.488132 -0.760373 0.213905 -0.723956 -0.655845 0.101750 -0.931744 0.348568 0.378541 -0.839453 0.389903 -0.072275 -0.989917 0.121824 0.127911 -0.967310 -0.218973 0.460899 -0.814895 0.351453 0.001562 -0.993181 -0.116571 0.907143 -0.305936 0.288954 0.906943 -0.317034 0.277388 0.981193 -0.085397 -0.173109 0.748493 -0.091495 -0.656801 0.287113 -0.604422 -0.743129 0.711494 -0.657698 0.247405 0.960118 -0.018889 0.278955 0.985890 -0.160241 -0.048414 0.921576 0.207881 -0.327846 0.679674 0.198725 -0.706082 0.439051 -0.296948 -0.847972 0.377583 -0.872373 -0.310477 0.633376 0.544850 -0.549521 0.467976 0.557546 -0.685668 0.285872 0.126168 -0.949926 0.615160 -0.556500 -0.558467 0.916805 -0.316592 0.243391 0.718007 0.438203 0.540781 0.696579 0.461250 -0.549569 0.297260 0.558063 -0.774727 0.244314 0.062915 -0.967653 0.636237 -0.441873 -0.632417 0.946525 -0.227127 0.229139 
						0.539236 0.517070 0.664728 0.448918 0.599488 -0.662636 0.490294 0.599168 -0.632937 0.546226 0.507258 -0.666578 0.267907 0.291559 -0.918270 0.253900 -0.294929 -0.921169 0.591367 -0.638264 -0.492852 0.938349 -0.308858 0.155269 0.682965 0.596844 0.421112 0.748656 0.407106 -0.523239 0.529390 -0.739381 -0.416007 0.922552 -0.381086 0.060597 0.913389 0.398703 0.082200 0.922541 0.239302 -0.302743 0.600055 0.483310 -0.637452 0.202665 0.188879 -0.960860 0.133225 -0.456256 -0.879819 0.060455 0.296362 -0.953160 0.046683 -0.343867 -0.937857 0.476202 -0.691366 -0.543364 0.953772 -0.267695 -0.136599 0.883661 0.464112 -0.061187 0.840317 0.337278 -0.424394 0.492833 0.585617 -0.643560 -0.052876 -0.268404 -0.961854 0.469297 -0.537486 -0.700620 0.945976 -0.160013 -0.282003 0.786282 0.593174 -0.172930 0.721667 0.508529 -0.469675 0.303088 0.704131 -0.642134 -0.125515 0.375191 -0.918411 -0.279585 0.538010 -0.795221 -0.232786 -0.175577 -0.956548 0.388044 -0.560013 -0.731989 0.954288 -0.124182 -0.271870 0.754505 0.652219 -0.073015 0.617072 0.588014 -0.522935 0.201771 0.813989 -0.544712 0.967873 0.241396 0.070358 0.205815 -0.738268 0.642340 0.003331 -0.235136 -0.971957 0.302971 -0.027645 -0.952599 0.591601 -0.114790 -0.798017 0.873268 -0.076672 -0.481171 0.718600 0.605266 -0.342441 0.597510 0.801761 -0.012689 -0.164927 0.956182 -0.241898 0.595171 0.799077 -0.085131 0.117289 -0.925686 -0.359650 0.051895 -0.899211 -0.434428 -0.196706 -0.848194 -0.491806 -0.537650 -0.641547 0.547129 0.714439 -0.092297 -0.693583 0.755500 -0.297743 -0.583583 -0.657445 -0.178495 0.732056 -0.682927 0.048304 0.728887 -0.514966 0.215372 0.829713 -0.533059 0.764952 0.361519 0.071179 0.595654 0.800081 -0.289182 -0.179719 0.940253 -0.586798 0.782306 0.208964 0.315446 0.661471 0.680404 -0.932953 0.110475 0.342629 -0.666978 0.145755 0.730682 
						-0.540280 0.035270 0.840746 -0.612453 -0.106659 0.783278 0.383905 0.896825 -0.219823 0.263144 0.885073 0.383928 -0.061990 0.292264 0.954326 -0.110962 0.687312 0.717836 -0.956259 -0.002678 0.292508 -0.972543 0.096890 0.211594 -0.365364 -0.472696 -0.801915 -0.305823 -0.172692 -0.936296 -0.385776 0.528146 -0.756465 0.402753 0.815151 0.416316 -0.941339 -0.300209 0.154125 -0.172623 -0.245523 -0.953897 -0.323573 -0.055331 -0.944584 0.194385 0.912260 -0.360550 -0.440089 0.636674 0.633221 -0.633461 0.769289 0.083189 -0.339104 0.483458 0.807017 -0.454137 -0.772117 0.444515 0.072111 -0.297573 -0.951972 -0.396743 0.852418 0.340555 -0.861348 0.300521 0.409592 -0.599229 0.318772 0.734377 -0.390656 -0.043074 0.919528 -0.626203 -0.478149 0.615827 -0.651269 -0.433647 0.622734 -0.387378 -0.511295 0.767148 -0.696310 -0.679552 0.231001 -0.938985 -0.187677 0.288246 -0.230362 -0.175038 0.957233 -0.476537 -0.655784 0.585542 -0.598107 -0.466085 0.651946 -0.843941 -0.258252 0.470181 -0.830290 0.092547 0.549594 -0.551415 0.221876 0.804184 -0.433374 -0.713562 0.550469 -0.668787 -0.354543 0.653470 -0.357191 -0.077012 0.930851 0.005501 -0.322054 0.946705 -0.153193 -0.579299 0.800590 0.067064 -0.803867 0.591016 -0.219625 -0.665396 0.713452 0.132629 -0.275670 0.952059 0.401216 -0.406875 0.820657 0.288880 -0.402597 0.868599 0.710605 -0.669162 0.217402 0.163266 -0.922560 0.349611 0.485927 -0.868443 0.098397 0.317256 -0.665421 0.675695 0.580487 -0.271632 0.767627 0.775958 -0.268323 0.570869 0.719449 -0.324285 0.614192 0.890358 -0.390047 -0.234788 0.822645 -0.292634 -0.487464 0.614333 -0.773052 -0.158072 0.604680 -0.653619 0.455131 0.811864 -0.228014 0.537482 0.974394 -0.156504 0.161441 0.932146 -0.347580 0.101450 0.996783 -0.020946 0.077361 0.764169 0.041766 -0.643663 0.662004 0.136760 -0.736917 0.575360 -0.667102 -0.473219 
						0.817779 -0.573511 0.048188 0.552088 -0.330282 -0.765580 0.937324 -0.319810 -0.138364 0.844811 0.470783 -0.254279 0.544686 0.319447 -0.775416 0.383520 0.386493 -0.838770 0.658962 0.740454 -0.132278 0.359559 0.609334 -0.706703 0.305016 0.623271 -0.720068 0.582419 -0.030641 -0.812311 0.971809 0.108798 -0.209165 0.455280 0.881565 0.124757 -0.146540 0.676664 -0.721562 0.803814 0.292390 -0.518064 0.910397 -0.034817 -0.412268 0.965806 0.255111 -0.046232 0.265516 0.916474 0.299294 -0.344184 0.803894 -0.485069 0.988114 0.046670 -0.146468 0.697248 0.382243 -0.606412 0.409417 -0.905044 0.115211 -0.877820 -0.359415 0.316628 -0.231864 -0.859488 -0.455543 0.062014 -0.872669 -0.484359 0.933657 -0.119831 -0.337529 -0.532518 -0.821055 0.205651 0.334782 -0.844833 -0.417347 0.458560 -0.564125 -0.686648 -0.492673 -0.790162 0.364578 0.708530 -0.481056 -0.516304 0.908783 0.363350 -0.205159 0.955915 0.261988 0.132623 0.941955 0.082008 0.325571 -0.963392 -0.101366 0.248193 -0.537142 0.429921 0.725704 0.625110 0.755763 0.195091 0.239919 0.836207 -0.493149 0.816400 -0.347644 -0.461123 0.641244 -0.699118 -0.316290 0.709212 -0.698911 0.092420 0.711648 -0.694072 -0.108725 0.345150 -0.938131 0.027961 0.884697 -0.001167 0.466165 0.335553 0.211638 0.917940 0.904317 0.306980 0.296604 0.991189 0.039000 0.126583 0.962723 -0.084028 -0.257107 0.542736 -0.837627 0.061794 0.333250 -0.922282 0.195808 0.794773 -0.115126 0.595887 0.964511 -0.169337 0.202590 0.930576 -0.342333 -0.129756 0.711378 -0.666503 -0.222969 0.524690 -0.840170 0.137165 0.621700 -0.752128 0.218614 0.264150 -0.952056 0.154318 -0.073750 -0.947489 0.311168 0.521355 -0.091484 0.848422 0.835669 -0.319155 0.446987 0.648875 -0.760755 0.014616 0.098322 -0.972319 0.211964 0.231710 -0.773192 0.590326 0.494343 -0.784098 0.375254 -0.132814 -0.982455 0.130928 
						-0.120687 -0.770389 0.626048 0.291684 -0.755890 0.586132 0.120258 -0.969618 0.213023 -0.327094 -0.909257 0.257413 0.294762 -0.120943 0.947886 0.702890 -0.438916 0.559730 0.487437 -0.872541 -0.032813 0.704818 -0.661851 -0.255312 0.375487 -0.918458 -0.124275 0.224301 -0.956530 0.186386 0.296129 -0.889921 0.346912 0.233810 -0.944284 0.231648 -0.075364 -0.973352 0.216580 0.242926 -0.316518 0.916953 0.779362 -0.539102 0.319318 0.808445 -0.535576 0.244079 0.905927 -0.346036 -0.244040 0.817226 -0.439875 -0.372359 0.747908 -0.519251 -0.413536 0.539043 -0.704138 -0.462194 0.368963 -0.889855 -0.268375 0.394815 -0.918483 0.022584 0.696743 -0.717321 -0.000572 0.611764 -0.557765 -0.560931 0.410289 -0.908324 -0.081303 0.751045 -0.590631 0.295105 0.976620 -0.212414 0.033071 0.951474 -0.302672 -0.055557 0.923366 -0.256843 -0.285354 0.880849 -0.337283 -0.332183 0.860953 -0.304089 -0.407787 0.725630 -0.681474 -0.095157 0.475289 -0.744190 0.469341 0.558770 -0.573691 0.598878 0.686379 -0.466115 0.558230 0.872569 -0.345303 0.345526 0.887806 -0.226521 0.400611 0.965744 -0.244724 0.086303 0.928536 -0.350973 -0.120995 0.170513 -0.529744 0.830841 0.399275 -0.292355 0.868970 0.538647 -0.336178 0.772556 0.596603 -0.389163 0.701867 0.639408 0.083976 0.764268 0.892425 -0.056691 0.447619 0.862744 -0.488031 0.132281 0.382787 -0.836254 0.392625 0.624154 0.225279 0.748118 0.917239 0.092598 0.387424 0.921126 -0.318943 0.223163 0.719768 -0.555641 0.416169 0.560560 -0.524445 0.640883 0.502633 -0.367184 0.782647 0.519807 -0.208996 0.828325 0.672894 -0.072981 0.736130 0.675046 -0.420685 0.606083 0.722621 0.047152 0.689635 0.877674 0.247350 0.410496 0.895343 0.172064 0.410799 0.973720 0.145120 0.175528 0.999991 -0.002324 0.003620 0.961414 -0.273026 -0.033773 0.799375 -0.582923 0.145606 0.504169 0.385664 0.772707 
						0.856807 0.268281 0.440348 0.992951 0.118387 0.005796 0.988454 -0.084929 0.125485 0.871965 -0.482323 0.083918 0.630694 -0.725960 0.274240 0.515007 -0.324991 0.793189 0.290612 -0.530332 0.796425 0.842918 0.301624 0.445547 0.614109 -0.332064 0.715964 0.287518 -0.934081 0.211720 0.115245 -0.731145 0.672417 0.324500 -0.608731 0.723979 0.350007 0.299531 0.887568 0.909357 -0.395414 0.129297 0.594484 -0.328131 0.734111 0.771084 -0.606640 0.193436 0.215854 -0.972039 0.092446 -0.062415 -0.674946 0.735223 0.608629 -0.177960 0.773240 -0.242030 -0.944099 0.223825 -0.309306 -0.500869 0.808368 0.795480 0.354520 0.491453 0.290724 -0.956225 0.033364 0.375714 -0.812904 0.445002 0.472506 -0.808327 -0.351206 0.176286 -0.636703 0.750688 -0.213723 0.618618 -0.756065 -0.324914 0.557708 -0.763801 -0.503496 -0.773468 -0.385019 -0.559178 -0.532980 -0.635021 -0.011174 0.830443 0.556992 -0.071862 0.727449 0.682388 -0.384116 0.670775 -0.634441 -0.319753 -0.848502 -0.421667 0.311750 -0.846830 -0.430918 0.233085 -0.377179 0.896330 0.186256 -0.679755 -0.709395 0.572030 -0.400191 0.715981 -0.035135 0.742256 0.669195 -0.790388 0.440446 -0.425786 -0.236377 -0.848045 -0.474285 0.087676 0.564286 0.820911 -0.827253 0.446602 0.340880 -0.442691 -0.797746 -0.409421 0.886813 -0.191602 -0.420538 0.919008 -0.036500 0.392546 0.905659 -0.412246 0.099170 0.138374 0.780767 0.609307 0.020648 0.689929 0.723583 0.696526 -0.468971 0.543063 -0.961358 -0.136726 0.238951 -0.712946 0.332925 -0.617146 -0.664272 -0.352278 0.659275 -0.047620 -0.989913 0.133432 -0.249055 -0.958747 0.137023 -0.863888 -0.369549 0.342244 0.087469 0.553228 0.828425 -0.012152 0.932639 -0.360607 0.896472 -0.165879 0.410880 0.800170 0.128285 0.585893 0.269238 -0.716856 0.643140 0.239219 -0.414667 0.877967 0.312094 -0.891983 -0.327052 0.162746 -0.865377 -0.473958 
						-0.718287 -0.243994 -0.651560 -0.691643 -0.553542 -0.463920 -0.893711 -0.430299 0.126981 -0.797658 -0.494192 0.345711 -0.815109 -0.554534 0.167598 -0.268537 -0.877491 0.397364 -0.528875 -0.616386 -0.583404 -0.552149 -0.780887 0.292142 0.333207 -0.896058 0.293348 0.469868 -0.760046 0.448948 0.427242 -0.593243 -0.682295 0.710537 -0.703154 0.026669 0.475919 -0.137271 -0.868710 -0.380738 -0.466907 -0.798145 -0.320534 -0.946980 -0.022045 0.678931 -0.733437 -0.033520 -0.237557 -0.350091 -0.906092 0.060773 -0.974395 -0.216472 0.869703 -0.463944 -0.168441 0.946555 -0.276168 0.166625 0.602389 0.321053 -0.730789 -0.168365 0.980175 0.104451 0.446199 0.723251 -0.527081 0.298404 -0.223255 -0.927962 0.431965 0.227884 -0.872626 0.649383 -0.248639 -0.718665 0.694748 0.042740 -0.717982 0.722920 0.471099 0.505422 0.791333 0.475219 0.384654 -0.714964 0.101036 0.691822 -0.731945 0.600700 0.321584 -0.278299 0.905314 -0.320868 -0.103836 0.748792 -0.654620 -0.208051 0.515137 -0.831474 -0.296264 0.230723 -0.926820 0.911156 0.190474 0.365396 -0.140619 0.958609 -0.247578 0.012519 0.938966 -0.343781 -0.094601 -0.007797 -0.995485 0.513909 -0.749379 -0.417527 0.166139 0.972726 -0.161868 -0.095091 -0.170445 -0.980768 0.367892 -0.918021 -0.147964 0.817238 -0.090004 0.569229 0.733056 0.609881 -0.301121 0.447957 -0.882814 0.141327 0.795081 -0.295606 0.529588 0.873666 0.260004 -0.411225 0.899682 -0.118202 0.420240 0.663092 0.240665 0.708794 -0.523987 0.612589 0.591754 -0.394920 -0.903199 0.168135 0.410945 -0.799021 0.438965 0.411765 -0.151351 0.898634 0.833016 -0.195211 -0.517665 -0.309717 0.352043 -0.883256 0.284383 -0.815685 -0.503770 0.485412 -0.789433 -0.375727 0.187161 -0.802980 0.565856 -0.140218 -0.875896 0.461676 -0.603297 -0.641572 0.473728 -0.158874 -0.979263 0.125712 -0.400985 -0.524695 0.750937 0.921248 0.071290 -0.382386 
						0.935818 0.073395 0.344757 0.583558 -0.808368 0.077466 0.298837 -0.950434 -0.085853 0.105834 -0.845053 -0.524104 0.603625 -0.316348 -0.731820 -0.352593 -0.896031 -0.269829 0.105622 -0.798591 -0.592534 0.891632 -0.390561 -0.229030 0.828233 -0.250411 0.501323 0.096815 -0.257194 0.961498 0.066013 -0.320074 0.945090 -0.065074 -0.996430 -0.053788 -0.230590 -0.967312 -0.105522 -0.614444 -0.749451 -0.246542 0.255886 -0.775894 -0.576638 0.759468 -0.560130 0.330851 0.294527 -0.039703 0.954818 -0.711659 -0.701424 -0.039314 -0.666668 -0.744041 -0.044240 -0.779229 -0.606669 -0.157337 -0.480800 0.839498 -0.253130 -0.593664 0.675612 -0.437164 -0.819942 0.389526 -0.419480 -0.980212 0.156155 -0.121656 -0.911214 0.125968 0.392201 -0.469292 0.382344 0.795976 -0.604548 0.795608 0.039097 -0.554091 0.832129 0.023310 -0.494620 0.865233 -0.081997 0.215707 0.609359 0.762989 -0.610481 0.468994 0.638245 -0.894928 0.352762 0.273247 -0.345440 0.616628 0.707419 -0.907326 0.054367 -0.416898 -0.432382 0.476076 -0.765766 -0.339539 0.839281 -0.424642 -0.807060 0.475712 -0.349789 -0.433335 0.597434 -0.674754 -0.251248 0.967777 0.016782 0.068882 0.301076 -0.951109 -0.464981 0.865752 0.185110 0.738060 -0.115917 0.664703 0.977553 0.200490 -0.064755 0.385561 0.758768 -0.524989 0.281579 0.672023 0.684908 -0.308951 0.224613 0.924174 0.202148 0.301127 0.931911 0.272943 0.674902 0.685572 0.103367 0.582815 0.806004 0.203848 0.138553 0.969149 -0.012040 0.465225 0.885110 0.323128 0.034090 0.945741 0.835475 -0.038150 0.548203 0.909250 0.414430 -0.038887 0.316180 0.918605 -0.237056 0.381207 0.825896 0.415424 0.084905 0.792531 0.603892 0.380516 0.017049 0.924617 0.855397 0.095810 0.509035 0.801332 0.592800 0.080350 0.259523 0.964731 0.044057 0.285215 0.949425 0.131320 -0.204679 0.859406 0.468539 -0.164001 0.381346 0.909769 
						-0.325826 0.260733 0.908766 0.454853 0.013599 0.890462 0.815955 0.249672 0.521423 0.734204 0.585772 0.343243 0.329881 0.826099 0.456879 0.078397 0.996667 -0.022547 -0.433244 0.817605 0.379237 0.089936 0.346631 -0.933680 0.851562 -0.133024 -0.507096 0.649157 0.196065 -0.734952 -0.038524 0.187410 -0.981526 0.931858 0.351170 -0.091210 0.728196 0.190984 0.658222 0.645166 -0.045797 0.762669 0.988527 0.150867 -0.007336 0.118338 0.422113 0.898786 -0.494164 0.163656 0.853826 -0.282209 0.427634 0.858771 -0.606349 0.795186 -0.004350 0.581541 0.813499 -0.005440 0.712301 0.361937 0.601356 0.292109 0.585990 0.755836 -0.035869 0.414395 0.909390 0.278639 -0.757573 -0.590292 0.174289 -0.947306 -0.268765 0.888601 0.087751 -0.450208 0.955525 0.108122 -0.274374 0.663012 0.516810 0.541592 0.967259 0.232598 0.101532 0.953624 -0.212665 -0.213016 0.886430 -0.304154 0.348901 0.859669 -0.350231 -0.371898 0.767358 0.331665 -0.548781 0.574482 0.385536 -0.722033 0.590583 0.778702 -0.211741 0.092089 0.909631 -0.405082 0.697783 0.690720 0.189750 0.523521 0.829167 -0.195977 0.676391 0.691372 0.253969 0.799347 0.587622 0.125479 0.861630 0.443829 0.246191 0.791635 0.067594 0.607244 0.669493 -0.229749 0.706395 0.983115 -0.124277 -0.134314 0.754041 0.399594 -0.521293 0.706070 0.300544 0.641201 0.995333 0.093130 -0.025276 0.653299 0.499468 -0.568974 0.309285 0.919798 -0.241482 0.516118 0.826705 0.224012 0.734081 0.632305 0.247619 0.851690 0.222376 0.474524 0.477587 0.005033 -0.878570 0.110371 0.689061 -0.716249 0.232342 0.805987 -0.544429 -0.307015 0.595003 -0.742774 0.255913 0.446889 0.857204 0.732385 0.544514 -0.408800 0.677106 0.228497 -0.699511 0.840349 0.494970 -0.220947 0.984566 0.160202 -0.070462 0.925123 -0.194442 0.326096 0.853784 -0.412706 0.317374 -0.092557 -0.981533 -0.167410 
						-0.163645 -0.847744 0.504529 0.139837 0.923731 -0.356606 0.305891 0.945867 -0.108476 0.924225 -0.052520 0.378220 0.872814 0.230795 0.430034 -0.134245 0.010099 0.990897 -0.646020 -0.017059 0.763130 -0.645145 -0.417092 0.640173 -0.496759 -0.445409 0.744877 -0.624066 -0.428856 0.653164 -0.457614 -0.748929 0.479265 -0.017642 -0.732577 -0.680455 -0.572593 -0.337362 0.747211 -0.529247 -0.558768 0.638495 -0.415512 -0.590113 0.692182 -0.401502 -0.589702 0.700748 -0.389821 -0.604090 0.695064 -0.297633 -0.316337 0.900747 0.026470 0.759256 0.650253 -0.379366 -0.007463 0.925217 -0.443315 -0.528115 0.724269 -0.173280 -0.239482 0.955313 -0.431331 -0.034259 0.901543 -0.142724 -0.444906 0.884131 -0.696330 0.446938 0.561579 -0.575915 0.216520 0.788315 -0.818007 0.437364 -0.373601 -0.973740 -0.071931 -0.216002 -0.082526 -0.660138 -0.746597 -0.082169 -0.705615 -0.703815 -0.132340 -0.465937 0.874865 -0.337195 -0.605990 0.720469 -0.452454 -0.525409 0.720577 -0.407731 -0.514746 0.754183 -0.198494 -0.498121 0.844083 -0.422536 -0.597122 0.681842 -0.545468 -0.092835 0.832974 -0.395044 -0.617609 0.680072 -0.237998 -0.490285 0.838438 -0.404209 -0.353164 0.843736 -0.922984 -0.145330 -0.356342 -0.173632 -0.768539 0.615792 -0.144244 -0.786625 0.600345 -0.940722 -0.150039 -0.304189 0.754476 0.363140 0.546713 0.124606 0.116920 0.985293 0.950582 0.186396 0.248294 -0.033830 0.802150 -0.596164 0.175945 0.757277 -0.628947 0.972458 0.231534 0.026785 0.100408 0.651961 -0.751575 -0.973643 -0.137023 -0.182329 -0.149185 -0.524933 0.837967 0.817255 0.333009 0.470319 0.980641 0.017240 0.195055 0.882579 0.266638 0.387244 0.629063 -0.161894 -0.760309 0.113374 0.426119 -0.897535 0.026171 0.218681 -0.975445 0.035565 0.191394 -0.980869 -0.064568 -0.186146 0.980398 0.438832 -0.882461 0.169377 0.332774 -0.819753 -0.466118 -0.029871 0.040506 -0.998733 
						-0.189831 0.855940 -0.480968 -0.450416 -0.860104 0.239473 -0.359309 -0.784038 0.506143 -0.298432 -0.798647 0.522592 0.119883 -0.856608 0.501848 0.352796 -0.191757 0.915841 -0.054034 0.703041 0.709093 0.335002 -0.764408 0.550867 -0.418021 -0.904181 0.087835 -0.806708 -0.553891 0.205979 -0.333477 0.922983 -0.192083 -0.454700 0.523042 -0.720885 0.968322 0.249236 -0.015270 0.882070 0.090531 -0.462339 0.366275 -0.783734 -0.501602 -0.637417 -0.732325 0.239581 -0.689930 -0.395525 0.606264 -0.672238 -0.226931 0.704698 0.997716 0.052023 0.043094 0.182461 -0.803041 -0.567303 -0.107217 -0.952975 0.283449 -0.206419 -0.916535 0.342572 0.738687 0.601192 -0.304812 0.165449 0.914649 -0.368842 0.827088 -0.240303 -0.508115 0.414549 -0.907707 -0.064943 0.474936 0.817475 -0.325838 0.778175 0.622865 -0.080515 0.953533 -0.000746 0.301286 0.533178 -0.830425 -0.161605 0.517090 -0.682125 -0.517034 -0.370626 0.759840 0.534116 -0.572287 0.805146 0.155651 -0.548530 0.834921 -0.044963 -0.527969 0.771021 0.356055 -0.369691 0.924733 0.090534 0.324759 0.737076 0.592664 0.735754 0.475079 0.482664 0.818356 0.385948 0.425837 0.872838 0.226988 0.432007 -0.283121 0.958139 0.042559 -0.392344 0.890338 0.231007 -0.563143 0.785005 0.258142 -0.009322 0.999919 0.008618 0.499344 -0.013094 0.866305 0.968206 0.201538 0.148186 0.632949 0.000733 -0.774193 -0.402345 0.209377 0.891224 -0.060840 -0.380918 -0.922605 -0.098885 0.986328 -0.131831 -0.106091 -0.971505 -0.211951 0.073429 -0.736817 -0.672093 -0.722720 0.691141 -0.000837 0.751252 -0.635570 -0.177964 -0.652949 -0.477085 -0.588258 0.167398 -0.030290 -0.985424 -0.938957 -0.053516 -0.339848 -0.207436 -0.212439 0.954903 -0.341201 0.013133 0.939899 0.397751 0.655486 -0.641975 0.639052 0.597260 -0.484657 -0.073041 0.387901 -0.918802 -0.848199 0.059310 -0.526346 -0.834364 -0.350745 0.425223 
						-0.327129 -0.653418 0.682665 0.173719 -0.295421 -0.939440 -0.039827 0.339168 -0.939882 -0.564120 -0.048542 0.824264 0.672762 0.236284 0.701114 -0.966212 0.166352 -0.196878 0.471296 0.870746 -0.140294 0.024802 0.953744 -0.299596 0.785290 -0.161521 -0.597687 0.258138 -0.951420 -0.167822 -0.040372 0.964316 0.261657 0.084727 0.527432 0.845362 0.208948 0.676351 0.706321 0.280122 0.830323 0.481762 -0.209799 -0.624916 -0.751973 0.052522 -0.851431 -0.521829 0.701168 -0.164788 -0.693692 0.535789 -0.747901 0.391885 0.144714 0.768527 -0.623237 -0.017225 0.717958 -0.695873 -0.674271 -0.723925 0.145913 -0.693159 -0.439697 0.571136 -0.535209 -0.598599 -0.596012 -0.306648 -0.056556 0.950141 -0.027763 0.012519 0.999536 -0.568607 -0.214670 0.794105 -0.219981 0.495333 -0.840389 -0.397554 0.085127 -0.913622 0.729923 -0.114953 -0.673794 0.815360 -0.093320 -0.571384 0.487850 -0.871493 0.050029 0.090654 -0.651261 0.753419 0.221561 -0.785955 0.577223 0.186249 -0.731381 0.656043 0.992399 0.122057 0.015692 0.957944 0.245039 -0.149332 0.676158 0.081741 0.732208 0.248908 0.879877 0.404797 0.997647 0.054293 0.041858 0.781052 0.594630 0.190715 0.180393 0.965788 0.186312 0.722911 0.672593 0.158169 -0.060347 0.990114 -0.126619 0.234252 -0.685144 0.689713 0.970829 -0.173305 0.165698 0.209362 -0.318990 0.924345 0.795949 -0.602766 0.056023 -0.114000 -0.992458 -0.045059 -0.180841 -0.975656 -0.124065 0.265277 -0.962626 -0.054582 -0.330945 0.883355 0.331903 -0.404613 0.909822 -0.092265 -0.037850 0.882287 0.469187 -0.045246 0.488937 0.871145 -0.197412 0.643359 0.739674 -0.228710 0.968252 0.100901 
					</float_array>
					<technique_common>
						<accessor count="2040" offset="0" source="#meshId0-bitangents-array" stride="3">
							<param name="X" type="float" />
							<param name="Y" type="float" />
							<param name="Z" type="float" />
						</accessor>
					</technique_common>
				</source>
				<source id="meshId0-tex0" name="meshId0-tex0">
					<float_array id="meshId0-tex0-array" count="4080"> 
						0.571614 0.532561 0.565373 0.536695 0.560043 0.533920 0.554363 0.527029 0.541673 0.512098 0.556639 0.508408 0.541742 0.595476 0.533550 0.595630 0.510387 0.585150 0.520806 0.576502 0.768814 0.397451 0.783427 0.404233 0.782034 0.414910 0.774212 0.414141 0.024621 0.896472 0.017479 0.900549 0.012397 0.894246 0.019031 0.890864 0.789779 0.386765 0.760801 0.416576 0.757713 0.401969 0.455218 0.562947 0.447231 0.576003 0.426466 0.572814 0.434852 0.560270 0.944187 0.916802 0.956509 0.925689 0.949440 0.926185 0.941607 0.919046 0.478721 0.571332 0.473480 0.583413 0.931204 0.913511 0.933104 0.906116 0.318579 0.543733 0.297589 0.548395 0.301084 0.530039 0.321880 0.535987 0.338367 0.538314 0.336213 0.546431 0.329379 0.564468 0.314480 0.559308 0.608376 0.432436 0.624719 0.433843 0.627367 0.460850 0.616462 0.460415 0.607005 0.461331 0.602288 0.437611 0.634935 0.408139 0.618689 0.406934 0.365547 0.603610 0.387216 0.607149 0.384652 0.617893 0.358438 0.609644 0.368697 0.594169 0.391764 0.596111 0.011337 0.603714 0.017866 0.600014 0.017756 0.608917 0.011373 0.608432 0.960286 0.934994 0.963479 0.925280 0.966247 0.936247 0.916829 0.909486 0.908836 0.916874 
						0.900982 0.916853 0.911711 0.904226 0.357478 0.591315 0.363437 0.574464 0.377670 0.579117 0.923833 0.733285 0.924534 0.727777 0.932676 0.728410 0.936016 0.732517 0.591789 0.605196 0.599976 0.603323 0.605816 0.609486 0.601903 0.611098 0.598220 0.614658 0.589484 0.610566 0.939946 0.741295 0.929575 0.740629 0.921107 0.742299 0.916021 0.736468 0.727258 0.345395 0.721850 0.340439 0.722861 0.332760 0.731645 0.338915 0.538118 0.540939 0.543718 0.532133 0.548591 0.537516 0.541494 0.544561 0.723496 0.319334 0.730034 0.325018 0.735324 0.328356 0.737273 0.335636 0.371036 0.450121 0.359292 0.439756 0.369964 0.425057 0.386913 0.448091 0.432423 0.477369 0.428741 0.479455 0.418460 0.461969 0.437059 0.462382 0.496094 0.481609 0.488987 0.479205 0.488261 0.451672 0.497771 0.464433 0.426122 0.990720 0.426780 0.985806 0.437047 0.986137 0.444498 0.991103 0.525782 0.491958 0.528029 0.515708 0.507645 0.497767 0.512949 0.423876 0.504883 0.412949 0.506555 0.408959 0.517068 0.421243 0.487316 0.412683 0.486619 0.423214 0.480015 0.424260 0.480260 0.408208 0.537769 0.402683 0.533648 0.388263 0.543323 0.386866 0.543515 0.406595 0.272021 0.723968 0.276524 0.725144 
						0.275523 0.727065 0.270612 0.726264 0.287018 0.729561 0.295074 0.736489 0.287708 0.738170 0.284226 0.732956 0.285102 0.749968 0.280305 0.753557 0.273924 0.744882 0.277400 0.743981 0.534217 0.422529 0.527078 0.425041 0.523711 0.414073 0.287669 0.744777 0.279206 0.741410 0.279421 0.738688 0.010777 0.612277 0.016799 0.614277 0.014137 0.619235 0.008997 0.615312 0.007938 0.610202 0.005352 0.611707 0.005477 0.607285 0.008251 0.608453 0.002050 0.604939 0.004228 0.599750 0.008552 0.601345 0.032247 0.846080 0.039041 0.840501 0.041754 0.853000 0.037414 0.854739 0.033290 0.857644 0.027482 0.851746 0.047618 0.840859 0.048832 0.851598 0.053320 0.866426 0.058401 0.864172 0.060577 0.868617 0.056225 0.871460 0.049270 0.874469 0.046225 0.867706 0.050978 0.859934 0.056056 0.858902 0.043200 0.886201 0.053987 0.883676 0.052915 0.890560 0.045073 0.894516 0.043682 0.876024 0.037372 0.895027 0.032326 0.889520 0.036467 0.882629 0.040829 0.901269 0.060585 0.877552 0.068404 0.883122 0.065394 0.889481 0.064327 0.896240 0.617262 0.613683 0.611095 0.616451 0.625732 0.619695 0.617398 0.622919 0.096331 0.880932 0.093164 0.887872 0.087148 0.885121 0.089758 0.878147 
						0.089184 0.899214 0.088355 0.906001 0.082030 0.903057 0.082607 0.897521 0.084581 0.891521 0.091211 0.894167 0.628779 0.610450 0.044813 0.861354 0.576862 0.638176 0.572226 0.641815 0.571903 0.635163 0.577157 0.630785 0.582473 0.637752 0.580426 0.646448 0.572738 0.644939 0.584204 0.628199 0.583665 0.616916 0.573772 0.620468 0.594533 0.620911 0.574551 0.613243 0.580295 0.612852 0.584778 0.610421 0.566012 0.633993 0.566483 0.638779 0.559807 0.640180 0.561424 0.633519 0.564014 0.626667 0.568868 0.629453 0.546633 0.633726 0.554820 0.632880 0.552314 0.640202 0.546244 0.640139 0.551191 0.623472 0.557460 0.625035 0.748930 0.409591 0.750982 0.420696 0.742926 0.425896 0.740532 0.417655 0.431885 0.363518 0.419047 0.367722 0.425463 0.348998 0.437964 0.353977 0.452258 0.364473 0.435876 0.378562 0.588530 0.432038 0.578658 0.433571 0.572227 0.417859 0.587282 0.424648 0.594218 0.437419 0.581653 0.447055 0.281665 0.727981 0.280153 0.729468 0.944331 0.732660 0.947627 0.740097 0.938809 0.747456 0.931879 0.745975 0.711280 0.314783 0.710337 0.309883 0.715499 0.314467 0.946210 0.749670 0.713476 0.307059 0.718474 0.308898 0.963915 0.751597 0.967209 0.754422 
						0.964276 0.758388 0.960077 0.752051 0.728378 0.423425 0.734543 0.421203 0.737037 0.429619 0.731246 0.432471 0.970316 0.748453 0.963118 0.746460 0.724791 0.435321 0.721874 0.426799 0.928115 0.724687 0.942765 0.726672 0.566686 0.618929 0.567953 0.613434 0.429323 0.548051 0.409384 0.554716 0.414543 0.543492 0.516215 0.463325 0.534918 0.464458 0.540071 0.483639 0.748268 0.450272 0.741334 0.438713 0.746966 0.434401 0.753368 0.444288 0.740464 0.451163 0.735667 0.442297 0.806494 0.434194 0.790894 0.432721 0.789938 0.426294 0.803584 0.428665 0.285490 0.469444 0.277238 0.472239 0.271707 0.454854 0.283324 0.458100 0.590987 0.286574 0.590924 0.304723 0.576318 0.307733 0.585261 0.278374 0.260541 0.466209 0.257511 0.454391 0.244945 0.468402 0.237830 0.454962 0.270249 0.480085 0.520200 0.335548 0.512056 0.334962 0.512613 0.321696 0.525661 0.327483 0.534482 0.343158 0.523901 0.348682 0.514637 0.352354 0.336328 0.425952 0.338457 0.412873 0.355012 0.415722 0.347202 0.432831 0.336028 0.452153 0.322774 0.435147 0.186183 0.436401 0.197213 0.427723 0.202446 0.444217 0.186333 0.447876 0.395883 0.436658 0.407523 0.470707 0.379281 0.418117 0.359144 0.405315 
						0.364154 0.392369 0.388367 0.404619 0.406794 0.425281 0.402544 0.400065 0.416931 0.416678 0.432452 0.432808 0.423481 0.443702 0.425270 0.409391 0.441248 0.424032 0.456483 0.439012 0.446047 0.449829 0.472622 0.456236 0.458847 0.464635 0.447965 0.473148 0.478945 0.482578 0.462381 0.490950 0.496754 0.500001 0.488188 0.509142 0.517156 0.521650 0.509771 0.528360 0.501079 0.537103 0.479090 0.519097 0.454180 0.499228 0.493167 0.547080 0.470240 0.531521 0.448419 0.511647 0.527318 0.553666 0.523338 0.564372 0.485287 0.558213 0.464238 0.547824 0.534758 0.546868 0.470046 0.429255 0.451962 0.416521 0.465565 0.406685 0.493217 0.440653 0.493944 0.406411 0.499737 0.414637 0.492747 0.418548 0.489035 0.398760 0.476545 0.398984 0.446040 0.392874 0.461934 0.380445 0.470483 0.374386 0.485087 0.394120 0.479346 0.369126 0.491503 0.389391 0.497950 0.384793 0.486133 0.364972 0.501909 0.357179 0.509725 0.376399 0.520284 0.394614 0.512598 0.403984 0.519632 0.371980 0.526568 0.390452 0.532295 0.401932 0.528584 0.404749 0.528550 0.369156 0.540155 0.364700 0.545961 0.339730 0.552747 0.362055 0.555834 0.385325 0.564101 0.361247 0.568482 0.384342 0.570234 0.404002 
						0.555440 0.406187 0.556249 0.419542 0.543599 0.420249 0.561626 0.436458 0.546768 0.440294 0.567298 0.453043 0.551740 0.459216 0.534548 0.443231 0.523090 0.440980 0.572879 0.473684 0.557882 0.478678 0.581931 0.499495 0.568434 0.504024 0.591830 0.525914 0.581265 0.528027 0.713832 0.336101 0.706679 0.330789 0.708707 0.322080 0.714776 0.327526 0.701523 0.330266 0.704500 0.321868 0.593542 0.496242 0.602545 0.525885 0.603941 0.493372 0.610736 0.520586 0.585717 0.468178 0.597123 0.463940 0.611688 0.491641 0.620670 0.489766 0.626681 0.513374 0.618668 0.517216 0.022679 0.906666 0.030055 0.902771 0.034164 0.909320 0.026070 0.913456 0.932241 0.751727 0.029152 0.920353 0.020411 0.924279 0.017677 0.917231 0.027929 0.885173 0.010700 0.905187 0.006252 0.898217 0.081035 0.882304 0.083257 0.875405 0.636661 0.510438 0.629829 0.488258 0.511503 0.640164 0.489604 0.634709 0.492067 0.623912 0.515071 0.631219 0.494229 0.615763 0.518692 0.623506 0.462795 0.633663 0.464685 0.622169 0.466455 0.610227 0.468096 0.602023 0.497086 0.608572 0.437229 0.622291 0.439196 0.608499 0.441418 0.597617 0.444078 0.587148 0.470252 0.593731 0.414937 0.607864 0.418577 0.596017 
						0.421971 0.584608 0.397246 0.583582 0.402226 0.570181 0.383594 0.564959 0.387390 0.556253 0.390933 0.547569 0.398144 0.535408 0.371808 0.548475 0.375446 0.539360 0.382002 0.527466 0.390900 0.511150 0.405931 0.521895 0.358760 0.531418 0.364031 0.520030 0.372697 0.501922 0.383029 0.476466 0.400915 0.491212 0.346342 0.515314 0.354411 0.494368 0.365848 0.468637 0.335393 0.486446 0.349876 0.461991 0.320015 0.469580 0.312382 0.485207 0.329735 0.513102 0.307631 0.512349 0.285325 0.511581 0.286121 0.488750 0.308540 0.446073 0.210403 0.420663 0.229098 0.420580 0.232740 0.440651 0.215088 0.441210 0.217400 0.455357 0.202022 0.457255 0.185984 0.458454 0.218649 0.466594 0.201618 0.467193 0.186334 0.468089 0.201970 0.477369 0.186551 0.476493 0.386842 0.354562 0.396548 0.354427 0.396918 0.376422 0.383778 0.377846 0.341036 0.389962 0.340490 0.400963 0.409584 0.351276 0.407870 0.373348 0.412825 0.393698 0.420796 0.388659 0.431468 0.404015 0.188824 0.487893 0.202813 0.490806 0.201680 0.505410 0.189282 0.501481 0.220391 0.492905 0.219859 0.509697 0.218099 0.522997 0.199010 0.517908 0.186338 0.512415 0.451165 0.344563 0.471164 0.332763 0.477821 0.347642 
						0.468623 0.352139 0.460252 0.357605 0.460252 0.357605 0.468623 0.352139 0.477821 0.347642 0.492949 0.324945 0.496434 0.339820 0.237841 0.525442 0.240217 0.510475 0.258046 0.510185 0.255080 0.525442 0.241452 0.493867 0.261538 0.497922 0.523439 0.307654 0.533590 0.297541 0.546342 0.317652 0.536616 0.320495 0.556359 0.338320 0.557073 0.313107 0.567507 0.337811 0.574828 0.361458 0.578110 0.336310 0.586385 0.361473 0.590537 0.383431 0.578771 0.383956 0.593136 0.403225 0.581741 0.403084 0.238434 0.939524 0.242370 0.942968 0.239852 0.945633 0.236036 0.941723 0.223841 0.932242 0.228571 0.934485 0.227944 0.936880 0.223393 0.935143 0.604720 0.382113 0.605032 0.404422 0.605321 0.418043 0.598094 0.415632 0.615459 0.381568 0.609380 0.424607 0.599281 0.358896 0.610686 0.354712 0.623366 0.350153 0.625581 0.381611 0.633435 0.350718 0.636661 0.382096 0.409352 0.633781 0.411501 0.620067 0.436391 0.640007 0.383278 0.631326 0.353311 0.626128 0.354652 0.619148 0.614786 0.322075 0.629238 0.320049 0.324745 0.617508 0.332545 0.604813 0.608359 0.300075 0.624817 0.294920 0.301985 0.605129 0.311827 0.589940 0.284590 0.592686 0.294404 0.575256 0.303261 0.567364 
						0.319947 0.579538 0.340449 0.587462 0.347142 0.568401 0.352659 0.550037 0.368167 0.557642 0.355509 0.540612 0.284161 0.425653 0.284608 0.442327 0.270051 0.442877 0.265758 0.428181 0.282263 0.556940 0.279124 0.535788 0.252888 0.442288 0.248413 0.427481 0.620077 0.274783 0.603042 0.281399 0.599060 0.329199 0.588193 0.334033 0.567135 0.308555 0.540275 0.287343 0.547053 0.279832 0.573892 0.273950 0.265555 0.488000 0.241958 0.479252 0.219580 0.477870 0.324797 0.529102 0.340809 0.531095 0.420389 0.492213 0.414683 0.503663 0.431742 0.503441 0.428578 0.516258 0.420833 0.531345 0.504384 0.594063 0.499728 0.602517 0.529442 0.602865 0.526070 0.609588 0.522650 0.617705 0.075481 0.901349 0.075923 0.895858 0.077818 0.888849 0.071235 0.877701 0.064612 0.873425 0.067589 0.869983 0.073412 0.872930 0.064293 0.865981 0.032412 0.880240 0.034088 0.875197 0.038664 0.875690 0.034147 0.870901 0.038228 0.869771 0.042464 0.868772 0.036658 0.864338 0.040542 0.862644 0.032508 0.866717 0.029135 0.860760 0.059724 0.850231 0.054487 0.850796 0.054201 0.841788 0.059336 0.843182 0.024886 0.855925 0.061293 0.857219 0.062331 0.862126 0.778531 0.434735 0.774968 0.424619 
						0.790433 0.416462 0.805885 0.420719 0.768530 0.437236 0.763557 0.426049 0.760349 0.440535 0.754296 0.429785 0.775909 0.450415 0.768190 0.454254 0.761432 0.457727 0.773904 0.463959 0.767842 0.468971 0.761475 0.474358 0.756032 0.461366 0.800282 0.444072 0.802010 0.457034 0.794571 0.457458 0.792230 0.444949 0.787312 0.458021 0.784010 0.446999 0.780269 0.460363 0.735025 0.455668 0.730001 0.446957 0.727207 0.441146 0.733521 0.437524 0.739221 0.434101 0.960459 0.942898 0.955577 0.941828 0.954540 0.934425 0.448285 0.532981 0.431737 0.537988 0.718644 0.288929 0.722940 0.290194 0.720624 0.296163 0.717008 0.294799 0.711853 0.293893 0.714349 0.287749 0.730672 0.300638 0.724933 0.297967 0.727732 0.291837 0.733200 0.294114 0.715665 0.300926 0.711419 0.299712 0.729559 0.305138 0.724015 0.303234 0.719635 0.301916 0.734924 0.307290 0.732837 0.314289 0.727942 0.314236 0.723396 0.311748 0.709714 0.306214 0.559450 0.617765 0.560243 0.612281 0.963879 0.730802 0.966578 0.737926 0.960692 0.738783 0.958303 0.732136 0.955667 0.725795 0.961462 0.724741 0.954516 0.739552 0.951924 0.732899 0.949871 0.726260 0.957327 0.746303 0.950655 0.748189 0.954581 0.751790 
						0.550786 0.616802 0.548750 0.610829 0.722087 0.442037 0.716038 0.431756 0.716563 0.427917 0.741363 0.334976 0.741263 0.331425 0.735352 0.320739 0.550663 0.647179 0.541787 0.644563 0.559038 0.647496 0.611183 0.627680 0.606090 0.621188 0.566737 0.645629 0.605450 0.632370 0.601396 0.626327 0.601801 0.637560 0.597303 0.633018 0.592004 0.630032 0.594008 0.640192 0.589186 0.639303 0.591872 0.649162 0.586875 0.647926 0.600588 0.643245 0.598359 0.650494 0.294536 0.745227 0.288271 0.754399 0.279785 0.756505 0.514249 0.434782 0.519408 0.438302 0.021253 0.608583 0.023617 0.598660 0.028024 0.596485 0.024035 0.608616 0.353050 0.601260 0.799754 0.388954 0.809181 0.390305 0.808083 0.409078 0.794227 0.403317 0.705070 0.310564 0.447278 0.982073 0.460638 0.991334 0.492397 0.422434 0.497232 0.431940 0.495193 0.436035 0.934390 0.901979 0.438196 0.488581 0.438168 0.481205 0.432084 0.490215 0.425288 0.484126 0.417320 0.983893 0.418824 0.981381 0.409947 0.969702 0.415753 0.973533 0.507721 0.450692 0.509012 0.425547 0.509009 0.431002 0.503667 0.434557 0.505341 0.442359 0.503820 0.417152 0.591104 0.418203 0.214201 0.929592 0.218931 0.930511 0.219006 0.933929 
						0.214624 0.933498 0.244203 0.944887 0.245928 0.949636 0.242349 0.950103 0.233410 0.937091 0.231810 0.939062 0.209730 0.930614 0.210597 0.934010 0.278322 0.736779 0.276536 0.735698 0.274312 0.735082 0.271078 0.736067 0.275150 0.739734 0.303005 0.736581 0.302078 0.746773 0.284116 0.726302 0.291552 0.725655 0.293770 0.760140 0.280439 0.760140 0.277190 0.722395 0.272173 0.720535 0.037290 0.915913 0.014687 0.911112 0.705172 0.340867 0.697235 0.337697 0.713002 0.344168 0.720741 0.347599 0.542209 0.639391 0.536673 0.636935 0.933643 0.355937 0.931570 0.353557 0.941222 0.350792 0.938708 0.355191 0.948500 0.348117 0.944618 0.355206 0.956305 0.346161 0.951193 0.356318 0.902257 0.368380 0.892333 0.365034 0.896205 0.360203 0.907351 0.363393 0.899200 0.354125 0.914412 0.359714 0.906224 0.352511 0.922044 0.358051 0.920507 0.352419 0.928352 0.356847 0.938565 0.359905 0.943005 0.360300 0.948637 0.361860 0.906580 0.371947 0.912677 0.367976 0.919747 0.363920 0.926157 0.361802 0.930743 0.360647 0.934707 0.360000 0.921185 0.368484 0.926490 0.366185 0.930818 0.364857 0.934562 0.364072 0.938323 0.363776 0.942643 0.364139 0.948144 0.365610 0.909083 0.374080 
						0.915010 0.371257 0.926491 0.369908 0.930685 0.369544 0.934730 0.369954 0.939010 0.369977 0.943734 0.369872 0.948830 0.370452 0.912928 0.376537 0.917024 0.373292 0.921889 0.371008 0.943317 0.376921 0.946830 0.377767 0.916804 0.383003 0.920278 0.381390 0.924191 0.379890 0.928118 0.378578 0.931942 0.377592 0.935845 0.377080 0.939652 0.376708 0.918791 0.388960 0.921724 0.388331 0.924978 0.387722 0.928733 0.387077 0.932716 0.386340 0.936673 0.385101 0.939972 0.383992 0.942850 0.383325 0.945456 0.383770 0.933310 0.395200 0.937284 0.393298 0.941236 0.390950 0.944759 0.389763 0.366318 0.209757 0.361839 0.205455 0.363757 0.203869 0.369232 0.208829 0.922028 0.396885 0.925035 0.396647 0.927591 0.396454 0.930092 0.396161 0.938547 0.395095 0.942933 0.394298 0.946792 0.393395 0.368319 0.213434 0.371312 0.214030 0.925002 0.401835 0.927391 0.400409 0.929285 0.399424 0.931361 0.398598 0.934334 0.397274 0.931288 0.405388 0.932772 0.403652 0.934632 0.402086 0.936883 0.400839 0.939462 0.400254 0.941903 0.400095 0.944320 0.400262 0.363646 0.217668 0.365615 0.219332 0.929830 0.407167 0.935122 0.406635 0.937314 0.405470 0.939932 0.404728 0.942015 0.404107 
						0.944508 0.403549 0.361839 0.220686 0.931101 0.410990 0.933078 0.408192 0.938168 0.407670 0.940269 0.407067 0.942282 0.406551 0.944227 0.406136 0.933227 0.412365 0.934255 0.410423 0.935982 0.408719 0.936023 0.414051 0.937710 0.412677 0.939622 0.411271 0.941310 0.410430 0.943159 0.409818 0.944937 0.409483 0.944251 0.416002 0.945915 0.415358 0.947542 0.414592 0.938662 0.418947 0.940484 0.418057 0.942392 0.416900 0.939115 0.421134 0.941090 0.420194 0.943565 0.419260 0.945626 0.418438 0.947052 0.417631 0.948425 0.416791 0.945547 0.423434 0.947306 0.422696 0.948717 0.421541 0.950187 0.420444 0.942023 0.424360 0.943637 0.423717 0.951194 0.425769 0.952274 0.424178 0.943499 0.428011 0.945337 0.428009 0.947302 0.428063 0.949503 0.427330 0.943647 0.429751 0.945618 0.430768 0.948062 0.431141 0.950395 0.430110 0.944309 0.431836 0.945941 0.432048 0.947593 0.432999 0.949554 0.433856 0.947793 0.436762 0.952268 0.434805 0.949274 0.437512 0.953947 0.435877 0.950517 0.438453 0.943847 0.435497 0.945143 0.435703 0.946398 0.436141 0.944227 0.439003 0.945163 0.439357 0.946227 0.439580 0.947398 0.440007 0.948358 0.440840 0.943068 0.438613 0.945983 0.442012 
						0.946569 0.442632 0.942754 0.441433 0.943775 0.441399 0.944697 0.441390 0.945377 0.441621 0.944654 0.442001 0.945001 0.442105 0.945275 0.442361 0.945187 0.443113 0.943197 0.443123 0.944211 0.442723 0.954946 0.429087 0.953616 0.427925 0.955222 0.426907 0.955852 0.428826 0.956305 0.431063 0.955079 0.432756 0.953342 0.431807 0.955576 0.430281 0.953060 0.429801 0.954725 0.429592 0.799569 0.465348 0.795310 0.464080 0.790382 0.464833 0.784787 0.467037 0.778662 0.470105 0.773221 0.473164 0.770118 0.477251 0.784927 0.471214 0.780605 0.473109 0.777117 0.476292 0.775025 0.479646 0.796250 0.469647 0.792773 0.469470 0.788906 0.470078 0.796215 0.473892 0.792949 0.473808 0.789589 0.474176 0.786595 0.475363 0.783704 0.477092 0.781096 0.479401 0.778645 0.481607 0.786380 0.480170 0.784375 0.481939 0.781840 0.483667 0.798438 0.477035 0.794756 0.477453 0.791287 0.477614 0.788485 0.478609 0.788941 0.481509 0.787252 0.482667 0.785416 0.484097 0.782454 0.485457 0.798873 0.478944 0.794696 0.479723 0.791267 0.480447 0.799804 0.480589 0.796209 0.481982 0.792889 0.483444 0.790521 0.484729 0.788359 0.485881 0.785868 0.486729 0.782779 0.487293 0.792415 0.488263 
						0.789118 0.489138 0.786242 0.489868 0.783475 0.490523 0.801805 0.483319 0.799120 0.484921 0.795942 0.486612 0.800314 0.487184 0.796996 0.489168 0.792322 0.490529 0.788742 0.491167 0.786068 0.492123 0.783737 0.493188 0.802789 0.485823 0.797800 0.490340 0.794114 0.491516 0.790043 0.492858 0.787302 0.493988 0.785290 0.495472 0.803977 0.488267 0.801387 0.488951 0.800568 0.491752 0.797710 0.492569 0.794123 0.493244 0.790881 0.494476 0.788823 0.496079 0.787580 0.497829 0.802888 0.491400 0.795204 0.499023 0.793284 0.500269 0.791623 0.501327 0.802454 0.496410 0.800763 0.496468 0.799062 0.497004 0.797222 0.497884 0.802303 0.506235 0.800725 0.506914 0.799344 0.507508 0.797998 0.508134 0.796643 0.508846 0.805735 0.504879 0.804083 0.505515 0.804419 0.514395 0.803199 0.515449 0.801960 0.516813 0.800337 0.517551 0.808692 0.513787 0.806991 0.513796 0.805671 0.513897 0.806083 0.515566 0.804895 0.515902 0.803478 0.516593 0.802026 0.517664 0.800568 0.518647 0.808741 0.515078 0.807240 0.515374 0.804181 0.520533 0.803202 0.521641 0.809176 0.518940 0.807807 0.518865 0.806688 0.518964 0.805850 0.519239 0.805065 0.519712 0.806316 0.520419 0.805644 0.520858 
						0.804950 0.521454 0.803856 0.522342 0.809181 0.519938 0.807909 0.520049 0.807071 0.520122 0.807468 0.523802 0.807476 0.524317 0.807476 0.524317 0.808611 0.525442 0.808611 0.525442 0.808484 0.523910 0.808052 0.523566 0.807677 0.523509 0.591426 0.654876 0.585608 0.653663 0.578993 0.652721 0.571691 0.650835 0.597346 0.656077 0.583344 0.663120 0.576557 0.659812 0.570871 0.656738 0.598261 0.661663 0.591636 0.662877 0.571128 0.663450 0.568556 0.659337 0.599550 0.664781 0.593724 0.666884 0.587399 0.671080 0.607584 0.676209 0.602834 0.679245 0.597460 0.682229 0.592808 0.686572 0.584504 0.676148 0.589080 0.691127 0.580240 0.680028 0.607483 0.685813 0.602582 0.689624 0.598921 0.693622 0.596053 0.697064 0.611834 0.684029 0.605568 0.692644 0.602904 0.695925 0.600632 0.699084 0.613177 0.688829 0.609355 0.690009 0.609833 0.701336 0.607754 0.703291 0.615679 0.696555 0.613367 0.697718 0.611689 0.699411 0.616821 0.698145 0.615040 0.699764 0.613439 0.701574 0.611411 0.703231 0.609120 0.704582 0.618269 0.702704 0.616390 0.705294 0.614166 0.707758 0.611638 0.709105 0.620473 0.701342 0.616110 0.713109 0.613207 0.712811 0.625950 0.715396 0.623096 0.714486 
						0.627686 0.710323 0.628779 0.712691 0.615142 0.721943 0.613326 0.721296 0.622657 0.723052 0.619973 0.722631 0.617735 0.722438 0.619510 0.713697 0.613083 0.726682 0.611735 0.727687 0.610715 0.724777 0.612126 0.725503 0.612368 0.722527 0.613385 0.723807 0.612187 0.724831 0.613701 0.725296 0.612383 0.725197 0.617257 0.725920 0.616875 0.726335 0.615955 0.726016 0.617244 0.724398 0.617087 0.726877 0.615678 0.726913 0.617087 0.726877 0.618237 0.726670 0.616690 0.728613 0.618237 0.726670 0.619139 0.724650 0.615401 0.723966 0.614872 0.725738 0.614451 0.726961 0.614091 0.728114 0.623625 0.706627 0.624449 0.706064 0.626536 0.708620 0.624326 0.709955 0.622074 0.704044 0.622856 0.705348 0.618366 0.707870 0.618502 0.704953 0.622925 0.706818 0.620916 0.710521 0.578100 0.670566 0.578039 0.669711 0.582125 0.665892 0.583625 0.670115 0.577203 0.669504 0.577929 0.664460 0.575682 0.671886 0.574599 0.665211 0.582048 0.673384 0.737192 0.302161 0.738050 0.295837 0.543172 0.555277 0.719554 0.471465 0.731601 0.471430 0.719206 0.485661 0.713441 0.479495 0.727057 0.452444 0.726037 0.350295 0.932327 0.271583 0.926385 0.265765 0.925779 0.254222 0.930934 0.266454 
						0.923581 0.252643 0.927700 0.242832 0.920888 0.248276 0.923428 0.242768 0.916898 0.241770 0.914335 0.248628 0.909446 0.245287 0.908876 0.239581 0.903696 0.244007 0.903555 0.238439 0.897756 0.245372 0.898420 0.239082 0.954257 0.294731 0.952406 0.288918 0.957474 0.287519 0.959808 0.297301 0.948689 0.283932 0.956706 0.279301 0.944023 0.279815 0.950994 0.272543 0.938653 0.276151 0.940715 0.272046 0.905258 0.254381 0.901126 0.255807 0.943632 0.293326 0.942510 0.289192 0.940327 0.285329 0.937577 0.281621 0.933865 0.277985 0.929577 0.273778 0.925041 0.268931 0.921153 0.263841 0.922182 0.259137 0.917716 0.259355 0.918379 0.253334 0.913840 0.256099 0.909672 0.254175 0.922885 0.273187 0.919208 0.269933 0.915850 0.266697 0.912069 0.264666 0.908330 0.263960 0.904963 0.264170 0.901902 0.264965 0.935704 0.290783 0.934784 0.288106 0.933377 0.285362 0.931498 0.282745 0.929147 0.279838 0.926304 0.276572 0.924646 0.283526 0.922323 0.280468 0.919331 0.277547 0.915472 0.274858 0.910915 0.273614 0.906565 0.273218 0.902817 0.273252 0.899440 0.273493 0.927799 0.288962 0.926410 0.286401 0.909234 0.282785 0.905683 0.281958 0.901906 0.280790 0.898382 0.279398 
						0.922646 0.291913 0.921109 0.289056 0.919237 0.286793 0.917109 0.285153 0.914758 0.284079 0.912175 0.283401 0.900878 0.285385 0.897869 0.283803 0.919612 0.295274 0.917812 0.292860 0.916099 0.290978 0.914300 0.289599 0.912249 0.288743 0.909981 0.288092 0.907395 0.287480 0.904269 0.286622 0.910489 0.296771 0.908740 0.295775 0.905978 0.293229 0.904358 0.291189 0.902370 0.289776 0.900192 0.288584 0.897965 0.287829 0.919006 0.299377 0.915994 0.299067 0.913090 0.298103 0.902657 0.311009 0.900795 0.313415 0.899322 0.312796 0.898975 0.310540 0.918510 0.300940 0.916099 0.301082 0.913466 0.301874 0.910894 0.303145 0.908986 0.304203 0.904771 0.308351 0.898354 0.308259 0.897756 0.305873 0.909626 0.311745 0.906532 0.313946 0.906389 0.306382 0.903991 0.315860 0.921204 0.304092 0.919388 0.305223 0.917078 0.306671 0.913213 0.309301 0.907914 0.316246 0.906010 0.318427 0.923446 0.306439 0.921078 0.307899 0.918343 0.309566 0.914382 0.311722 0.910500 0.314054 0.921880 0.312126 0.919158 0.312586 0.915735 0.313941 0.913190 0.316667 0.911806 0.319283 0.910665 0.321656 0.924520 0.311889 0.919461 0.315192 0.917539 0.316549 0.915604 0.318075 0.913851 0.320082 
						0.912804 0.322362 0.923879 0.314027 0.921578 0.314256 0.921903 0.316609 0.920493 0.317735 0.919177 0.318937 0.917586 0.320048 0.915792 0.321355 0.914522 0.323126 0.923717 0.315888 0.920065 0.323205 0.918721 0.324198 0.917409 0.325191 0.925226 0.319139 0.923775 0.319813 0.922465 0.320772 0.921299 0.322002 0.924588 0.323693 0.923621 0.324958 0.922785 0.326291 0.921694 0.327310 0.920457 0.327992 0.927199 0.322768 0.925844 0.323008 0.925474 0.327757 0.925253 0.329209 0.924763 0.330438 0.923591 0.331047 0.929068 0.326675 0.927743 0.326435 0.926276 0.326516 0.928328 0.329196 0.927590 0.329973 0.927047 0.330929 0.926433 0.331811 0.925504 0.332593 0.930278 0.328542 0.929276 0.328763 0.930378 0.334508 0.933735 0.338034 0.931632 0.333769 0.930924 0.333499 0.930650 0.333764 0.930465 0.334043 0.901007 0.298510 0.899512 0.298010 0.900628 0.294626 0.903675 0.295681 0.900593 0.300087 0.902010 0.300125 0.905751 0.302165 0.902147 0.302948 0.902439 0.298910 0.906229 0.298133 0.724796 0.285030 0.720101 0.284365 0.716004 0.283690 0.739948 0.292620 0.736018 0.289038 0.730531 0.285688 0.743225 0.290384 0.741492 0.287562 0.728546 0.277778 0.723984 0.279223 
						0.719933 0.279568 0.716349 0.279545 0.739731 0.280595 0.736100 0.286405 0.732036 0.284100 0.738055 0.279462 0.731516 0.279432 0.736997 0.278121 0.732519 0.276273 0.736892 0.276295 0.741221 0.281706 0.740060 0.285831 0.738627 0.277210 0.737736 0.275863 0.741546 0.280937 0.740443 0.279663 0.739600 0.278262 0.744394 0.275950 0.743842 0.275490 0.744616 0.273446 0.743976 0.272307 0.746128 0.275814 0.725731 0.272158 0.721613 0.273140 0.718068 0.274951 0.714936 0.276813 0.732976 0.270135 0.734658 0.272721 0.731437 0.274213 0.729580 0.271377 0.715642 0.270088 0.711529 0.272224 0.731509 0.264809 0.728034 0.265545 0.724370 0.266413 0.720147 0.267863 0.726322 0.260564 0.723188 0.261552 0.718917 0.262869 0.713994 0.264905 0.709413 0.266196 0.729884 0.259118 0.721048 0.256089 0.717337 0.257676 0.713190 0.258748 0.709397 0.258718 0.726472 0.253110 0.723950 0.254613 0.719834 0.248674 0.717785 0.249865 0.715537 0.251124 0.712818 0.251781 0.710467 0.251491 0.721963 0.247609 0.719511 0.243916 0.717661 0.244751 0.716128 0.245977 0.714412 0.247131 0.712249 0.247468 0.710229 0.247242 0.711866 0.239964 0.709739 0.240695 0.716988 0.237612 0.715001 0.238952 
						0.713532 0.239568 0.712556 0.232971 0.710781 0.234095 0.708786 0.234797 0.706815 0.235142 0.714181 0.232031 0.706868 0.228775 0.705420 0.229491 0.711304 0.226948 0.709827 0.227608 0.708347 0.228129 0.704602 0.224046 0.703210 0.225096 0.709620 0.222292 0.707887 0.222181 0.706049 0.222938 0.703329 0.222464 0.701920 0.223600 0.704365 0.220796 0.700407 0.220279 0.697235 0.219181 0.703526 0.217169 0.704648 0.218716 0.700556 0.219468 0.700638 0.219905 0.706856 0.217695 0.707222 0.218240 0.705680 0.218981 0.705175 0.217278 0.708100 0.218297 0.706871 0.220085 0.708786 0.219202 0.708042 0.220885 0.707752 0.217081 0.706005 0.215900 0.623770 0.724181 0.621579 0.724686 0.953937 0.721676 0.947501 0.721562 0.941138 0.721952 0.936050 0.722283 0.931751 0.721738 0.966127 0.715381 0.968498 0.719444 0.963286 0.719482 0.963163 0.718453 0.959270 0.720835 0.936893 0.718645 0.933679 0.717913 0.964248 0.711482 0.961389 0.713850 0.957278 0.716123 0.951774 0.718349 0.945623 0.719412 0.940623 0.719299 0.938277 0.716007 0.935516 0.714563 0.962011 0.708306 0.959263 0.710427 0.955747 0.713103 0.951685 0.716542 0.946117 0.717746 0.941489 0.717190 0.949688 0.711588 
						0.946945 0.713277 0.943548 0.713803 0.940321 0.712973 0.937538 0.711091 0.959059 0.705522 0.955529 0.707269 0.952314 0.709502 0.950387 0.706823 0.948365 0.708143 0.946727 0.709204 0.944839 0.710069 0.942225 0.710458 0.939091 0.709415 0.957910 0.703548 0.953922 0.704996 0.956978 0.703206 0.953484 0.704542 0.950115 0.705456 0.947865 0.706081 0.946018 0.706677 0.944266 0.707393 0.941817 0.708174 0.938773 0.708530 0.943702 0.700585 0.940169 0.701728 0.937778 0.703866 0.935770 0.705459 0.954053 0.699623 0.951849 0.700662 0.949554 0.701287 0.946835 0.701056 0.945980 0.698793 0.942495 0.699441 0.939264 0.700603 0.936540 0.701932 0.934480 0.703101 0.952912 0.696855 0.951022 0.697875 0.948850 0.698487 0.941625 0.697999 0.938715 0.698559 0.936022 0.699053 0.933653 0.699344 0.950756 0.693404 0.948708 0.694527 0.946688 0.695722 0.944415 0.697079 0.948285 0.687486 0.945598 0.688638 0.943464 0.689578 0.941732 0.690280 0.940146 0.690972 0.938331 0.691722 0.936048 0.692481 0.933323 0.693134 0.936625 0.689110 0.934354 0.690419 0.932018 0.691771 0.946793 0.685996 0.944353 0.687038 0.942281 0.687729 0.940384 0.688031 0.938596 0.688502 0.945085 0.676842 
						0.946231 0.679772 0.942119 0.681172 0.941476 0.679556 0.936985 0.681108 0.937210 0.680873 0.933512 0.684324 0.932981 0.683165 0.930600 0.686488 0.929400 0.683863 0.935411 0.677252 0.932652 0.678496 0.929946 0.678353 0.940519 0.673616 0.938032 0.675285 0.936304 0.666632 0.933998 0.667255 0.931799 0.668245 0.929570 0.669624 0.927283 0.670588 0.927422 0.658053 0.925508 0.662480 0.922678 0.664551 0.934611 0.659357 0.930320 0.658319 0.936230 0.658230 0.934335 0.656186 0.935725 0.650082 0.933446 0.647574 0.936123 0.645585 0.937044 0.647442 0.937167 0.652901 0.934048 0.652929 0.938114 0.651396 0.939039 0.649473 0.938180 0.656307 0.937116 0.654565 0.939202 0.656317 0.938910 0.654577 0.939469 0.653207 0.939873 0.651787 0.939885 0.650040 0.942242 0.653602 0.943379 0.653277 0.943669 0.652236 0.943107 0.654795 0.942207 0.654225 0.921792 0.650617 0.922858 0.648449 0.929782 0.652223 0.927974 0.654555 0.922937 0.645887 0.930498 0.649477 0.918540 0.653374 0.920287 0.651919 0.926688 0.656782 0.924656 0.658450 0.918828 0.647896 0.916021 0.646631 0.918116 0.648909 0.918873 0.648381 0.027085 0.820797 0.031452 0.822425 0.029844 0.826339 0.024895 0.822346 
						0.026914 0.830245 0.022679 0.823612 0.022791 0.831403 0.020546 0.825451 0.019013 0.831222 0.017740 0.826780 0.019209 0.818707 0.017436 0.819951 0.015450 0.821011 0.023103 0.815925 0.021107 0.817327 0.018987 0.810273 0.016699 0.811244 0.015232 0.812904 0.013753 0.814553 0.011448 0.815411 0.011588 0.807414 0.009717 0.809002 0.007119 0.809279 0.014757 0.804121 0.012771 0.805673 0.006252 0.799451 0.009042 0.802450 0.008858 0.803469 0.007763 0.803359 0.061352 0.830641 0.057208 0.833399 0.055960 0.829425 0.060323 0.828312 0.056418 0.825494 0.059394 0.825812 0.064445 0.833831 0.063707 0.836771 0.060202 0.836645 0.062695 0.832690 0.064934 0.825541 0.063724 0.823694 0.068223 0.830518 0.067432 0.828699 0.066423 0.827099 0.074883 0.826629 0.074476 0.824355 0.073376 0.822226 0.071691 0.820503 0.069944 0.819216 0.075364 0.818913 0.073626 0.818143 0.072023 0.817199 0.075613 0.814740 0.075222 0.814584 0.075625 0.810962 0.078803 0.818105 0.077348 0.819363 0.076243 0.814527 0.080873 0.824784 0.076697 0.824280 0.076663 0.822558 0.079717 0.823930 0.077565 0.820725 0.079721 0.823369 0.079580 0.820341 0.080346 0.823382 0.081312 0.820583 0.046717 0.833851 
						0.051832 0.829296 0.019692 0.849612 0.023717 0.846812 0.029726 0.842225 0.038827 0.837268 0.027993 0.838912 0.034011 0.834178 0.040789 0.830101 0.043857 0.826330 0.044617 0.822269 0.051942 0.823753 0.018463 0.842923 0.022443 0.841878 0.031426 0.834474 0.036478 0.830174 0.037491 0.825828 0.037572 0.822265 0.019352 0.836537 0.022456 0.836477 0.026898 0.836370 0.218846 0.946913 0.221876 0.948208 0.224991 0.949589 0.227932 0.951036 0.230463 0.952633 0.232559 0.954416 0.210307 0.944888 0.213045 0.945111 0.215867 0.945847 0.215576 0.977322 0.214247 0.975845 0.222824 0.963353 0.225376 0.965769 0.212804 0.974589 0.211705 0.972625 0.216993 0.960254 0.220156 0.961460 0.210186 0.972015 0.213242 0.959381 0.207566 0.974122 0.209071 0.958637 0.940421 0.935405 0.944938 0.939804 0.947821 0.944792 0.918309 0.925801 0.914354 0.918598 0.920930 0.914430 0.923939 0.925928 0.929770 0.927914 0.935345 0.931295 0.926671 0.937586 0.930731 0.940247 0.934307 0.943612 0.937479 0.947079 0.940383 0.950413 0.917930 0.934885 0.922315 0.935895 0.922135 0.954088 0.925377 0.955895 0.928360 0.957977 0.930773 0.960044 0.913562 0.947843 0.916127 0.949901 0.918977 0.952165 
						0.914518 0.958367 0.917514 0.961161 0.920703 0.963889 0.924327 0.966036 0.928000 0.966567 0.909371 0.953464 0.911867 0.955614 0.903954 0.970794 0.904313 0.969614 0.913823 0.969665 0.913184 0.971299 0.905275 0.968594 0.905669 0.967543 0.913307 0.965599 0.913799 0.967563 0.904643 0.966645 0.910896 0.962131 0.902094 0.967141 0.907837 0.959601 0.924641 0.976120 0.924091 0.969515 0.926744 0.970073 0.926540 0.975960 0.921818 0.977322 0.916995 0.974450 0.918001 0.971490 0.921799 0.975254 0.921142 0.969900 0.922688 0.974673 0.383347 0.144562 0.376284 0.133907 0.383747 0.130080 0.389417 0.140954 0.390192 0.127113 0.396034 0.138477 0.399533 0.122666 0.402954 0.136118 0.402935 0.155208 0.407499 0.153284 0.410291 0.134743 0.412637 0.153351 0.390592 0.163934 0.378389 0.150124 0.395077 0.162091 0.399114 0.158933 0.395120 0.170329 0.398784 0.169118 0.402539 0.167245 0.406105 0.164318 0.409850 0.162122 0.414255 0.161716 0.409114 0.184076 0.411315 0.182606 0.412415 0.179855 0.414232 0.178852 0.416851 0.180698 0.406943 0.185656 0.368020 0.147553 0.370010 0.143761 0.373124 0.144487 0.370549 0.148110 0.376475 0.146421 0.372360 0.149332 0.375596 0.150253 
						0.371836 0.151352 0.415804 0.134474 0.411772 0.131974 0.412687 0.128565 0.416851 0.131620 0.422107 0.965006 0.426560 0.966921 0.431940 0.967591 0.437401 0.967659 0.442490 0.967667 0.447093 0.967171 0.454166 0.975975 0.429263 0.956131 0.433734 0.956391 0.438006 0.955539 0.442151 0.955255 0.446153 0.956106 0.425333 0.954242 0.431699 0.930066 0.432155 0.931136 0.431889 0.932400 0.430408 0.931765 0.432863 0.931111 0.433159 0.932191 0.433275 0.930618 0.434162 0.931363 0.433001 0.929606 0.434938 0.929851 0.433133 0.928243 0.435141 0.928112 0.429841 0.934358 0.431876 0.934854 0.431652 0.944455 0.428664 0.943303 0.433802 0.934429 0.434513 0.944008 0.435814 0.933250 0.437793 0.942870 0.442343 0.943454 0.446900 0.944916 0.450990 0.929949 0.451444 0.932591 0.442536 0.936026 0.441051 0.931043 0.452608 0.935193 0.444811 0.939351 0.451404 0.924618 0.451077 0.927469 0.441420 0.925921 0.442664 0.922045 0.454064 0.927379 0.453877 0.929927 0.454390 0.932124 0.455364 0.934048 0.454673 0.924796 0.053749 0.829478 0.054782 0.838278 0.059651 0.840444 0.065498 0.838249 0.068440 0.839395 0.054214 0.825233 0.076371 0.819920 0.074985 0.822293 0.075648 0.824278 
						0.075777 0.825526 0.081585 0.818148 0.081304 0.819303 0.079162 0.819124 0.077359 0.820085 0.932141 0.654860 0.931940 0.652658 0.929541 0.656403 0.927095 0.657576 0.925317 0.660680 0.932998 0.650902 0.932112 0.648667 0.706828 0.221835 0.705673 0.220552 0.705109 0.218974 0.704310 0.217196 0.703886 0.215073 0.704789 0.215760 0.708902 0.221544 0.907700 0.303300 0.900265 0.304583 0.904462 0.305594 0.904775 0.294502 0.902574 0.293129 0.907947 0.296495 0.953785 0.434192 0.951692 0.427848 0.951920 0.429710 0.951456 0.432576 0.955492 0.433905 0.955914 0.435012 0.954061 0.424794 0.954509 0.425907 0.952889 0.426054 0.952274 0.424178 0.952889 0.426054 0.927162 0.968208 0.924151 0.967795 0.920738 0.966897 0.918140 0.965693 0.907616 0.957099 0.908481 0.955844 0.909866 0.957741 0.907728 0.954056 0.915416 0.963354 0.915997 0.967059 0.915828 0.970361 0.912616 0.960284 0.914367 0.972432 0.906445 0.958539 0.915570 0.975423 0.914455 0.973880 0.900982 0.966396 0.902260 0.969334 0.414819 0.183653 0.437197 0.927673 0.438105 0.931014 0.443502 0.941099 0.445918 0.942110 0.437941 0.918560 0.440214 0.920677 0.439085 0.926868 0.439352 0.931045 0.438337 0.932961 
						0.439805 0.939489 0.459774 0.927548 0.458396 0.928211 0.459683 0.929933 0.460638 0.931426 0.458196 0.929061 0.582871 0.664484 0.577072 0.662173 0.585618 0.670498 0.583502 0.674423 0.573047 0.664047 0.507814 0.494070 0.520020 0.490026 0.515215 0.472530 0.459160 0.978089 0.210361 0.976537 0.966814 0.944984 0.948330 0.912269 0.207566 0.926488 0.213738 0.925177 0.234917 0.934258 0.240419 0.936467 0.229478 0.932076 0.249371 0.944231 0.250461 0.950265 0.245560 0.939398 0.219497 0.926385 0.224536 0.929126 0.028762 0.924778 0.037303 0.923296 0.938873 0.754944 0.725135 0.462425 0.745528 0.456757 0.739787 0.463040 0.375303 0.138878 0.370769 0.141029 0.370205 0.138605 0.411340 0.122498 0.411393 0.125377 0.407379 0.125506 0.406276 0.122828 0.408038 0.131444 0.410513 0.133072 0.376908 0.149310 0.379319 0.145231 0.369589 0.150419 0.016742 0.620515 0.022680 0.615721 0.028024 0.617327 0.020053 0.623525 0.016067 0.590684 0.017759 0.586347 0.011479 0.595927 0.006819 0.593285 0.006963 0.590165 0.006031 0.585691 
					</float_array>
					<technique_common>
						<accessor count="2040" offset="0" source="#meshId0-tex0-array" stride="2">
							<param name="S" type="float" />
							<param name="T" type="float" />
						</accessor>
					</technique_common>
				</source>
				<vertices id="meshId0-vertices">
					<input semantic="POSITION" source="#meshId0-positions" />
				</vertices>
				<polylist count="3256" material="defaultMaterial">
					<input offset="0" semantic="VERTEX" source="#meshId0-vertices" />
					<input offset="0" semantic="NORMAL" source="#meshId0-normals" />
					<input offset="0" semantic="TANGENT" source="#meshId0-tangents" />
					<input offset="0" semantic="BINORMAL" source="#meshId0-bitangents" />
					<input offset="0" semantic="TEXCOORD" source="#meshId0-tex0" set="0" />
					<vcount>
						3 3 3 3 3 3 3 3 3 3 3 3 3 3 3 3 3 3 3 3 3 3 3 3 3 3 3 3 3 3 3 3 3 3 3 3 3 3 3 3 3 3 3 3 3 3 3 3 3 3 3 3 3 3 3 3 3 3 3 3 3 3 3 3 
						3 3 3 3 3 3 3 3 3 3 3 3 3 3 3 3 3 3 3 3 3 3 3 3 3 3 3 3 3 3 3 3 3 3 3 3 3 3 3 3 3 3 3 3 3 3 3 3 3 3 3 3 3 3 3 3 3 3 3 3 3 3 3 3 
						3 3 3 3 3 3 3 3 3 3 3 3 3 3 3 3 3 3 3 3 3 3 3 3 3 3 3 3 3 3 3 3 3 3 3 3 3 3 3 3 3 3 3 3 3 3 3 3 3 3 3 3 3 3 3 3 3 3 3 3 3 3 3 3 
						3 3 3 3 3 3 3 3 3 3 3 3 3 3 3 3 3 3 3 3 3 3 3 3 3 3 3 3 3 3 3 3 3 3 3 3 3 3 3 3 3 3 3 3 3 3 3 3 3 3 3 3 3 3 3 3 3 3 3 3 3 3 3 3 
						3 3 3 3 3 3 3 3 3 3 3 3 3 3 3 3 3 3 3 3 3 3 3 3 3 3 3 3 3 3 3 3 3 3 3 3 3 3 3 3 3 3 3 3 3 3 3 3 3 3 3 3 3 3 3 3 3 3 3 3 3 3 3 3 
						3 3 3 3 3 3 3 3 3 3 3 3 3 3 3 3 3 3 3 3 3 3 3 3 3 3 3 3 3 3 3 3 3 3 3 3 3 3 3 3 3 3 3 3 3 3 3 3 3 3 3 3 3 3 3 3 3 3 3 3 3 3 3 3 
						3 3 3 3 3 3 3 3 3 3 3 3 3 3 3 3 3 3 3 3 3 3 3 3 3 3 3 3 3 3 3 3 3 3 3 3 3 3 3 3 3 3 3 3 3 3 3 3 3 3 3 3 3 3 3 3 3 3 3 3 3 3 3 3 
						3 3 3 3 3 3 3 3 3 3 3 3 3 3 3 3 3 3 3 3 3 3 3 3 3 3 3 3 3 3 3 3 3 3 3 3 3 3 3 3 3 3 3 3 3 3 3 3 3 3 3 3 3 3 3 3 3 3 3 3 3 3 3 3 
						3 3 3 3 3 3 3 3 3 3 3 3 3 3 3 3 3 3 3 3 3 3 3 3 3 3 3 3 3 3 3 3 3 3 3 3 3 3 3 3 3 3 3 3 3 3 3 3 3 3 3 3 3 3 3 3 3 3 3 3 3 3 3 3 
						3 3 3 3 3 3 3 3 3 3 3 3 3 3 3 3 3 3 3 3 3 3 3 3 3 3 3 3 3 3 3 3 3 3 3 3 3 3 3 3 3 3 3 3 3 3 3 3 3 3 3 3 3 3 3 3 3 3 3 3 3 3 3 3 
						3 3 3 3 3 3 3 3 3 3 3 3 3 3 3 3 3 3 3 3 3 3 3 3 3 3 3 3 3 3 3 3 3 3 3 3 3 3 3 3 3 3 3 3 3 3 3 3 3 3 3 3 3 3 3 3 3 3 3 3 3 3 3 3 
						3 3 3 3 3 3 3 3 3 3 3 3 3 3 3 3 3 3 3 3 3 3 3 3 3 3 3 3 3 3 3 3 3 3 3 3 3 3 3 3 3 3 3 3 3 3 3 3 3 3 3 3 3 3 3 3 3 3 3 3 3 3 3 3 
						3 3 3 3 3 3 3 3 3 3 3 3 3 3 3 3 3 3 3 3 3 3 3 3 3 3 3 3 3 3 3 3 3 3 3 3 3 3 3 3 3 3 3 3 3 3 3 3 3 3 3 3 3 3 3 3 3 3 3 3 3 3 3 3 
						3 3 3 3 3 3 3 3 3 3 3 3 3 3 3 3 3 3 3 3 3 3 3 3 3 3 3 3 3 3 3 3 3 3 3 3 3 3 3 3 3 3 3 3 3 3 3 3 3 3 3 3 3 3 3 3 3 3 3 3 3 3 3 3 
						3 3 3 3 3 3 3 3 3 3 3 3 3 3 3 3 3 3 3 3 3 3 3 3 3 3 3 3 3 3 3 3 3 3 3 3 3 3 3 3 3 3 3 3 3 3 3 3 3 3 3 3 3 3 3 3 3 3 3 3 3 3 3 3 
						3 3 3 3 3 3 3 3 3 3 3 3 3 3 3 3 3 3 3 3 3 3 3 3 3 3 3 3 3 3 3 3 3 3 3 3 3 3 3 3 3 3 3 3 3 3 3 3 3 3 3 3 3 3 3 3 3 3 3 3 3 3 3 3 
						3 3 3 3 3 3 3 3 3 3 3 3 3 3 3 3 3 3 3 3 3 3 3 3 3 3 3 3 3 3 3 3 3 3 3 3 3 3 3 3 3 3 3 3 3 3 3 3 3 3 3 3 3 3 3 3 3 3 3 3 3 3 3 3 
						3 3 3 3 3 3 3 3 3 3 3 3 3 3 3 3 3 3 3 3 3 3 3 3 3 3 3 3 3 3 3 3 3 3 3 3 3 3 3 3 3 3 3 3 3 3 3 3 3 3 3 3 3 3 3 3 3 3 3 3 3 3 3 3 
						3 3 3 3 3 3 3 3 3 3 3 3 3 3 3 3 3 3 3 3 3 3 3 3 3 3 3 3 3 3 3 3 3 3 3 3 3 3 3 3 3 3 3 3 3 3 3 3 3 3 3 3 3 3 3 3 3 3 3 3 3 3 3 3 
						3 3 3 3 3 3 3 3 3 3 3 3 3 3 3 3 3 3 3 3 3 3 3 3 3 3 3 3 3 3 3 3 3 3 3 3 3 3 3 3 3 3 3 3 3 3 3 3 3 3 3 3 3 3 3 3 3 3 3 3 3 3 3 3 
						3 3 3 3 3 3 3 3 3 3 3 3 3 3 3 3 3 3 3 3 3 3 3 3 3 3 3 3 3 3 3 3 3 3 3 3 3 3 3 3 3 3 3 3 3 3 3 3 3 3 3 3 3 3 3 3 3 3 3 3 3 3 3 3 
						3 3 3 3 3 3 3 3 3 3 3 3 3 3 3 3 3 3 3 3 3 3 3 3 3 3 3 3 3 3 3 3 3 3 3 3 3 3 3 3 3 3 3 3 3 3 3 3 3 3 3 3 3 3 3 3 3 3 3 3 3 3 3 3 
						3 3 3 3 3 3 3 3 3 3 3 3 3 3 3 3 3 3 3 3 3 3 3 3 3 3 3 3 3 3 3 3 3 3 3 3 3 3 3 3 3 3 3 3 3 3 3 3 3 3 3 3 3 3 3 3 3 3 3 3 3 3 3 3 
						3 3 3 3 3 3 3 3 3 3 3 3 3 3 3 3 3 3 3 3 3 3 3 3 3 3 3 3 3 3 3 3 3 3 3 3 3 3 3 3 3 3 3 3 3 3 3 3 3 3 3 3 3 3 3 3 3 3 3 3 3 3 3 3 
						3 3 3 3 3 3 3 3 3 3 3 3 3 3 3 3 3 3 3 3 3 3 3 3 3 3 3 3 3 3 3 3 3 3 3 3 3 3 3 3 3 3 3 3 3 3 3 3 3 3 3 3 3 3 3 3 3 3 3 3 3 3 3 3 
						3 3 3 3 3 3 3 3 3 3 3 3 3 3 3 3 3 3 3 3 3 3 3 3 3 3 3 3 3 3 3 3 3 3 3 3 3 3 3 3 3 3 3 3 3 3 3 3 3 3 3 3 3 3 3 3 3 3 3 3 3 3 3 3 
						3 3 3 3 3 3 3 3 3 3 3 3 3 3 3 3 3 3 3 3 3 3 3 3 3 3 3 3 3 3 3 3 3 3 3 3 3 3 3 3 3 3 3 3 3 3 3 3 3 3 3 3 3 3 3 3 3 3 3 3 3 3 3 3 
						3 3 3 3 3 3 3 3 3 3 3 3 3 3 3 3 3 3 3 3 3 3 3 3 3 3 3 3 3 3 3 3 3 3 3 3 3 3 3 3 3 3 3 3 3 3 3 3 3 3 3 3 3 3 3 3 3 3 3 3 3 3 3 3 
						3 3 3 3 3 3 3 3 3 3 3 3 3 3 3 3 3 3 3 3 3 3 3 3 3 3 3 3 3 3 3 3 3 3 3 3 3 3 3 3 3 3 3 3 3 3 3 3 3 3 3 3 3 3 3 3 3 3 3 3 3 3 3 3 
						3 3 3 3 3 3 3 3 3 3 3 3 3 3 3 3 3 3 3 3 3 3 3 3 3 3 3 3 3 3 3 3 3 3 3 3 3 3 3 3 3 3 3 3 3 3 3 3 3 3 3 3 3 3 3 3 3 3 3 3 3 3 3 3 
						3 3 3 3 3 3 3 3 3 3 3 3 3 3 3 3 3 3 3 3 3 3 3 3 3 3 3 3 3 3 3 3 3 3 3 3 3 3 3 3 3 3 3 3 3 3 3 3 3 3 3 3 3 3 3 3 3 3 3 3 3 3 3 3 
						3 3 3 3 3 3 3 3 3 3 3 3 3 3 3 3 3 3 3 3 3 3 3 3 3 3 3 3 3 3 3 3 3 3 3 3 3 3 3 3 3 3 3 3 3 3 3 3 3 3 3 3 3 3 3 3 3 3 3 3 3 3 3 3 
						3 3 3 3 3 3 3 3 3 3 3 3 3 3 3 3 3 3 3 3 3 3 3 3 3 3 3 3 3 3 3 3 3 3 3 3 3 3 3 3 3 3 3 3 3 3 3 3 3 3 3 3 3 3 3 3 3 3 3 3 3 3 3 3 
						3 3 3 3 3 3 3 3 3 3 3 3 3 3 3 3 3 3 3 3 3 3 3 3 3 3 3 3 3 3 3 3 3 3 3 3 3 3 3 3 3 3 3 3 3 3 3 3 3 3 3 3 3 3 3 3 3 3 3 3 3 3 3 3 
						3 3 3 3 3 3 3 3 3 3 3 3 3 3 3 3 3 3 3 3 3 3 3 3 3 3 3 3 3 3 3 3 3 3 3 3 3 3 3 3 3 3 3 3 3 3 3 3 3 3 3 3 3 3 3 3 3 3 3 3 3 3 3 3 
						3 3 3 3 3 3 3 3 3 3 3 3 3 3 3 3 3 3 3 3 3 3 3 3 3 3 3 3 3 3 3 3 3 3 3 3 3 3 3 3 3 3 3 3 3 3 3 3 3 3 3 3 3 3 3 3 3 3 3 3 3 3 3 3 
						3 3 3 3 3 3 3 3 3 3 3 3 3 3 3 3 3 3 3 3 3 3 3 3 3 3 3 3 3 3 3 3 3 3 3 3 3 3 3 3 3 3 3 3 3 3 3 3 3 3 3 3 3 3 3 3 3 3 3 3 3 3 3 3 
						3 3 3 3 3 3 3 3 3 3 3 3 3 3 3 3 3 3 3 3 3 3 3 3 3 3 3 3 3 3 3 3 3 3 3 3 3 3 3 3 3 3 3 3 3 3 3 3 3 3 3 3 3 3 3 3 3 3 3 3 3 3 3 3 
						3 3 3 3 3 3 3 3 3 3 3 3 3 3 3 3 3 3 3 3 3 3 3 3 3 3 3 3 3 3 3 3 3 3 3 3 3 3 3 3 3 3 3 3 3 3 3 3 3 3 3 3 3 3 3 3 3 3 3 3 3 3 3 3 
						3 3 3 3 3 3 3 3 3 3 3 3 3 3 3 3 3 3 3 3 3 3 3 3 3 3 3 3 3 3 3 3 3 3 3 3 3 3 3 3 3 3 3 3 3 3 3 3 3 3 3 3 3 3 3 3 3 3 3 3 3 3 3 3 
						3 3 3 3 3 3 3 3 3 3 3 3 3 3 3 3 3 3 3 3 3 3 3 3 3 3 3 3 3 3 3 3 3 3 3 3 3 3 3 3 3 3 3 3 3 3 3 3 3 3 3 3 3 3 3 3 3 3 3 3 3 3 3 3 
						3 3 3 3 3 3 3 3 3 3 3 3 3 3 3 3 3 3 3 3 3 3 3 3 3 3 3 3 3 3 3 3 3 3 3 3 3 3 3 3 3 3 3 3 3 3 3 3 3 3 3 3 3 3 3 3 3 3 3 3 3 3 3 3 
						3 3 3 3 3 3 3 3 3 3 3 3 3 3 3 3 3 3 3 3 3 3 3 3 3 3 3 3 3 3 3 3 3 3 3 3 3 3 3 3 3 3 3 3 3 3 3 3 3 3 3 3 3 3 3 3 3 3 3 3 3 3 3 3 
						3 3 3 3 3 3 3 3 3 3 3 3 3 3 3 3 3 3 3 3 3 3 3 3 3 3 3 3 3 3 3 3 3 3 3 3 3 3 3 3 3 3 3 3 3 3 3 3 3 3 3 3 3 3 3 3 3 3 3 3 3 3 3 3 
						3 3 3 3 3 3 3 3 3 3 3 3 3 3 3 3 3 3 3 3 3 3 3 3 3 3 3 3 3 3 3 3 3 3 3 3 3 3 3 3 3 3 3 3 3 3 3 3 3 3 3 3 3 3 3 3 3 3 3 3 3 3 3 3 
						3 3 3 3 3 3 3 3 3 3 3 3 3 3 3 3 3 3 3 3 3 3 3 3 3 3 3 3 3 3 3 3 3 3 3 3 3 3 3 3 3 3 3 3 3 3 3 3 3 3 3 3 3 3 3 3 3 3 3 3 3 3 3 3 
						3 3 3 3 3 3 3 3 3 3 3 3 3 3 3 3 3 3 3 3 3 3 3 3 3 3 3 3 3 3 3 3 3 3 3 3 3 3 3 3 3 3 3 3 3 3 3 3 3 3 3 3 3 3 3 3 3 3 3 3 3 3 3 3 
						3 3 3 3 3 3 3 3 3 3 3 3 3 3 3 3 3 3 3 3 3 3 3 3 3 3 3 3 3 3 3 3 3 3 3 3 3 3 3 3 3 3 3 3 3 3 3 3 3 3 3 3 3 3 3 3 3 3 3 3 3 3 3 3 
						3 3 3 3 3 3 3 3 3 3 3 3 3 3 3 3 3 3 3 3 3 3 3 3 3 3 3 3 3 3 3 3 3 3 3 3 3 3 3 3 3 3 3 3 3 3 3 3 3 3 3 3 3 3 3 3 3 3 3 3 3 3 3 3 
						3 3 3 3 3 3 3 3 3 3 3 3 3 3 3 3 3 3 3 3 3 3 3 3 3 3 3 3 3 3 3 3 3 3 3 3 3 3 3 3 3 3 3 3 3 3 3 3 3 3 3 3 3 3 3 3 3 3 3 3 3 3 3 3 
						3 3 3 3 3 3 3 3 3 3 3 3 3 3 3 3 3 3 3 3 3 3 3 3 3 3 3 3 3 3 3 3 3 3 3 3 3 3 3 3 3 3 3 3 3 3 3 3 3 3 3 3 3 3 3 3 
					</vcount>
					<p>
						3 0 1 1 2 3 5 0 3 3 4 5 9 6 7 7 8 9 13 10 11 11 12 13 17 14 15 15 16 17 10 18 11 20 10 13 13 19 20 24 21 22 22 23 24 28 25 26 26 27 28 22 21 29 29 30 22 32 25 28 28 31 32 36 33 34 34 35 36 38 33 36 36 37 38 40 33 38 38 39 40 44 41 42 42 43 44 46 41 44 44 45 46 47 42 48 52 49 50 50 51 52 50 49 53 53 54 50 58 55 56 56 57 58 61 59 26 26 60 61 65 62 63 63 64 65 53 66 67 67 68 53 72 69 70 70 71 72 76 73 74 74 75 76 78 73 76 76 77 78 80 69 72 72 79 80 82 69 80 80 81 82 86 83 84 84 85 86 90 87 88 88 89 90 3 2 89 89 88 3 92 86 85 85 91 92 94 86 92 92 93 94 
						98 95 96 96 97 98 102 99 100 100 101 102 106 103 104 104 105 106 110 107 108 108 109 110 113 111 4 4 112 113 117 114 115 115 116 117 121 118 119 119 120 121 125 122 123 123 124 125 129 126 127 127 128 129 133 130 131 131 132 133 137 134 135 135 136 137 138 139 140 143 132 141 141 142 143 147 144 145 145 146 147 151 148 149 149 150 151 144 148 151 151 58 144 150 152 153 153 154 150 158 155 156 156 157 158 160 155 158 158 159 160 157 156 161 161 162 157 166 163 164 164 165 166 168 163 166 166 167 168 164 163 169 169 170 164 174 171 172 172 173 174 172 171 175 175 167 172 178 171 176 176 177 178 176 171 174 174 179 176 180 172 167 167 166 180 182 172 180 180 181 182 173 172 182 182 183 173 75 184 185 185 76 75 185 184 186 186 187 185 191 188 189 
						189 190 191 195 192 193 193 194 195 197 192 195 195 196 197 186 184 198 169 163 168 168 199 169 203 200 201 201 202 203 206 200 204 204 205 206 204 200 203 203 207 204 209 208 207 207 203 209 210 208 78 78 77 210 212 208 209 209 211 212 78 208 212 212 213 78 217 214 215 215 216 217 219 214 217 217 218 219 215 214 219 219 202 215 223 220 221 221 222 223 221 220 224 224 225 221 229 226 227 227 228 229 233 230 231 231 232 233 235 230 233 233 234 235 239 236 237 237 238 239 237 236 240 240 241 237 142 141 134 134 137 142 128 127 242 242 243 128 245 79 72 72 244 245 247 80 79 79 246 247 248 249 250 79 251 246 253 250 249 249 252 253 257 254 255 255 256 257 261 258 259 259 260 261 263 262 255 255 254 263 265 258 261 261 264 265 70 266 71 72 71 267 
						267 244 72 268 209 219 219 218 268 211 209 268 268 269 211 272 270 24 24 271 272 111 273 274 274 275 111 151 150 154 154 55 151 279 276 277 277 278 279 277 276 280 280 281 277 285 282 283 283 284 285 289 286 287 287 288 289 293 290 291 291 292 293 287 294 295 295 288 287 294 296 297 297 295 294 296 294 287 287 298 296 302 299 300 300 301 302 304 299 302 302 303 304 300 299 304 304 305 300 309 306 307 307 308 309 311 306 309 309 310 311 315 312 313 313 314 315 317 98 316 316 101 317 316 98 97 97 318 316 319 318 97 97 308 319 321 318 319 319 320 321 316 318 321 321 322 316 324 322 321 321 323 324 326 322 324 324 325 326 316 322 326 326 101 316 328 325 324 324 327 328 330 325 328 328 329 330 326 325 330 330 102 326 332 330 329 329 331 332 102 330 332 
						332 333 102 334 332 331 331 104 334 333 332 334 334 335 333 336 334 104 104 113 336 335 334 336 336 337 335 339 337 336 336 338 339 341 337 339 339 340 341 335 337 341 341 342 335 344 341 340 340 343 344 342 341 344 344 345 342 347 343 340 340 346 347 348 343 347 347 9 348 344 343 348 348 349 344 29 348 9 9 8 29 349 348 29 29 21 349 346 340 339 339 350 346 350 339 338 338 87 350 87 338 112 112 88 87 112 338 336 336 113 112 105 331 329 329 351 105 331 105 104 352 351 329 329 328 352 120 351 352 352 353 120 105 351 120 120 354 105 357 118 355 355 356 357 116 115 355 355 358 116 361 359 353 353 360 361 363 359 361 361 362 363 121 359 363 363 358 121 365 363 362 362 364 365 358 363 365 365 116 358 369 366 367 367 368 369 371 366 369 369 370 371 
						373 370 369 369 372 373 375 370 373 373 374 375 371 370 375 375 140 371 123 373 372 372 376 123 374 373 123 123 122 374 304 376 372 372 305 304 377 376 304 304 303 377 123 376 377 377 124 123 379 377 303 303 378 379 124 377 379 379 380 124 382 380 379 379 381 382 384 380 382 382 383 384 124 380 384 384 125 124 385 384 383 383 238 385 125 384 385 385 386 125 387 385 238 238 237 387 386 385 387 387 388 386 390 388 387 387 389 390 391 388 390 390 274 391 386 388 391 391 138 386 392 391 274 274 273 392 138 391 392 392 139 138 394 390 389 389 393 394 274 390 394 394 275 274 396 394 393 393 395 396 275 394 396 396 5 275 398 396 395 395 397 398 5 396 398 398 0 5 402 399 400 400 401 402 84 399 402 402 85 84 401 400 403 403 404 401 406 397 395 395 405 406 
						406 405 407 407 408 406 409 405 395 395 393 409 407 405 409 409 410 407 407 410 45 45 411 407 240 410 409 409 241 240 45 410 240 240 46 45 414 411 412 412 413 414 407 411 414 414 408 407 412 411 45 45 44 412 416 415 15 15 14 416 418 415 416 416 417 418 179 417 416 416 176 179 81 247 419 422 418 420 420 421 422 176 416 14 14 177 176 177 14 17 17 423 177 16 15 424 424 425 16 427 191 190 190 426 427 429 428 413 413 412 429 433 430 431 431 432 433 433 432 434 434 435 433 437 432 431 431 436 437 434 432 437 437 438 434 434 438 439 439 440 434 442 438 437 437 441 442 439 438 442 442 443 439 439 443 444 444 445 439 447 443 442 442 446 447 444 443 447 447 448 444 444 448 23 23 22 444 449 448 447 447 54 449 23 448 449 449 450 23 23 450 271 
						271 24 23 451 450 449 449 68 451 271 450 451 451 452 271 271 453 454 454 272 271 456 453 452 452 455 456 454 453 456 456 457 454 454 457 458 458 459 454 461 457 456 456 460 461 458 457 461 461 462 458 458 462 463 463 464 458 466 462 461 461 465 466 463 462 466 466 467 463 463 467 95 95 98 463 469 467 466 466 468 469 95 467 469 469 96 95 310 469 468 468 470 310 96 469 310 310 309 96 473 471 468 468 472 473 475 471 473 473 474 475 310 470 476 476 311 310 480 477 478 478 479 480 313 477 480 480 314 313 481 480 479 479 297 481 314 480 481 481 482 314 314 482 483 483 315 314 485 482 481 481 484 485 483 482 485 485 486 483 488 486 485 485 487 488 492 489 490 490 491 492 494 493 320 320 319 494 496 491 490 490 495 496 323 491 496 496 497 323 492 491 323 
						323 321 492 498 497 496 496 231 498 327 497 498 498 499 327 323 497 327 327 324 323 360 499 498 498 235 360 352 499 360 360 353 352 327 499 352 352 328 327 235 498 231 231 230 235 231 496 495 495 232 231 501 500 488 488 487 501 503 500 501 501 502 503 505 502 501 501 504 505 507 502 505 505 506 507 503 502 507 507 508 503 513 509 510 513 510 511 511 512 513 233 509 514 514 234 233 362 514 515 515 364 362 234 514 362 362 361 234 518 516 510 510 517 518 367 516 518 518 368 367 300 518 517 517 301 300 368 518 300 300 305 368 520 519 506 506 505 520 522 519 520 520 521 522 524 521 520 520 523 524 528 525 526 526 527 528 301 525 528 528 302 301 378 528 527 527 529 378 302 528 378 378 303 302 531 529 527 527 530 531 381 529 531 531 532 381 378 529 381 381 379 378 
						534 532 531 531 533 534 536 532 534 534 535 536 381 532 536 536 382 381 538 536 535 535 537 538 382 536 538 538 383 382 542 539 540 540 541 542 546 543 544 544 545 546 548 537 535 535 547 548 550 537 548 548 549 550 48 548 547 547 551 48 549 548 48 48 552 549 554 551 547 547 553 554 556 551 554 554 555 556 551 556 48 558 556 555 555 557 558 48 556 558 558 47 48 561 559 560 560 441 561 560 559 562 562 51 560 441 560 446 446 442 441 446 560 51 51 50 446 51 562 563 563 564 51 566 557 555 555 565 566 564 563 567 567 568 564 570 566 565 565 569 570 568 567 571 571 572 568 574 572 571 571 573 574 576 572 574 574 575 576 568 572 576 576 577 568 577 576 39 39 578 577 39 576 575 575 40 39 67 578 579 579 580 67 577 578 67 67 66 577 579 578 39 
						39 38 579 580 579 581 581 455 580 581 579 38 38 37 581 585 582 583 583 584 585 575 574 586 586 34 575 34 586 587 587 35 34 589 585 584 584 588 589 589 588 479 479 478 589 295 588 584 584 288 295 479 588 295 295 297 479 35 587 474 474 473 35 288 584 583 583 289 288 591 590 570 570 569 591 591 569 291 291 290 591 291 569 565 565 592 291 291 592 593 593 292 291 554 592 565 565 555 554 593 592 554 554 553 593 292 593 533 533 594 292 533 593 553 553 534 533 596 594 530 530 595 596 292 594 597 597 293 292 530 594 533 533 531 530 298 598 599 599 296 298 526 595 530 530 527 526 599 598 524 524 523 599 296 599 600 600 484 296 600 599 523 523 504 600 484 600 487 487 485 484 487 600 504 504 501 487 534 553 547 547 535 534 504 523 520 520 505 504 296 484 481 
						481 297 296 307 494 319 319 308 307 35 473 472 472 601 35 465 472 468 468 466 465 601 472 465 465 602 601 602 465 461 461 460 602 604 464 317 317 603 604 458 464 604 604 459 458 317 464 463 463 98 317 606 604 603 603 605 606 459 604 606 606 607 459 454 459 607 607 272 454 67 580 451 451 68 67 68 449 54 54 53 68 54 447 446 446 50 54 609 445 30 30 608 609 439 445 609 609 440 439 30 445 444 444 22 30 611 609 608 608 610 611 440 609 611 611 612 440 614 195 194 194 613 614 196 195 614 614 615 196 440 612 435 435 434 440 181 615 614 614 182 181 426 615 181 181 616 426 197 196 190 190 189 197 617 616 181 181 180 617 619 616 617 617 618 619 426 616 619 619 427 426 620 618 617 617 165 620 178 621 622 622 623 178 423 621 178 178 177 423 625 623 622 
						622 624 625 175 623 625 625 626 175 178 623 175 175 171 178 628 626 625 625 627 628 168 626 628 628 199 168 175 626 168 168 167 175 158 628 627 627 159 158 199 628 158 158 157 199 159 627 629 629 630 159 629 627 625 625 624 629 634 631 632 632 633 634 159 630 635 635 160 159 632 631 636 636 170 632 161 633 632 632 162 161 162 632 170 170 169 162 170 636 637 637 164 170 164 637 620 620 165 164 165 617 180 180 166 165 610 608 8 8 7 610 8 608 30 30 29 8 561 441 437 437 436 561 43 429 412 412 44 43 241 409 393 393 389 241 241 389 387 387 237 241 305 372 369 369 368 305 234 361 360 360 235 234 96 309 308 308 97 96 639 284 283 283 638 639 640 284 639 639 12 640 285 284 640 640 641 285 643 639 638 638 642 643 13 639 643 643 19 13 645 643 642 
						642 644 645 19 643 645 645 227 19 278 645 644 644 279 278 227 645 278 278 228 227 647 644 642 642 646 647 279 644 647 647 648 279 650 648 647 647 649 650 652 648 650 650 651 652 279 648 652 652 276 279 656 653 654 654 655 656 282 653 656 656 283 282 658 656 655 655 657 658 283 656 658 658 638 283 646 658 657 657 659 646 638 658 646 646 642 638 646 659 649 649 647 646 661 281 280 280 660 661 663 281 661 661 662 663 277 281 663 663 664 277 228 278 277 277 664 228 111 275 5 5 4 111 667 59 665 665 666 667 345 668 606 606 605 345 606 668 669 669 607 606 344 349 668 668 345 344 673 670 671 671 672 673 675 670 673 673 674 675 679 676 677 677 678 679 681 674 673 673 680 681 677 676 682 682 683 677 677 683 684 684 672 677 687 682 685 685 686 687 684 683 688 
						688 253 684 91 688 687 687 92 91 253 688 91 91 250 253 672 684 680 680 673 672 680 684 253 253 252 680 689 681 680 680 252 689 678 677 672 672 671 678 691 269 268 268 690 691 695 692 693 693 694 695 697 692 695 695 696 697 699 695 694 694 698 699 696 695 699 699 700 696 244 699 698 698 245 244 700 699 244 244 267 700 701 698 694 694 263 701 245 698 701 701 702 245 257 701 263 263 254 257 702 701 257 257 703 702 263 694 693 693 262 263 705 691 690 690 704 705 704 690 225 225 224 704 225 690 268 268 218 225 707 264 662 662 706 707 265 264 707 707 708 265 710 709 94 94 93 710 228 260 259 259 229 228 710 93 711 85 402 250 250 91 85 19 227 226 226 20 19 221 225 218 218 217 221 223 222 712 712 713 223 216 222 221 221 217 216 712 222 216 216 714 712 
						187 715 716 716 185 187 717 714 216 216 215 717 716 715 718 718 719 716 716 719 210 210 77 716 721 719 718 718 720 721 210 719 721 721 722 210 210 722 207 207 208 210 724 722 721 721 723 724 207 722 724 724 204 207 726 724 723 723 725 726 204 724 726 726 205 204 728 725 723 723 727 728 727 723 721 721 720 727 201 717 215 215 202 201 185 716 77 77 76 185 202 219 209 209 203 202 169 199 157 157 162 169 141 729 730 730 134 141 134 730 731 731 135 134 243 242 130 130 133 243 733 732 114 114 117 733 140 139 392 140 392 733 733 117 140 272 607 669 669 270 272 737 734 735 735 736 737 738 568 577 577 66 738 149 148 144 144 147 149 33 40 575 575 34 33 742 739 740 740 741 742 641 640 742 742 741 641 711 93 92 249 743 689 689 252 249 745 110 109 109 744 745 
						748 119 746 746 747 748 132 131 729 729 141 132 48 42 41 41 552 48 32 62 65 65 749 32 751 333 335 335 750 751 750 335 342 342 752 750 752 342 345 345 605 752 182 614 613 613 183 182 196 615 426 426 190 196 333 751 99 99 102 333 101 753 603 603 317 101 605 603 753 753 752 605 102 101 326 108 107 754 754 755 108 755 754 756 756 757 755 273 758 733 733 392 273 367 364 515 515 516 367 140 117 116 116 371 140 354 758 273 273 105 354 747 759 760 760 761 747 366 365 364 364 367 366 371 116 365 365 366 371 359 121 120 120 353 359 762 732 733 733 758 762 748 762 758 758 354 748 746 763 759 759 747 746 357 356 763 763 746 357 747 761 762 762 748 747 761 760 732 732 762 761 354 120 119 119 748 354 732 760 759 759 114 732 115 763 356 356 355 115 118 121 358 
						358 355 118 118 357 746 746 119 118 114 759 763 763 115 114 271 452 453 602 37 36 36 601 602 460 581 37 37 602 460 580 455 452 452 451 580 36 35 601 456 455 581 581 460 456 383 538 238 238 538 764 764 239 238 550 764 538 538 537 550 768 765 766 766 767 768 767 766 543 543 546 767 540 769 541 541 769 770 770 771 541 545 544 772 772 773 545 773 772 539 539 542 773 775 774 765 765 768 775 776 133 132 132 143 776 778 128 243 243 777 778 777 243 133 133 776 777 779 129 128 128 778 779 137 136 780 776 143 780 142 137 780 143 142 780 777 776 780 779 778 780 778 777 780 131 781 782 782 729 131 242 783 784 784 130 242 730 785 786 786 731 730 729 782 785 785 730 729 127 787 783 783 242 127 130 784 781 781 131 130 126 788 787 787 127 126 418 417 789 789 420 418 
						422 790 415 415 418 422 415 790 424 424 15 415 400 791 792 792 403 400 794 793 399 399 84 794 399 793 791 791 400 399 795 223 713 795 796 220 795 220 223 795 713 796 800 797 798 798 799 800 802 800 799 799 801 802 804 802 801 801 803 804 808 805 806 806 807 808 810 808 807 807 809 810 812 810 809 809 811 812 814 812 811 811 813 814 797 814 813 813 798 797 816 815 800 800 802 816 817 816 802 802 804 817 819 818 805 805 808 819 820 819 808 808 810 820 821 820 810 810 812 821 822 821 812 812 814 822 823 822 814 814 797 823 815 823 797 797 800 815 825 824 820 820 821 825 826 825 821 821 822 826 827 826 822 822 823 827 828 827 823 823 815 828 829 828 815 815 816 829 830 829 816 816 817 830 832 831 818 818 819 832 824 832 819 819 820 824 834 833 825 825 826 834 
						835 834 826 826 827 835 836 835 827 827 828 836 837 836 828 828 829 837 838 837 829 829 830 838 840 839 831 831 832 840 841 840 832 832 824 841 833 841 824 824 825 833 843 842 837 837 838 843 845 844 839 839 840 845 846 845 840 840 841 846 847 846 841 841 833 847 848 847 833 833 834 848 849 848 834 834 835 849 850 849 835 835 836 850 842 850 836 836 837 842 852 851 844 844 845 852 853 852 845 845 846 853 854 853 846 846 847 854 855 854 847 847 848 855 856 855 848 848 849 856 857 856 849 849 850 857 858 857 850 850 842 858 859 858 842 842 843 859 861 860 855 855 856 861 862 861 856 856 857 862 863 862 857 857 858 863 867 864 865 865 866 867 869 868 851 851 852 869 870 869 852 852 853 870 871 870 853 853 854 871 860 871 854 854 855 860 873 872 861 861 862 873 
						874 873 862 862 863 874 876 875 864 864 867 876 878 877 868 868 869 878 879 878 869 869 870 879 880 879 870 870 871 880 881 880 871 871 860 881 872 881 860 860 861 872 883 882 878 878 879 883 884 883 879 879 880 884 885 884 880 880 881 885 886 885 881 881 872 886 887 886 872 872 873 887 888 887 873 873 874 888 890 889 875 875 876 890 882 891 877 877 878 882 893 892 883 883 884 893 894 893 884 884 885 894 894 885 886 895 894 886 886 887 895 896 895 887 887 888 896 897 889 890 899 898 891 891 882 899 892 899 882 882 883 892 901 900 893 893 894 901 902 901 894 894 895 902 903 902 895 895 896 903 905 904 898 898 899 905 906 905 899 899 892 906 900 906 892 892 893 900 908 907 904 904 905 908 908 905 906 909 908 906 906 900 909 910 909 900 900 901 910 911 910 901 
						901 902 911 912 911 902 902 903 912 914 913 910 910 911 914 915 914 911 911 912 915 917 916 907 907 908 917 918 917 908 908 909 918 913 918 909 909 910 913 920 919 916 916 917 920 921 920 917 917 918 921 922 921 918 918 913 922 923 922 913 913 914 923 924 923 914 914 915 924 926 925 921 921 922 926 927 926 922 922 923 927 928 927 923 923 924 928 930 929 919 919 920 930 925 930 920 920 921 925 932 931 927 927 928 932 934 933 929 929 930 934 935 934 930 930 925 935 936 935 925 925 926 936 931 936 926 926 927 931 938 937 933 933 934 938 939 938 934 934 935 939 940 939 935 935 936 940 942 941 937 937 938 942 943 942 938 938 939 943 944 943 939 939 940 944 947 945 944 944 946 947 949 947 946 946 948 949 951 950 941 941 942 951 952 951 942 942 943 952 945 952 943 
						943 944 945 954 953 951 951 952 954 955 954 952 952 945 955 956 955 945 945 947 956 957 956 947 947 949 957 953 958 950 950 951 953 960 959 956 956 957 960 962 961 958 958 953 962 963 962 953 953 954 963 964 963 954 954 955 964 959 964 955 955 956 959 966 965 963 963 964 966 967 966 964 964 959 967 968 967 959 959 960 968 970 969 961 961 962 970 965 970 962 962 963 965 974 971 972 972 973 974 978 975 976 976 977 978 980 978 977 977 979 980 971 980 979 979 972 971 654 981 982 982 655 654 655 982 983 983 657 655 657 983 984 984 659 657 659 984 985 985 649 659 649 985 986 986 650 649 650 986 987 987 651 650 984 988 989 989 985 984 985 989 990 990 986 985 986 990 991 991 987 986 981 992 993 993 982 981 982 993 994 994 983 982 983 994 988 988 984 983 992 995 996 
						996 993 992 993 996 997 997 994 993 994 997 998 998 988 994 988 998 999 999 989 988 989 999 1000 1000 990 989 990 1000 1001 1001 991 990 999 1002 1003 1003 1000 999 1000 1003 1004 1004 1001 1000 995 1005 1006 1006 996 995 996 1006 1007 1007 997 996 997 1007 1008 1008 998 997 998 1008 1002 1002 999 998 1008 1009 1010 1010 1002 1008 1002 1010 1011 1011 1003 1002 1003 1011 1012 1012 1004 1003 1005 1013 1014 1014 1006 1005 1006 1014 1015 1015 1007 1006 1007 1015 1009 1009 1008 1007 1013 1016 1017 1017 1014 1013 1014 1017 1018 1018 1015 1014 1015 1018 1019 1019 1009 1015 1009 1019 1020 1020 1010 1009 1010 1020 1021 1021 1011 1010 1011 1021 1022 1022 1012 1011 1019 1023 1024 1024 1020 1019 1020 1024 1025 1025 1021 1020 1021 1025 1026 1026 1022 1021 1016 1027 1028 1028 1017 1016 1017 1028 1029 1029 1018 1017 1018 1029 1023 1023 1019 1018 1028 1030 1031 1031 1029 1028 1029 1031 1032 1032 1023 1029 1023 1032 1033 
						1033 1024 1023 1024 1033 1034 1034 1025 1024 1025 1034 1035 1035 1026 1025 1027 1036 1030 1030 1028 1027 1031 1037 1038 1038 1032 1031 1032 1038 1039 1039 1033 1032 1033 1039 1040 1040 1034 1033 1034 1040 1041 1041 1035 1034 1036 1042 1043 1043 1030 1036 1030 1043 1037 1037 1031 1030 1043 1044 1045 1045 1037 1043 1037 1045 1046 1046 1038 1037 1038 1046 1047 1047 1039 1038 1039 1047 1048 1048 1040 1039 1040 1048 1049 1049 1041 1040 1042 1050 1044 1044 1043 1042 1047 1051 1052 1052 1048 1047 1048 1052 1053 1053 1049 1048 1050 1054 1055 1055 1044 1050 1044 1055 1056 1056 1045 1044 1045 1056 1057 1057 1046 1045 1046 1057 1051 1051 1047 1046 1056 1058 1059 1059 1057 1056 1057 1059 1060 1060 1051 1057 1051 1060 1061 1061 1052 1051 1052 1061 1062 1062 1053 1052 1054 1063 1064 1064 1055 1054 1055 1064 1058 1058 1056 1055 1059 1065 1066 1066 1060 1059 1060 1066 1067 1067 1061 1060 1061 1067 1068 1068 1062 1061 1063 1069 1070 1070 1064 1063 1064 1070 1071 
						1071 1058 1064 1058 1071 1065 1065 1059 1058 1071 1072 1073 1073 1065 1071 1065 1073 1074 1074 1066 1065 1066 1074 1075 1075 1067 1066 1067 1075 1076 1076 1068 1067 1069 1077 1078 1078 1070 1069 1070 1078 1072 1072 1071 1070 1075 1079 1080 1080 1076 1075 1077 1081 1082 1082 1078 1077 1078 1082 1083 1083 1072 1078 1072 1083 1084 1084 1073 1072 1073 1084 1085 1085 1074 1073 1074 1085 1079 1079 1075 1074 1084 1086 1087 1087 1085 1084 1085 1087 1088 1088 1079 1085 1079 1088 1089 1089 1080 1079 1081 1090 1091 1091 1082 1081 1082 1091 1092 1092 1083 1082 1083 1092 1086 1086 1084 1083 1087 1093 1094 1094 1088 1087 1088 1095 1096 1096 1089 1088 1090 1097 1098 1098 1091 1090 1091 1098 1099 1099 1092 1091 1092 1099 1100 1100 1086 1092 1086 1100 1093 1093 1087 1086 725 1101 1102 1102 726 725 726 1102 1103 1103 205 726 205 1103 1104 1104 206 205 728 1105 1101 1101 725 728 1102 1106 1107 1107 1103 1102 1103 1107 1108 1108 1104 1103 1105 1109 1110 
						1110 1101 1105 1101 1110 1106 1106 1102 1101 1107 1111 1112 1112 1108 1107 1109 1113 1114 1114 1110 1109 1110 1114 1115 1115 1106 1110 1113 1116 1117 1117 1114 1113 1114 1117 1118 1118 1115 1114 1115 1118 1119 1119 1120 1115 1120 1119 1121 1121 1122 1120 1117 1123 1124 1124 1118 1117 1118 1124 1125 1125 1119 1118 1119 1125 1126 1126 1121 1119 1116 1127 1123 1123 1117 1116 1124 1128 1129 1129 1125 1124 1125 1129 1130 1130 1126 1125 1127 1131 1132 1132 1123 1127 1123 1132 1128 1128 1124 1123 1129 1133 1134 1134 1130 1129 1131 1135 1136 1136 1132 1131 1132 1136 1137 1137 1128 1132 1128 1137 1133 1133 1129 1128 1135 1138 1139 1139 1136 1135 1136 1139 1140 1140 1137 1136 1137 1140 1141 1141 1133 1137 1133 1141 1142 1142 1134 1133 1139 1143 1144 1144 1140 1139 1140 1144 1145 1145 1141 1140 1141 1145 1146 1146 1142 1141 1138 1147 1143 1143 1139 1138 1145 1148 1149 1149 1146 1145 1153 1150 1151 1151 1152 1153 1148 1154 1155 1155 1149 1148 1150 1156 1157 
						1157 1151 1150 1151 1157 1158 1158 1159 1151 1159 1158 1154 1154 1148 1159 1163 1160 1161 1161 1162 1163 1162 1164 1165 1165 1166 1162 1166 1165 1167 1167 1168 1166 1168 1167 1160 1160 1163 1168 1172 1169 1170 1170 1171 1172 1171 1170 1173 1173 1174 1171 1174 1175 1176 1176 1177 1174 1179 1178 1169 1169 1172 1179 1165 1180 1181 1181 1167 1165 1167 1181 1182 1182 1160 1167 1160 1182 1183 1183 1161 1160 1187 1184 1185 1185 1186 1187 1191 1188 1189 1189 1190 1191 1190 1189 1192 1192 1193 1190 1193 1192 1184 1184 1187 1193 1197 1194 1195 1195 1196 1197 1196 1195 1198 1198 1199 1196 1199 1198 1200 1200 1201 1199 1202 1200 1194 1194 1197 1202 676 1203 685 685 682 676 711 92 687 687 686 711 1204 1203 676 676 679 1204 688 683 682 682 687 688 87 90 1205 1205 350 87 1209 1206 1207 1207 1208 1209 228 664 260 261 663 662 662 264 261 260 664 663 663 261 260 1210 706 662 662 661 1210 83 1211 794 794 84 83 
						12 639 13 742 11 18 18 739 742 640 12 11 11 742 640 4 3 88 88 112 4 1215 1212 1213 1213 1214 1215 1214 1216 1217 1217 1216 1218 1218 1219 1217 1218 1220 1219 1220 1221 1222 1222 1223 1220 1223 1222 1224 1224 1225 1223 1225 1224 1226 1226 1227 1225 1231 1228 1229 1229 1230 1231 1230 1229 1232 1232 1233 1230 1233 1232 1234 1234 1235 1233 1235 1234 1236 1236 1237 1235 1237 1236 1212 1212 1215 1237 1224 1238 1239 1239 1226 1224 1228 1240 1241 1241 1229 1228 1229 1241 1242 1242 1232 1229 1232 1242 1243 1243 1234 1232 1234 1243 1244 1244 1236 1234 1236 1244 1245 1245 1212 1236 1212 1245 1246 1246 1213 1212 1213 1246 1247 1247 1248 1213 1248 1247 1249 1249 1250 1248 1250 1249 1251 1251 1221 1250 1221 1251 1252 1252 1222 1221 1222 1252 1238 1238 1224 1222 1246 1253 1254 1254 1247 1246 1247 1254 1255 1255 1249 1247 1249 1255 1256 1256 1251 1249 1251 1256 1257 1257 1252 1251 1252 1257 1258 1258 1238 1252 1238 1258 1259 
						1259 1239 1238 1240 1260 1261 1261 1241 1240 1241 1261 1262 1262 1242 1241 1242 1262 1263 1263 1243 1242 1243 1263 1264 1264 1244 1243 1244 1264 1265 1265 1245 1244 1245 1265 1253 1253 1246 1245 1266 1264 1263 1264 1266 1267 1267 1265 1264 1265 1267 1268 1268 1253 1265 1253 1268 1269 1269 1254 1253 1269 1255 1254 1255 1269 1270 1270 1256 1255 1256 1270 1271 1271 1257 1256 1257 1271 1272 1272 1258 1257 1258 1272 1273 1273 1259 1258 1274 1261 1260 1261 1274 1275 1275 1262 1261 1262 1275 1266 1266 1263 1262 1270 1276 1277 1277 1271 1270 1271 1277 1278 1278 1272 1271 1272 1278 1279 1279 1273 1272 1274 1280 1281 1281 1275 1274 1275 1281 1282 1282 1266 1275 1266 1282 1283 1283 1267 1266 1267 1283 1284 1284 1268 1267 1268 1284 1285 1285 1269 1268 1269 1285 1276 1276 1270 1269 1278 1286 1287 1287 1279 1278 1280 1288 1289 1289 1281 1280 1281 1289 1290 1290 1282 1281 1282 1290 1291 1291 1283 1282 1283 1291 1292 1292 1284 1283 1284 1292 1293 1293 1285 1284 
						1285 1293 1294 1294 1276 1285 1276 1294 1295 1295 1277 1276 1277 1295 1286 1286 1278 1277 1291 1296 1297 1297 1292 1291 1292 1297 1298 1298 1293 1292 1293 1298 1299 1299 1294 1293 1294 1299 1300 1300 1295 1294 1295 1300 1301 1301 1286 1295 1286 1301 1302 1302 1287 1286 1288 1303 1304 1304 1289 1288 1289 1304 1305 1305 1290 1289 1290 1305 1296 1296 1291 1290 1309 1306 1307 1307 1308 1309 1303 1310 1311 1311 1304 1303 1304 1311 1312 1312 1305 1304 1305 1312 1313 1313 1296 1305 1296 1313 1314 1314 1297 1296 1317 1315 1306 1306 1316 1317 1306 1309 1316 1320 1318 1319 1319 1315 1320 1319 1306 1315 1306 1319 1321 1321 1307 1306 1310 1322 1323 1323 1311 1310 1311 1323 1324 1324 1312 1311 1312 1324 1325 1325 1313 1312 1325 1314 1313 1314 1325 1318 1318 1320 1314 1319 1326 1327 1327 1321 1319 1322 1328 1329 1329 1323 1322 1323 1329 1330 1330 1324 1323 1324 1330 1331 1331 1325 1324 1325 1331 1332 1332 1318 1325 1318 1332 1326 1326 1319 1318 1329 1333 1334 
						1334 1330 1329 1330 1334 1335 1335 1331 1330 1331 1335 1336 1336 1332 1331 1332 1336 1337 1337 1326 1332 1326 1337 1338 1338 1327 1326 1328 1339 1333 1333 1329 1328 1334 1340 1341 1341 1335 1334 1335 1341 1342 1342 1336 1335 1336 1342 1343 1343 1337 1336 1337 1343 1344 1344 1338 1337 1339 1345 1346 1346 1333 1339 1333 1346 1340 1340 1334 1333 1346 1347 1348 1348 1340 1346 1340 1348 1349 1349 1341 1340 1341 1349 1350 1350 1342 1341 1342 1350 1351 1351 1343 1342 1343 1351 1352 1352 1344 1343 1345 1353 1347 1347 1346 1345 1350 1354 1355 1355 1351 1350 1351 1355 1356 1356 1352 1351 1353 1357 1358 1358 1347 1353 1347 1358 1359 1359 1348 1347 1348 1359 1360 1360 1349 1348 1349 1360 1354 1354 1350 1349 1359 1361 1362 1362 1360 1359 1360 1362 1363 1363 1354 1360 1354 1363 1364 1364 1355 1354 1355 1364 1365 1365 1356 1355 1357 1366 1367 1367 1358 1357 1358 1367 1361 1361 1359 1358 1362 1368 1369 1369 1363 1362 1363 1369 1370 1370 1364 1363 1364 1370 1371 
						1371 1365 1364 1366 1372 1373 1373 1367 1366 1367 1373 1374 1374 1361 1367 1361 1374 1368 1368 1362 1361 1374 1375 1376 1376 1368 1374 1368 1376 1377 1377 1369 1368 1369 1377 1378 1378 1370 1369 1370 1378 1379 1379 1371 1370 1372 1380 1381 1381 1373 1372 1373 1381 1375 1375 1374 1373 1378 1382 1383 1383 1379 1378 1380 1383 1384 1384 1381 1380 1381 1384 1385 1385 1375 1381 1375 1385 1386 1386 1376 1375 1376 1386 1387 1387 1377 1376 1377 1387 1382 1382 1378 1377 1391 1388 1389 1389 1390 1391 1395 1392 1393 1393 1394 1395 1394 1393 1396 1396 1397 1394 1397 1396 1388 1388 1391 1397 1399 1398 671 671 670 1399 1400 1399 670 670 675 1400 1402 1401 1204 1204 679 1402 1403 1402 679 679 678 1403 1398 1403 678 678 671 1398 1405 1404 1401 1401 1402 1405 1407 1406 1403 1403 1398 1407 1408 1407 1398 1398 1399 1408 1409 1408 1399 1399 1400 1409 1413 1410 1411 1411 1412 1413 1415 1413 1412 1412 1414 1415 1417 1415 1414 1414 1416 1417 1410 1418 1419 
						1419 1411 1410 1421 1420 1415 1415 1417 1421 1423 1422 1418 1418 1410 1423 1424 1423 1410 1410 1413 1424 1420 1424 1413 1413 1415 1420 1426 1425 1423 1423 1424 1426 1427 1426 1424 1424 1420 1427 1428 1427 1420 1420 1421 1428 1425 1429 1422 1422 1423 1425 1431 1430 1406 1406 1407 1431 1432 1431 1407 1407 1408 1432 1433 1432 1408 1408 1409 1433 1437 1434 1435 1435 1436 1437 1430 1437 1436 1436 1406 1430 1439 1438 1432 1432 1433 1439 1441 1440 1434 1434 1437 1441 1442 1441 1437 1437 1430 1442 1443 1442 1430 1430 1431 1443 1438 1443 1431 1431 1432 1438 1445 1444 1441 1441 1442 1445 1446 1445 1442 1442 1443 1446 1447 1446 1443 1443 1438 1447 1448 1447 1438 1438 1439 1448 1444 1449 1440 1440 1441 1444 1451 1450 1445 1445 1446 1451 1452 1451 1446 1446 1447 1452 1453 1452 1447 1447 1448 1453 1455 1454 1449 1449 1444 1455 1450 1455 1444 1444 1445 1450 1457 1456 1455 1455 1450 1457 1458 1457 1450 1450 1451 1458 1459 1458 1451 1451 1452 1459 1460 1459 1452 
						1452 1453 1460 1456 1461 1454 1454 1455 1456 1463 1462 1461 1461 1456 1463 1464 1463 1456 1456 1457 1464 1465 1464 1457 1457 1458 1465 1466 1465 1458 1458 1459 1466 1467 1466 1459 1459 1460 1467 1469 1468 1465 1465 1466 1469 1469 1466 1467 1471 1470 1462 1462 1463 1471 1472 1471 1463 1463 1464 1472 1468 1472 1464 1464 1465 1468 1474 1473 1471 1471 1472 1474 1475 1474 1472 1472 1468 1475 1476 1475 1468 1468 1469 1476 1473 1477 1470 1470 1471 1473 1479 1478 1475 1475 1476 1479 1481 1480 1477 1477 1473 1481 1482 1481 1473 1473 1474 1482 1478 1482 1474 1474 1475 1478 1484 1483 1478 1478 1479 1484 1486 1485 1480 1480 1481 1486 1487 1486 1481 1481 1482 1487 1483 1487 1482 1482 1478 1483 1489 1488 1483 1483 1484 1489 1488 1490 1487 1487 1483 1488 1492 1491 1488 1488 1489 1492 1495 1492 1493 1493 1494 1495 1496 1495 1494 1494 1490 1496 1491 1496 1490 1490 1488 1491 1500 1497 1498 1498 1499 1500 1499 1498 1501 1501 1502 1499 1502 1501 1503 1503 1504 1502 
						1506 1505 1497 1497 1500 1506 1144 1143 1191 1186 1152 1151 1151 1187 1186 1187 1151 1159 1159 1193 1187 1159 1148 1193 1193 1148 1145 1145 1190 1193 1190 1145 1144 1144 1191 1190 1185 1184 1192 1192 1189 1185 1158 1157 1179 1179 1172 1158 1154 1158 1172 1154 1172 1180 1180 1165 1154 1155 1154 1165 1165 1164 1155 1157 1156 1507 1157 1507 1508 1508 1179 1157 1182 1174 1177 1177 1183 1182 1181 1171 1174 1174 1182 1181 1180 1172 1171 1171 1181 1180 1170 1169 1178 1178 1173 1170 1166 1168 1163 1163 1162 1166 1195 1194 1200 1200 1198 1195 1510 1509 696 696 700 1510 1511 1510 700 700 267 1511 1512 1511 267 267 71 1512 1513 1512 71 71 266 1513 1517 1514 1515 1515 1516 1517 1518 1517 1516 1516 697 1518 1509 1518 697 697 696 1509 1520 1519 1512 1512 1513 1520 1522 1521 1514 1514 1517 1522 1523 1522 1517 1517 1518 1523 1524 1523 1518 1518 1509 1524 1525 1524 1509 1509 1510 1525 1526 1525 1510 1510 1511 1526 1519 1526 1511 1511 1512 1519 
						1528 1527 1519 1519 1520 1528 1530 1529 1521 1521 1522 1530 1531 1530 1522 1522 1523 1531 1532 1531 1523 1523 1524 1532 1533 1532 1524 1524 1525 1533 1534 1533 1525 1525 1526 1534 1527 1534 1526 1526 1519 1527 1536 1535 1532 1532 1533 1536 1537 1536 1533 1533 1534 1537 1538 1537 1534 1534 1527 1538 1539 1538 1527 1527 1528 1539 1541 1540 1529 1529 1530 1541 1542 1541 1530 1530 1531 1542 1535 1542 1531 1531 1532 1535 1544 1543 1542 1542 1535 1544 1545 1544 1535 1535 1536 1545 1546 1545 1536 1536 1537 1546 1547 1546 1537 1537 1538 1547 1548 1547 1538 1538 1539 1548 1550 1549 1540 1540 1541 1550 1543 1550 1541 1541 1542 1543 1552 1551 1549 1549 1550 1552 1553 1552 1550 1550 1543 1553 1554 1553 1543 1543 1544 1554 1555 1554 1544 1544 1545 1555 1556 1555 1545 1545 1546 1556 1557 1556 1546 1546 1547 1557 1558 1557 1547 1547 1548 1558 1560 1559 1555 1555 1556 1560 1561 1560 1556 1556 1557 1561 1562 1561 1557 1557 1558 1562 1564 1563 1551 1551 1552 1564 
						1565 1564 1552 1552 1553 1565 1566 1565 1553 1553 1554 1566 1559 1566 1554 1554 1555 1559 1568 1567 1566 1566 1559 1568 1569 1568 1559 1559 1560 1569 1570 1569 1560 1560 1561 1570 1571 1570 1561 1561 1562 1571 1573 1572 1563 1563 1564 1573 1574 1573 1564 1564 1565 1574 1567 1574 1565 1565 1566 1567 1576 1575 1568 1568 1569 1576 1577 1576 1569 1569 1570 1577 1578 1577 1570 1570 1571 1578 1580 1579 1572 1572 1573 1580 1581 1580 1573 1573 1574 1581 1582 1581 1574 1574 1567 1582 1575 1582 1567 1567 1568 1575 1584 1583 1579 1579 1580 1584 1585 1584 1580 1580 1581 1585 1586 1585 1581 1581 1582 1586 1587 1586 1582 1582 1575 1587 1588 1587 1575 1575 1576 1588 1589 1588 1576 1576 1577 1589 1590 1589 1577 1577 1578 1590 1592 1591 1588 1588 1589 1592 1593 1592 1589 1589 1590 1593 1595 1594 1583 1583 1584 1595 1596 1595 1584 1584 1585 1596 1597 1596 1585 1585 1586 1597 1598 1597 1586 1586 1587 1598 1591 1598 1587 1587 1588 1591 1602 1599 1600 1600 1601 1602 
						1604 1602 1601 1601 1603 1604 1603 1605 1606 1604 1603 1606 1608 1606 1605 1605 1607 1608 1610 1609 1604 1604 1606 1610 1611 1610 1606 1606 1608 1611 1613 1612 1599 1599 1602 1613 1609 1613 1602 1602 1604 1609 1615 1614 1612 1612 1613 1615 1616 1615 1613 1613 1609 1616 1617 1616 1609 1609 1610 1617 1618 1617 1610 1610 1611 1618 1620 1619 1616 1616 1617 1620 1621 1620 1617 1617 1618 1621 1623 1622 1614 1614 1615 1623 1619 1623 1615 1615 1616 1619 1625 1624 1622 1622 1623 1625 1629 1626 1627 1627 1628 1629 1632 1630 1631 1631 1626 1632 1633 1632 1626 1626 1629 1633 1635 1634 1624 1624 1625 1635 1630 1635 1625 1625 1631 1630 1637 1636 1634 1634 1635 1637 1638 1637 1635 1635 1630 1638 1639 1638 1630 1630 1632 1639 1640 1639 1632 1632 1633 1640 1642 1641 1638 1638 1639 1642 1643 1642 1639 1639 1640 1643 1645 1644 1636 1636 1637 1645 1641 1645 1637 1637 1638 1641 1649 1646 1647 1647 1648 1649 1648 1647 1650 1650 1651 1648 1655 1652 1653 1653 1654 1655 
						1654 1653 1646 1646 1649 1654 1647 1656 1657 1657 1650 1647 1652 1657 1658 1658 1653 1652 1653 1658 1659 1659 1646 1653 1646 1659 1656 1656 1647 1646 1663 1660 1661 1661 1662 1663 1665 1663 1662 1662 1664 1665 1667 1665 1664 1664 1666 1667 1669 1667 1666 1666 1668 1669 1671 1670 1665 1665 1667 1671 1672 1671 1667 1667 1669 1672 1674 1673 1660 1660 1663 1674 1670 1674 1663 1663 1665 1670 1676 1675 1673 1673 1674 1676 1677 1676 1674 1674 1670 1677 1678 1677 1670 1670 1671 1678 1679 1678 1671 1671 1672 1679 1681 1680 1677 1677 1678 1681 1682 1681 1678 1678 1679 1682 1684 1683 1675 1675 1676 1684 1680 1684 1676 1676 1677 1680 1686 1685 1683 1683 1684 1686 1687 1686 1684 1684 1680 1687 1688 1687 1680 1680 1681 1688 1685 1688 1681 1681 1682 1685 1692 1689 1690 1690 1691 1692 1694 1692 1691 1691 1693 1694 1698 1695 1696 1696 1697 1698 1689 1698 1697 1697 1690 1689 1700 1699 1692 1692 1694 1700 1702 1701 1695 1695 1698 1702 1703 1702 1698 1698 1689 1703 
						1699 1703 1689 1689 1692 1699 1705 1704 1701 1701 1702 1705 1706 1705 1702 1702 1703 1706 1707 1706 1703 1703 1699 1707 1708 1707 1699 1699 1700 1708 1710 1709 1706 1706 1707 1710 1711 1710 1707 1707 1708 1711 1713 1712 1709 1709 1710 1713 1714 1713 1710 1710 1711 1714 1717 1714 1715 1715 1716 1717 1712 1717 1716 1716 1709 1712 1721 1718 1719 1719 1720 1721 1723 1721 1720 1720 1722 1723 1725 1723 1722 1722 1724 1725 1718 1725 1724 1724 1726 1718 161 1727 1728 1728 633 161 635 1729 1730 1730 160 635 160 1730 1731 1731 155 160 155 1731 1732 1732 156 155 156 1732 1727 1727 161 156 1731 1733 1734 1734 1732 1731 1732 1734 1735 1735 1727 1732 1727 1735 1736 1736 1728 1727 1728 1736 1737 1737 1738 1728 1729 1739 1740 1740 1730 1729 1730 1740 1733 1733 1731 1730 1734 1741 1742 1742 1735 1734 1735 1742 1743 1743 1736 1735 1736 1743 1744 1744 1737 1736 1739 1745 1746 1746 1740 1739 1740 1746 1747 1747 1733 1740 1733 1747 1741 1741 1734 1733 
						1749 1748 546 546 545 1749 1750 1749 545 545 773 1750 1751 1750 773 773 542 1751 1752 1751 542 542 541 1752 1753 1752 541 541 771 1753 1755 1754 775 775 768 1755 1756 1755 768 768 767 1756 1748 1756 767 767 546 1748 1760 1757 1758 1758 1759 1760 1764 1761 1762 1762 1763 1764 1763 1762 1765 1765 1766 1763 1766 1765 1767 1767 1768 1766 1770 1769 27 27 667 1770 1771 1770 667 667 666 1771 1775 1772 1773 1773 1774 1775 1776 1775 1774 1774 31 1776 1777 1776 31 31 28 1777 1769 1777 28 28 27 1769 1779 1778 1776 1776 1777 1779 1780 1779 1777 1777 1769 1780 1781 1780 1769 1769 1770 1781 1782 1781 1770 1770 1771 1782 1784 1783 1772 1772 1775 1784 1778 1784 1775 1775 1776 1778 1786 1785 1779 1779 1780 1786 1787 1786 1780 1780 1781 1787 1788 1787 1781 1781 1782 1788 1790 1789 1783 1783 1784 1790 1791 1790 1784 1784 1778 1791 1785 1791 1778 1778 1779 1785 1793 1792 1791 1791 1785 1793 1794 1793 1785 1785 1786 1794 
						1795 1794 1786 1786 1787 1795 1796 1795 1787 1787 1788 1796 1798 1797 1789 1789 1790 1798 1792 1798 1790 1790 1791 1792 1802 1799 1800 1800 1801 1802 1806 1803 1804 1804 1805 1806 1805 1804 1807 1807 1808 1805 1808 1807 1809 1809 1810 1808 1814 1811 1812 1812 1813 1814 1818 1815 1816 1816 1817 1818 1820 1818 1817 1817 1819 1820 1811 1820 1819 1819 1812 1811 1824 1821 1822 1822 1823 1824 1826 1824 1823 1823 1825 1826 1828 1826 1825 1825 1827 1828 1830 1829 1826 1826 1828 1830 1832 1830 1828 1828 1831 1832 1835 1833 1834 1834 1821 1835 1836 1835 1821 1821 1824 1836 1829 1836 1824 1824 1826 1829 1838 1837 1833 1833 1835 1838 1839 1838 1835 1835 1836 1839 1840 1839 1836 1836 1829 1840 1841 1840 1829 1829 1830 1841 1842 1841 1830 1830 1832 1842 1844 1843 1838 1838 1839 1844 1845 1844 1839 1839 1840 1845 1846 1845 1840 1840 1841 1846 1847 1846 1841 1841 1842 1847 1843 1848 1837 1837 1838 1843 1852 1849 1850 1850 1851 1852 1854 1852 1851 1851 1853 1854 
						1856 1854 1853 1853 1855 1856 1860 1857 1858 1858 1859 1860 757 1861 1862 1862 755 757 755 1862 1863 1863 108 755 108 1863 1864 1864 109 108 109 1864 1865 1865 744 109 744 1865 1866 1866 1867 744 1862 1868 1869 1869 1863 1862 1863 1869 1870 1870 1864 1863 1864 1870 1871 1871 1865 1864 1865 1871 1872 1872 1866 1865 1861 1873 1868 1868 1862 1861 1877 1874 1875 1875 1876 1877 1876 1875 1878 1878 1879 1876 1879 1878 1880 1880 1881 1879 1881 1880 1882 1882 1883 1881 1883 1882 1884 1884 1885 1883 1889 1886 1887 1887 1888 1889 1888 1887 1890 1890 1891 1888 1891 1890 1892 1892 1893 1891 1873 1889 1888 1888 1868 1873 1868 1888 1891 1891 1869 1868 1869 1891 1893 1893 1870 1869 1870 1893 1894 1894 1871 1870 1871 1894 1895 1895 1872 1871 1899 1896 1897 1897 1898 1899 1898 1897 1900 1900 1901 1898 1905 1902 1903 1903 1904 1905 1904 1903 1896 1896 1899 1904 1903 1906 1907 1907 1896 1903 1896 1907 1908 1908 1897 1896 1897 1908 1909 1909 1900 1897 
						1902 1910 1906 1906 1903 1902 1666 1664 1747 1747 1746 1666 1668 1666 1746 1746 1745 1668 1662 1661 1744 1744 1743 1662 1664 1662 1743 1743 1742 1664 1742 1741 1747 1747 1664 1742 633 1728 1911 1911 1912 633 1912 1911 1691 1691 1690 1912 634 633 1912 1912 1913 634 1913 1912 1690 1690 1697 1913 1915 634 1913 1913 1914 1915 1914 1913 1697 1697 1696 1914 1728 1738 1916 1916 1911 1728 1911 1916 1693 1693 1691 1911 1706 1709 1917 1917 1918 1706 1918 1917 1722 1722 1720 1918 1705 1706 1918 1918 1919 1705 1919 1918 1720 1720 1719 1919 1704 1705 1919 1919 1920 1704 1919 1719 1920 1715 1921 1922 1922 1923 1715 1923 1922 1726 1726 1724 1923 1716 1715 1923 1923 1924 1716 1924 1923 1724 1724 1722 1924 1709 1716 1924 1924 1917 1709 1924 1722 1917 1717 1712 1713 1713 1714 1717 1725 1718 1721 1721 1723 1725 1688 1685 1686 1686 1687 1688 1598 1591 1605 1605 1603 1598 1597 1598 1603 1603 1601 1597 1597 1601 1596 1595 1596 1601 1601 1600 1595 1595 1600 1594 
						1592 1593 1607 1607 1605 1592 1592 1605 1591 1429 1425 1426 1426 1427 1429 1926 1631 1625 1625 1925 1926 1926 1925 1648 1925 1625 1623 1623 1927 1925 1648 1925 1927 1927 1649 1648 1927 1623 1619 1619 1928 1927 1649 1927 1928 1928 1654 1649 1928 1619 1620 1620 1929 1928 1654 1928 1929 1929 1655 1654 1931 1627 1626 1626 1930 1931 1651 1931 1930 1930 1648 1651 1930 1626 1631 1631 1926 1930 1930 1926 1648 1657 1656 1659 1659 1658 1657 1645 1641 1642 1642 1644 1645 1487 1932 1504 1504 1486 1487 1498 1497 1505 1505 1501 1498 1496 1491 1492 1492 1495 1496 1932 1487 1490 1490 1933 1932 1504 1932 1933 1933 1502 1504 1933 1490 1494 1494 1934 1933 1502 1933 1934 1934 1499 1502 1494 1493 1935 1494 1935 1934 1499 1934 1935 1935 1500 1499 1935 1493 1936 1936 1937 1935 1500 1935 1937 1937 1506 1500 1485 1486 1504 1504 1938 1485 1403 1406 1414 1414 1412 1403 1402 1403 1412 1412 1411 1402 1405 1402 1411 1411 1419 1405 1406 1436 1416 1416 1414 1406 1383 1382 1387 
						1383 1387 1386 1383 1386 1385 1385 1384 1383 1392 1388 1396 1396 1393 1392 1320 1394 1939 1320 1939 1314 1941 1315 1317 1317 1940 1941 1394 1941 1940 1940 1395 1394 1943 1299 1298 1298 1942 1943 1390 1943 1942 1942 1391 1390 1942 1298 1297 1297 1944 1942 1391 1942 1944 1944 1397 1391 1944 1297 1314 1314 1939 1944 1397 1944 1939 1939 1394 1397 1315 1941 1394 1394 1320 1315 948 946 977 977 1945 948 940 936 1946 1946 1947 940 1947 1946 972 972 979 1947 944 940 1947 1947 1948 944 1948 1947 979 979 977 1948 980 971 974 974 978 980 944 1948 977 977 946 944 1950 948 1945 1945 1949 1950 1949 1945 977 977 976 1949 1954 1951 1952 1952 1953 1954 1953 1952 973 973 972 1953 932 1955 972 972 931 932 936 931 972 972 1946 936 970 965 966 970 966 967 967 968 970 1094 1093 1100 1094 1100 1099 1094 1099 1098 1098 1097 1094 1957 1956 1813 1813 1812 1957 1958 1957 1812 1812 1819 1958 1959 1958 1819 1819 1817 1959 
						1962 1960 1961 1961 1798 1962 1798 1961 1963 1963 1797 1798 1805 1964 1965 1965 1806 1805 1964 1793 1959 1959 1965 1964 1965 1959 1817 1817 1966 1965 1962 1798 1792 1792 1967 1962 1810 1962 1967 1967 1808 1810 1967 1792 1793 1793 1964 1967 1808 1967 1964 1964 1805 1808 1806 1965 1966 1966 1801 1806 1801 1966 1968 1968 1802 1801 1969 1960 1962 1962 1810 1969 1971 1817 1816 1816 1970 1971 1968 1966 1817 1817 1971 1968 1793 1794 1958 1958 1959 1793 1794 1795 1957 1957 1958 1794 1795 1796 1956 1956 1957 1795 1801 1800 1803 1803 1806 1801 1810 1809 1972 1972 1969 1810 1800 1973 1809 1800 1809 1807 1800 1807 1804 1804 1803 1800 1820 1811 1815 1815 1818 1820 1847 1974 1844 1847 1844 1845 1845 1846 1847 1875 1874 1882 1875 1882 1880 1880 1878 1875 1976 1883 1885 1885 1975 1976 1892 1881 1883 1883 1976 1892 1890 1879 1881 1881 1892 1890 1887 1876 1879 1879 1890 1887 1886 1877 1876 1876 1887 1886 1895 1894 1977 1977 1978 1895 1977 1901 1978 1975 1979 1980 
						1980 1981 1975 1981 1980 1905 1905 1904 1981 1976 1975 1981 1981 1982 1976 1982 1981 1904 1904 1899 1982 1892 1976 1982 1982 1983 1892 1982 1899 1983 1893 1892 1983 1983 1984 1893 1984 1983 1899 1899 1898 1984 1894 1893 1984 1984 1977 1894 1977 1984 1898 1898 1901 1977 1910 1985 1986 1986 1906 1910 1908 1987 1988 1988 1909 1908 1907 1989 1987 1987 1908 1907 1906 1986 1989 1989 1907 1906 1989 1986 1985 1985 1987 1989 1991 1107 1106 1106 1990 1991 1199 1991 1990 1990 1196 1199 1990 1106 1115 1115 1992 1990 1196 1990 1992 1992 1197 1196 1992 1115 1120 1120 1993 1992 1197 1992 1993 1993 1202 1197 1994 1111 1107 1107 1991 1994 1201 1994 1991 1991 1199 1201 1995 113 104 104 103 1995 1996 111 113 113 1995 1996 105 273 1997 1997 106 105 273 111 1996 1996 1997 273 744 1867 1998 1998 745 744 1759 1758 1761 1761 1764 1759 1764 1751 1752 1752 1759 1764 1759 1752 1753 1753 1760 1759 1768 1754 1755 1755 1766 1768 1756 1766 1755 1766 1756 1748 
						1748 1763 1766 1749 1763 1748 1763 1749 1750 1750 1764 1763 1751 1764 1750 1999 1767 1765 1999 1765 1762 1762 1761 1999 31 1774 62 62 32 31 59 61 2000 2000 665 59 62 1774 1773 1773 63 62 59 667 27 27 26 59 749 2001 25 25 32 749 25 2001 60 60 26 25 774 2002 2003 2003 765 774 772 2004 2005 2005 539 772 544 2006 2004 2004 772 544 769 2007 2008 2008 770 769 540 2009 2007 2007 769 540 766 2010 2011 2011 543 766 765 2003 2010 2010 766 765 543 2011 2006 2006 544 543 539 2005 2009 2009 540 539 248 250 402 402 401 248 251 79 245 245 702 251 2012 421 420 789 2013 2012 2012 420 789 417 179 789 247 81 80 404 248 401 246 251 2014 419 247 246 246 2014 419 257 256 703 1216 1248 1250 1250 1218 1216 1214 1213 1248 1248 1216 1214 1218 1250 1221 1221 1220 1218 1206 2015 1207 661 660 2015 2015 1210 661 2017 660 280 280 2016 2017 280 276 2016 
						1207 2015 660 660 2017 1207 2020 1822 2018 2018 2019 2020 2019 2018 1851 1851 1850 2019 2024 2021 2022 2022 2023 2024 2022 1859 2023 1828 1827 2023 2023 2025 1828 2025 2023 1859 1859 1858 2025 1831 1828 2025 2025 2026 1831 2025 1858 2026 1821 1834 2027 2027 2028 1821 2028 2027 1855 1855 1853 2028 1822 1821 2028 2028 2018 1822 2018 2028 1853 1853 1851 2018 1856 2029 1852 1852 1854 1856 2024 2023 1827 101 100 753 52 568 738 151 55 58 2033 2030 2031 2031 2032 2033 736 735 2034 2034 2035 736 55 154 2036 2036 56 55 2038 2034 2036 2036 2037 2038 145 144 58 58 57 145 2032 2031 734 734 737 2032 153 2037 2036 2036 154 153 2031 145 57 57 734 2031 2039 2035 2034 2034 2038 2039 735 56 2036 2036 2034 735 2030 146 145 145 2031 2030 734 57 56 56 735 734 564 568 52 51 564 52 
					</p>
				</polylist>
			</mesh>
		</geometry>
	</library_geometries>
	<library_visual_scenes>
		<visual_scene id="RootNode" name="RootNode">
			<node id="Tree_009" name="Tree_009">
				<matrix>1.000000 0.000000 0.000000 6013.674316 0.000000 1.000000 0.000000 0.000000 0.000000 -0.000000 1.000000 0.000000 0.000000 0.000000 0.000000 1.000000</matrix>
				<instance_geometry url="#meshId0">
					<bind_material>
						<technique_common>
							<instance_material symbol="defaultMaterial" target="#Tree" />
						</technique_common>
					</bind_material>
				</instance_geometry>
			</node>
		</visual_scene>
	</library_visual_scenes>
	<scene>
		<instance_visual_scene url="#RootNode" />
	</scene>
</COLLADA>
